{
  "type": "minecraft:archaeology",
  "pools": [
    {
      "rolls": 1,
      "entries": [
        {
          "type": "minecraft:item",
          "name": "minecraft:bundle",
          "functions": [
            {
              "function": "minecraft:set_contents",
              "component": "minecraft:bundle_contents",
              "entries": [
                {
                  "type": "minecraft:item",
                  "name": "minecraft:coarse_dirt",
                  "functions": [
                    {
                      "function": "minecraft:set_count",
                      "count": {
                        "type": "minecraft:uniform",
                        "min": 1,
                        "max": 5
                      }
                    },
					{
					  "function": "minecraft:set_components",
					  "components": {
						"minecraft:damage_resistant": {
						  "types": "#mc_overhaul:is_fire_except_lava"
						}
					  }
					}
                  ]
                },
                {
                  "type": "minecraft:item",
                  "name": "minecraft:clay_ball",
                  "functions": [
                    {
                      "function": "minecraft:set_count",
                      "count": {
                        "type": "minecraft:uniform",
                        "min": 5,
                        "max": 15
                      }
                    }
                  ]
                }
              ]
            }
          ]
        },
        {
          "type": "minecraft:item",
          "name": "minecraft:glass_bottle"
        },
        {
          "type": "minecraft:item",
          "name": "minecraft:glass"
        },
        {
          "type": "minecraft:item",
          "name": "minecraft:glass_pane",
          "functions": []
        }
      ]
    }
  ]
}