{
  "type": "minecraft:archaeology",
  "pools": [
    {
      "rolls": 1,
      "entries": [
        {
          "type": "minecraft:item",
		  "weight": 2,
          "name": "minecraft:bundle",
          "functions": [
            {
              "function": "minecraft:set_contents",
              "component": "minecraft:bundle_contents",
              "entries": [
                {
                  "type": "minecraft:loot_table",
                  "value": {
                    "type": "minecraft:generic",
                    "pools": [
                      {
                        "rolls": 1,
                        "entries": [
                          {
                            "type": "minecraft:item",
                            "name": "minecraft:coal",
                            "functions": [
                              {
                                "function": "minecraft:set_count",
                                "count": {
                                  "type": "minecraft:uniform",
                                  "min": 5,
                                  "max": 15
                                }
                              }
                            ]
                          },
                          {
                            "type": "minecraft:empty"
                          }
                        ]
                      },
                      {
                        "rolls": 1,
                        "entries": [
                          {
                            "type": "minecraft:item",
                            "name": "minecraft:clay_ball",
                            "functions": [
                              {
                                "function": "minecraft:set_count",
                                "count": {
                                  "type": "minecraft:uniform",
                                  "min": 5,
                                  "max": 15
                                }
                              }
                            ]
                          },
                          {
                            "type": "minecraft:empty"
                          }
                        ]
                      },
                      {
                        "rolls": 1,
                        "entries": [
                          {
                            "type": "minecraft:empty"
                          },
                          {
                            "type": "minecraft:item",
                            "name": "minecraft:coarse_dirt",
                            "functions": [
                              {
                                "function": "minecraft:set_count",
                                "count": {
                                  "type": "minecraft:uniform",
                                  "min": 1,
                                  "max": 5
                                }
                              }
                            ]
                          }
                        ]
                      }
                    ]
                  }
                }
              ]
            }
          ]
        },
		{
          "type": "minecraft:item",
		  "weight": 2,
          "name": "minecraft:chain",
          "functions": [
            {
              "function": "minecraft:set_components",
              "components": {
				"minecraft:damage_resistant": {
                  "types": "#mc_overhaul:is_fire_except_lava"
                }
              }
            }
          ]
        },
		{
          "type": "minecraft:item",
		  "weight": 3,
          "name": "minecraft:coal"
        },
		{
          "type": "minecraft:item",
          "name": "minecraft:clay",
          "weight": 3
        },
		{
          "type": "minecraft:item",
          "name": "minecraft:coarse_dirt",
          "weight": 3
        },
		{
          "type": "minecraft:item",
          "name": "minecraft:wheat_seeds",
          "weight": 2
        },
		{
          "type": "minecraft:item",
		  "weight": 3,
          "name": "minecraft:dead_bush"
        },
		{
          "type": "minecraft:item",
		  "weight": 3,
          "name": "minecraft:stick"
        },
        {
          "type": "minecraft:item",
		  "weight": 2,
          "name": "minecraft:poisonous_potato",
          "functions": [
            {
              "function": "minecraft:set_components",
              "components": {
                "minecraft:custom_model_data": {
                  "strings": [
                    "glass_fragment"
                  ]
                },
                "!minecraft:consumable": {},
                "minecraft:item_name": {
                  "translate": "item.mc_overhaul.glass_fragment"
                }
              }
            }
          ]
        }
      ]
    }
  ]
}