{
  "condition": "minecraft:all_of",
  "terms": [
    {
      "condition": "minecraft:location_check",
      "predicate": {
        "biomes": "minecraft:mangrove_swamp"
      }
    },
    {
      "condition": "minecraft:inverted",
      "term": {
        "condition": "minecraft:any_of",
        "terms": [
		  {
		    "condition": "minecraft:entity_properties",
		    "entity": "this",
		    "predicate": {
		  	  "nbt": "{Variant:234882305}"
		    }
		  },
		  {
		    "condition": "minecraft:entity_properties",
		    "entity": "this",
		    "predicate": {
		  	  "nbt": "{Variant:67108865}"
		    }
		  }
		]
      }
    }
  ]
}