{
  "condition": "minecraft:all_of",
  "terms": [
    {
      "condition": "minecraft:location_check",
      "predicate": {
        "biomes": "minecraft:warm_ocean"
      }
    },
    {
      "condition": "minecraft:any_of",
      "terms": [
        {
          "condition": "minecraft:entity_properties",
          "entity": "this",
          "predicate": {
            "nbt": "{Variant:67110144}"
          }
        },
		{
          "condition": "minecraft:entity_properties",
          "entity": "this",
          "predicate": {
            "nbt": "{Variant:234882305}"
          }
        },
		{
          "condition": "minecraft:entity_properties",
          "entity": "this",
          "predicate": {
            "nbt": "{Variant:67108865}"
          }
        },
		{
          "condition": "minecraft:entity_properties",
          "entity": "this",
          "predicate": {
            "nbt": "{Variant:50726144}"
          }
        },
		{
          "condition": "minecraft:entity_properties",
          "entity": "this",
          "predicate": {
            "nbt": "{Variant:918529}"
          }
        },
		{
          "condition": "minecraft:entity_properties",
          "entity": "this",
          "predicate": {
            "nbt": "{Variant:118161664}"
          }
        },
		{
          "condition": "minecraft:entity_properties",
          "entity": "this",
          "predicate": {
            "nbt": "{Variant:235340288}"
          }
        }
      ]
    }
  ]
}