{
  "function": "minecraft:set_components",
  "components": {
    "minecraft:damage_resistant": {
      "types": "#mc_overhaul:is_fire_except_lava"
    },
    "minecraft:blocks_attacks": {
      "block_delay_seconds": 0.1,
      "disable_cooldown_scale": 0.6,
      "block_sound": "minecraft:block.copper.place",
      "disabled_sound": "minecraft:block.anvil.land",
      "bypassed_by": "#mc_overhaul:bypasses_sword"
    },
    "minecraft:attribute_modifiers": [
      {
        "type": "minecraft:attack_damage",
        "id": "minecraft:base_attack_damage",
        "amount": 3,
        "operation": "add_value",
        "slot": "mainhand"
      },
      {
        "type": "minecraft:attack_speed",
        "id": "minecraft:base_attack_speed",
        "amount": -2.5,
        "operation": "add_value",
        "slot": "mainhand"
      }
    ]
  }
}