{
  "function": "minecraft:set_components",
  "components": {
    "minecraft:damage_resistant": {
      "types": "#mc_overhaul:is_fire_except_lava"
    },
    "minecraft:blocks_attacks": {
      "block_delay_seconds": 0.2,
      "disable_cooldown_scale": 0.4,
      "block_sound": "minecraft:block.copper.place",
      "disabled_sound": "minecraft:block.anvil.land",
      "bypassed_by": "#mc_overhaul:bypasses_sword"
    },
	"minecraft:custom_data": {
	  "sharpen_cutoff": 60
	},
	"minecraft:max_damage": 220
  }
}