{
  "function": "minecraft:set_components",
  "components": {
    "minecraft:damage_resistant": {
      "types": "#mc_overhaul:is_fire_except_lava"
    },
    "minecraft:custom_data": {
      "sharpen_cutoff": 60
    },
    "minecraft:max_damage": 220,
    "minecraft:attribute_modifiers": [
      {
        "type": "minecraft:attack_damage",
        "id": "minecraft:base_attack_damage",
        "amount": 2,
        "operation": "add_value",
        "slot": "mainhand"
      },
      {
        "type": "minecraft:attack_speed",
        "id": "minecraft:base_attack_speed",
        "amount": -2.7,
        "operation": "add_value",
        "slot": "mainhand"
      }
    ]
  }
}