{
  "function": "minecraft:set_components",
  "components": {
    "minecraft:damage_resistant": {
      "types": "#mc_overhaul:is_fire_except_lava"
    },
    "minecraft:attribute_modifiers": [
      {
        "type": "minecraft:attack_damage",
        "id": "minecraft:base_attack_damage",
        "amount": 7,
        "operation": "add_value",
        "slot": "mainhand"
      },
      {
        "type": "minecraft:attack_speed",
        "id": "minecraft:base_attack_speed",
        "amount": -3.3,
        "operation": "add_value",
        "slot": "mainhand"
      }
    ]
  }
}