{
  "function": "minecraft:sequence",
  "functions": [
    {
      "function": "minecraft:set_item",
      "item": "minecraft:poisonous_potato"
    },
    {
      "function": "minecraft:set_components",
      "components": {
        "minecraft:custom_model_data": {
          "strings": [
            "spyglass_frame"
          ]
        },
		"minecraft:custom_data": {
		  "type": "spyglass_frame"
		},
        "minecraft:item_name": {
          "translate": "item.mc_overhaul.spyglass_frame"
        },
        "!minecraft:consumable": {}
      }
    }
  ]
}