{
  "description": {
    "translate": "enchantment.mc_overhaul.heavenly_crash"
  },
  "exclusive_set": "#minecraft:exclusive_set/damage",
  "supported_items": "#minecraft:enchantable/mace",
  "weight": 10,
  "max_level": 3,
  "min_cost": {
    "base": 15,
    "per_level_above_first": 9
  },
  "max_cost": {
    "base": 45,
    "per_level_above_first": 9
  },
  "anvil_cost": 10,
  "slots": [
    "mainhand"
  ],
  "effects": {
    "minecraft:attributes": [
      {
        "attribute": "minecraft:jump_strength",
        "id": "mc_overhaul:heavenly_crash",
        "amount": {
          "type": "minecraft:linear",
          "base": 0.52,
          "per_level_above_first": 1
        },
        "operation": "add_multiplied_base"
      }
    ]
  }
}