{
	"credit": "Made with Blockbench",
	"texture_size": [32, 16],
	"textures": {
		"0": "mc_overhaul:item/compendium_icons/bestiary/allay",
		"particle": "minecraft:item/emerald"
	},
	"elements": [
		{
			"name": "head",
			"from": [5.5, 6, 5.5],
			"to": [10.5, 11, 10.5],
			"rotation": {"angle": 0, "axis": "y", "origin": [8, 0, 8]},
			"faces": {
				"north": {"uv": [2.5, 5, 5, 10], "texture": "#0"},
				"east": {"uv": [0, 5, 2.5, 10], "texture": "#0"},
				"south": {"uv": [0, 0, 2.5, 5], "texture": "#0"},
				"west": {"uv": [0, 0, 2.5, 5], "texture": "#0"},
				"up": {"uv": [2.5, 0, 5, 5], "texture": "#0"},
				"down": {"uv": [0, 0, 2.5, 5], "texture": "#0"}
			}
		},
		{
			"name": "body",
			"from": [6.5, 2, 7],
			"to": [9.5, 6, 9],
			"rotation": {"angle": 0, "axis": "y", "origin": [8, 0, 8]},
			"faces": {
				"north": {"uv": [6.5, 0, 8, 4], "texture": "#0"},
				"east": {"uv": [8, 0, 9.5, 4], "texture": "#0"},
				"south": {"uv": [8, 0, 9.5, 4], "texture": "#0"},
				"west": {"uv": [8, 0, 9.5, 4], "texture": "#0"},
				"up": {"uv": [9.5, 4, 8, 0], "texture": "#0"},
				"down": {"uv": [9.5, 0, 8, 4], "texture": "#0"}
			}
		},
		{
			"name": "body",
			"from": [6.7, 1.2, 7.2],
			"to": [9.3, 5.8, 8.8],
			"rotation": {"angle": 0, "axis": "y", "origin": [8, 0, 8]},
			"faces": {
				"north": {"uv": [6.5, 6, 8, 11], "texture": "#0"},
				"east": {"uv": [6.5, 4, 8, 6], "texture": "#0"},
				"south": {"uv": [6.5, 4, 8, 6], "texture": "#0"},
				"west": {"uv": [6.5, 4, 8, 6], "texture": "#0"},
				"up": {"uv": [6.5, 4, 8, 6], "texture": "#0"},
				"down": {"uv": [6.5, 4, 8, 6], "texture": "#0"}
			}
		},
		{
			"name": "right_arm",
			"from": [11.8, 1.6, 7],
			"to": [12.8, 5.6, 9],
			"rotation": {"angle": 22.5, "axis": "z", "origin": [10.3, -0.4, 8]},
			"faces": {
				"north": {"uv": [6, 0, 6.5, 4], "texture": "#0"},
				"east": {"uv": [5, 0, 6, 4], "texture": "#0"},
				"south": {"uv": [8, 0, 9, 2], "texture": "#0"},
				"west": {"uv": [8, 0, 9, 2], "texture": "#0"},
				"up": {"uv": [9, 2, 8, 0], "texture": "#0"},
				"down": {"uv": [9, 0, 8, 2], "texture": "#0"}
			}
		},
		{
			"name": "left_arm",
			"from": [3.2, 1.6, 7],
			"to": [4.2, 5.6, 9],
			"rotation": {"angle": -22.5, "axis": "z", "origin": [5.7, -0.4, 8]},
			"faces": {
				"north": {"uv": [6, 6, 6.5, 10], "texture": "#0"},
				"east": {"uv": [5, 6, 6, 10], "texture": "#0"},
				"south": {"uv": [5, 4, 6, 6], "texture": "#0"},
				"west": {"uv": [5, 4, 6, 6], "texture": "#0"},
				"up": {"uv": [6, 6, 5, 4], "texture": "#0"},
				"down": {"uv": [6, 4, 5, 6], "texture": "#0"}
			}
		},
		{
			"name": "left_wing",
			"from": [7.5, 0, 9],
			"to": [7.5, 5, 17],
			"rotation": {"angle": 0, "axis": "y", "origin": [8, 0, 8]},
			"faces": {
				"north": {"uv": [8, 2, 12, 5], "texture": "#0"},
				"east": {"uv": [8, 5, 12, 10], "texture": "#0"},
				"south": {"uv": [8, 2, 12, 5], "texture": "#0"},
				"west": {"uv": [8, 2, 12, 5], "texture": "#0"},
				"up": {"uv": [8, 2, 12, 5], "texture": "#0"},
				"down": {"uv": [8, 2, 12, 5], "texture": "#0"}
			}
		},
		{
			"name": "right_wing",
			"from": [8.5, 0, 9],
			"to": [8.5, 5, 17],
			"rotation": {"angle": 0, "axis": "y", "origin": [8, 0, 8]},
			"faces": {
				"north": {"uv": [8, 2, 12, 5], "texture": "#0"},
				"east": {"uv": [8, 5, 12, 10], "texture": "#0"},
				"south": {"uv": [8, 2, 12, 5], "texture": "#0"},
				"west": {"uv": [8, 2, 12, 5], "texture": "#0"},
				"up": {"uv": [8, 2, 12, 5], "texture": "#0"},
				"down": {"uv": [8, 2, 12, 5], "texture": "#0"}
			}
		}
	],
	"gui_light": "front",
	"display": {
		"gui": {
			"rotation": [20, -140, 0],
			"translation": [1, 1.5, 0],
			"scale": [1.3, 1.3, 1.3]
		}
	},
	"groups": [
		{
			"name": "head",
			"origin": [8, 6, 8],
			"color": 0,
			"children": [0]
		},
		{
			"name": "body",
			"origin": [8, 6, 8],
			"color": 0,
			"children": [1, 2]
		},
		{
			"name": "right_arm",
			"origin": [9.75, 5.5, 8],
			"color": 0,
			"children": [3]
		},
		{
			"name": "left_arm",
			"origin": [6.25, 5.5, 8],
			"color": 0,
			"children": [4]
		},
		{
			"name": "left_wing",
			"origin": [7.5, 6, 9],
			"color": 0,
			"children": [5]
		},
		{
			"name": "right_wing",
			"origin": [8.5, 6, 9],
			"color": 0,
			"children": [6]
		}
	]
}