{
	"credit": "Made with Blockbench",
	"textures": {
		"0": "mc_overhaul:item/compendium_icons/bestiary/anemone_fish",
		"particle": "minecraft:item/emerald"
	},
	"elements": [
		{
			"name": "body",
			"from": [5.998, 2.2, 1.4],
			"to": [10.002, 14.212, 13.412],
			"rotation": {"angle": 0, "axis": "y", "origin": [8, 2.2, 1.4]},
			"faces": {
				"north": {"uv": [6, 6, 8, 12], "texture": "#0"},
				"east": {"uv": [0, 6, 6, 12], "texture": "#0"},
				"south": {"uv": [8, 0, 9, 12], "texture": "#0"},
				"west": {"uv": [8, 0, 9, 12], "texture": "#0"},
				"up": {"uv": [8, 6, 6, 0], "texture": "#0"},
				"down": {"uv": [8, 0, 9, 12], "texture": "#0"}
			}
		},
		{
			"name": "right_fin",
			"from": [14.732, 2.2, 7.406],
			"to": [18.736, 6.204, 7.406],
			"rotation": {"angle": -45, "axis": "y", "origin": [12.73, 2.2, 1.4]},
			"faces": {
				"north": {"uv": [0, 0, 2, 2], "texture": "#0"},
				"east": {"uv": [2, 0, 6, 2], "texture": "#0"},
				"south": {"uv": [2, 0, 6, 2], "texture": "#0"},
				"west": {"uv": [2, 0, 6, 2], "texture": "#0"},
				"up": {"uv": [2, 0, 6, 2], "texture": "#0"},
				"down": {"uv": [2, 0, 6, 2], "texture": "#0"}
			}
		},
		{
			"name": "fin_top",
			"from": [8, 14.212, 1.4],
			"to": [8, 22.22, 13.412],
			"rotation": {"angle": 0, "axis": "y", "origin": [8, 2.2, 1.4]},
			"faces": {
				"north": {"uv": [2, 0, 6, 2], "texture": "#0"},
				"east": {"uv": [0, 2, 6, 6], "texture": "#0"},
				"south": {"uv": [2, 0, 6, 2], "texture": "#0"},
				"west": {"uv": [2, 0, 6, 2], "texture": "#0"},
				"up": {"uv": [2, 0, 6, 2], "texture": "#0"},
				"down": {"uv": [2, 0, 6, 2], "texture": "#0"}
			}
		},
		{
			"name": "tail",
			"from": [8, 2.2, 13.412],
			"to": [8, 14.212, 23.422],
			"rotation": {"angle": 0, "axis": "y", "origin": [8, 2.2, 1.4]},
			"faces": {
				"north": {"uv": [8, 6, 13, 12], "texture": "#0"},
				"east": {"uv": [8, 0, 13, 6], "texture": "#0"},
				"south": {"uv": [8, 6, 13, 12], "texture": "#0"},
				"west": {"uv": [8, 6, 13, 12], "texture": "#0"},
				"up": {"uv": [8, 6, 13, 12], "texture": "#0"},
				"down": {"uv": [8, 6, 13, 12], "texture": "#0"}
			}
		}
	],
	"gui_light": "front",
	"display": {
		"gui": {
			"rotation": [20, -140, 0],
			"translation": [1.25, -1, 0]
		}
	}
}