{
	"credit": "Made with Blockbench",
	"texture_size": [64, 32],
	"textures": {
		"0": "mc_overhaul:item/compendium_icons/bestiary/armadillo",
		"particle": "minecraft:item/emerald"
	},
	"elements": [
		{
			"name": "head_rotation",
			"from": [6.5, -1.2, -2.4],
			"to": [9.5, 3.8, -0.4],
			"rotation": {"angle": 22.5, "axis": "x", "origin": [8, -2.2, 5.6]},
			"faces": {
				"north": {"uv": [10.5, 7.5, 11.25, 10], "texture": "#0"},
				"east": {"uv": [10, 7.5, 10.5, 10], "texture": "#0"},
				"south": {"uv": [10, 6.25, 10.5, 7.5], "texture": "#0"},
				"west": {"uv": [10, 6.25, 10.5, 7.5], "texture": "#0"},
				"up": {"uv": [10.5, 6.5, 11.25, 7.5], "texture": "#0"},
				"down": {"uv": [10.5, 6.25, 10, 7.25], "texture": "#0"}
			}
		},
		{
			"name": "left_ear_cube",
			"from": [1.5, 4, 0.4],
			"to": [3.5, 9, 0.4],
			"rotation": {"angle": -22.5, "axis": "y", "origin": [5, 0, 8]},
			"faces": {
				"north": {"uv": [11, 4, 11.5, 6.5], "texture": "#0"},
				"east": {"uv": [11.5, 4, 12, 6.25], "texture": "#0"},
				"south": {"uv": [11.5, 4, 12, 6.25], "texture": "#0"},
				"west": {"uv": [11.5, 4, 12, 6.25], "texture": "#0"},
				"up": {"uv": [12, 4, 11.5, 6], "texture": "#0"},
				"down": {"uv": [12, 4, 11.5, 6], "texture": "#0"}
			}
		},
		{
			"name": "right_ear_cube",
			"from": [12.5, 4, 0.4],
			"to": [14.5, 9, 0.4],
			"rotation": {"angle": 22.5, "axis": "y", "origin": [11, 0, 8]},
			"faces": {
				"north": {"uv": [10, 4, 10.5, 6.5], "texture": "#0"},
				"east": {"uv": [10.5, 4, 11, 6.25], "texture": "#0"},
				"south": {"uv": [10.5, 4, 11, 6.25], "texture": "#0"},
				"west": {"uv": [10.5, 4, 11, 6.25], "texture": "#0"},
				"up": {"uv": [11, 6, 10.5, 4], "texture": "#0"},
				"down": {"uv": [11, 4, 10.5, 6], "texture": "#0"}
			}
		},
		{
			"name": "body",
			"from": [3.7, 1.7, 1.7],
			"to": [12.3, 10.3, 14.3],
			"rotation": {"angle": 0, "axis": "y", "origin": [8, 0, 8]},
			"faces": {
				"north": {"uv": [3, 6, 5, 10], "texture": "#0"},
				"east": {"uv": [0, 6, 3, 10], "texture": "#0"},
				"south": {"uv": [0.75, 1.5, 3, 6], "texture": "#0"},
				"west": {"uv": [0.75, 1.5, 3, 6], "texture": "#0"},
				"up": {"uv": [3, 0, 5, 6], "texture": "#0"},
				"down": {"uv": [0.75, 6, 3, 1.5], "rotation": 270, "texture": "#0"}
			}
		},
		{
			"name": "body",
			"from": [4, 2, 2],
			"to": [12, 10, 14],
			"rotation": {"angle": 0, "axis": "y", "origin": [8, 0, 8]},
			"faces": {
				"north": {"uv": [8, 6, 10, 10], "texture": "#0"},
				"east": {"uv": [5, 6, 8, 10], "texture": "#0"},
				"south": {"uv": [5, 3, 7, 6], "texture": "#0"},
				"west": {"uv": [5, 3, 7, 6], "texture": "#0"},
				"up": {"uv": [7, 6, 5, 3], "texture": "#0"},
				"down": {"uv": [7, 3, 5, 6], "texture": "#0"}
			}
		},
		{
			"name": "front_left_leg",
			"from": [5, 0, 3],
			"to": [7, 3, 5],
			"rotation": {"angle": 0, "axis": "y", "origin": [8, 0, 8]},
			"faces": {
				"north": {"uv": [12, 7, 12.5, 8.5], "texture": "#0"},
				"east": {"uv": [12, 8.5, 12.5, 10], "texture": "#0"},
				"south": {"uv": [12, 7.25, 12.5, 8.5], "texture": "#0"},
				"west": {"uv": [12, 7.25, 12.5, 8.5], "texture": "#0"},
				"up": {"uv": [12.5, 8.25, 12, 7.25], "texture": "#0"},
				"down": {"uv": [12.5, 7.25, 12, 8.25], "texture": "#0"}
			}
		},
		{
			"name": "front_right_leg",
			"from": [9, 0, 3],
			"to": [11, 3, 5],
			"rotation": {"angle": 0, "axis": "y", "origin": [8, 0, 8]},
			"faces": {
				"north": {"uv": [13.5, 8.5, 14, 10], "texture": "#0"},
				"east": {"uv": [13, 8.5, 13.5, 10], "texture": "#0"},
				"south": {"uv": [13.5, 7.75, 14, 8.5], "texture": "#0"},
				"west": {"uv": [13.5, 7.75, 14, 8.5], "texture": "#0"},
				"up": {"uv": [14, 8.25, 13.5, 7.75], "texture": "#0"},
				"down": {"uv": [14, 7.75, 13.5, 8.25], "texture": "#0"}
			}
		},
		{
			"name": "back_right_leg",
			"from": [9, 0, 11],
			"to": [11, 3, 13],
			"rotation": {"angle": 0, "axis": "y", "origin": [8, 0, 8]},
			"faces": {
				"north": {"uv": [13.5, 8.5, 14, 10], "texture": "#0"},
				"east": {"uv": [13, 8.5, 13.5, 10], "texture": "#0"},
				"south": {"uv": [13.5, 7.75, 14, 8.5], "texture": "#0"},
				"west": {"uv": [13.5, 7.75, 14, 8.5], "texture": "#0"},
				"up": {"uv": [14, 8.25, 13.5, 7.75], "texture": "#0"},
				"down": {"uv": [14, 7.75, 13.5, 8.25], "texture": "#0"}
			}
		},
		{
			"name": "tail",
			"from": [7.5, -1.61355, 15.89326],
			"to": [8.5, 4.38645, 16.89326],
			"rotation": {"angle": -22.5, "axis": "x", "origin": [8, -1.7, 10.8]},
			"faces": {
				"north": {"uv": [11.25, 13.5, 11.5, 15], "texture": "#0"},
				"east": {"uv": [11, 13.5, 11.25, 15], "texture": "#0"},
				"south": {"uv": [11.75, 13.5, 12, 15], "texture": "#0"},
				"west": {"uv": [11.5, 13.5, 11.75, 15], "texture": "#0"},
				"up": {"uv": [11.5, 13.5, 11.25, 13.25], "texture": "#0"},
				"down": {"uv": [11.75, 13.25, 11.5, 13.5], "texture": "#0"}
			}
		}
	],
	"gui_light": "front",
	"display": {
		"gui": {
			"rotation": [20, -140, 0],
			"translation": [0, 2.25, 0]
		}
	},
	"groups": [
		{
			"name": "head",
			"origin": [8, 5, 1],
			"color": 0,
			"children": [
				{
					"name": "head_rotation",
					"origin": [8, 5, 1],
					"color": 0,
					"children": [0]
				}
			]
		},
		{
			"name": "left_ear_cube",
			"origin": [6.5, 6, 0.4],
			"color": 0,
			"children": [1]
		},
		{
			"name": "right_ear_cube",
			"origin": [9.5, 6, 0.4],
			"color": 0,
			"children": [2]
		},
		{
			"name": "body",
			"origin": [8, 3, 12],
			"color": 0,
			"children": [3, 4]
		},
		{
			"name": "front_left_leg",
			"origin": [6, 3, 4],
			"color": 0,
			"children": [5]
		},
		{
			"name": "front_right_leg",
			"origin": [10, 3, 4],
			"color": 0,
			"children": [6]
		},
		{
			"name": "back_right_leg",
			"origin": [10, 3, 12],
			"color": 0,
			"children": [7]
		},
		{
			"name": "tail",
			"origin": [8, 6, 13],
			"color": 0,
			"children": [8]
		}
	]
}