{
	"credit": "Made with Blockbench",
	"texture_size": [64, 16],
	"textures": {
		"0": "mc_overhaul:item/compendium_icons/bestiary/axolotl",
		"particle": "minecraft:item/emerald"
	},
	"elements": [
		{
			"name": "head",
			"from": [4, 4, -2],
			"to": [12, 9, 3],
			"rotation": {"angle": 0, "axis": "y", "origin": [8, 0, 8]},
			"faces": {
				"north": {"uv": [1.25, 6, 3.25, 11], "texture": "#0"},
				"east": {"uv": [0, 6, 1.25, 11], "texture": "#0"},
				"south": {"uv": [0, 1.5, 1.25, 5.75], "texture": "#0"},
				"west": {"uv": [0, 1.5, 1.25, 5.75], "texture": "#0"},
				"up": {"uv": [1.25, 1, 3.25, 6], "texture": "#0"},
				"down": {"uv": [1.25, 1.25, 0, 5.5], "texture": "#0"}
			}
		},
		{
			"name": "top_gills",
			"from": [4, 9, 2],
			"to": [12, 12, 2],
			"rotation": {"angle": 0, "axis": "y", "origin": [8, 0, 8]},
			"faces": {
				"north": {"uv": [5.75, 8, 7.75, 11], "texture": "#0"},
				"east": {"uv": [5.75, 5.25, 7.75, 7], "texture": "#0"},
				"south": {"uv": [5.75, 5.25, 7.75, 8], "texture": "#0"},
				"west": {"uv": [5.75, 5.25, 7.75, 7], "texture": "#0"},
				"up": {"uv": [7.75, 5.25, 5.75, 7.25], "texture": "#0"},
				"down": {"uv": [7.75, 5.25, 5.75, 7.25], "texture": "#0"}
			}
		},
		{
			"name": "left_gills",
			"from": [12, 4, 2],
			"to": [15, 11, 2],
			"rotation": {"angle": 0, "axis": "y", "origin": [8, 0, 8]},
			"faces": {
				"north": {"uv": [9, 6, 8.25, 13], "texture": "#0"},
				"east": {"uv": [8.25, 13.25, 9, 16], "texture": "#0"},
				"south": {"uv": [8.25, 13.25, 9, 16], "texture": "#0"},
				"west": {"uv": [8.25, 13.25, 9, 16], "texture": "#0"},
				"up": {"uv": [9, 14, 8.25, 16], "texture": "#0"},
				"down": {"uv": [9, 14, 8.25, 16], "texture": "#0"}
			}
		},
		{
			"name": "right_gills",
			"from": [1, 4, 2],
			"to": [4, 11, 2],
			"rotation": {"angle": 0, "axis": "y", "origin": [8, 0, 8]},
			"faces": {
				"north": {"uv": [8.25, 6, 9, 13], "texture": "#0"},
				"east": {"uv": [8.25, 13.25, 9, 16], "texture": "#0"},
				"south": {"uv": [8.25, 13.25, 9, 16], "texture": "#0"},
				"west": {"uv": [8.25, 13.25, 9, 16], "texture": "#0"},
				"up": {"uv": [9, 14, 8.25, 16], "texture": "#0"},
				"down": {"uv": [9, 14, 8.25, 16], "texture": "#0"}
			}
		},
		{
			"name": "body",
			"from": [4, 4, 3],
			"to": [12, 8, 13],
			"rotation": {"angle": 0, "axis": "y", "origin": [8, 0, 8]},
			"faces": {
				"north": {"uv": [3.5, 12.25, 5.5, 14.25], "texture": "#0"},
				"east": {"uv": [5.75, 1, 8.25, 5], "texture": "#0"},
				"south": {"uv": [3.5, 12.25, 5.5, 14.25], "texture": "#0"},
				"west": {"uv": [3.5, 12.25, 5.5, 14.25], "texture": "#0"},
				"up": {"uv": [3.5, 1, 5.5, 11], "texture": "#0"},
				"down": {"uv": [5.5, 11.75, 3.5, 14.25], "texture": "#0"}
			}
		},
		{
			"name": "body",
			"from": [8, 4, 4],
			"to": [8, 9, 13],
			"rotation": {"angle": 0, "axis": "y", "origin": [8, 0, 8]},
			"faces": {
				"north": {"uv": [3.5, 11.5, 5.5, 14.75], "texture": "#0"},
				"east": {"uv": [8.5, 0, 10.75, 5], "texture": "#0"},
				"south": {"uv": [3.5, 11.5, 5.5, 14.75], "texture": "#0"},
				"west": {"uv": [3.5, 11.5, 5.5, 14.75], "texture": "#0"},
				"up": {"uv": [3.5, 15, 5.5, 11.75], "texture": "#0"},
				"down": {"uv": [3.5, 11.75, 5.5, 15], "texture": "#0"}
			}
		},
		{
			"name": "leg4",
			"from": [2.5, 0, 4],
			"to": [5.5, 5, 4],
			"rotation": {"angle": 0, "axis": "y", "origin": [8, 0, 8]},
			"faces": {
				"north": {"uv": [14.5, 0, 15.25, 5], "texture": "#0"},
				"east": {"uv": [14.5, 5.25, 15.25, 8.5], "texture": "#0"},
				"south": {"uv": [14.5, 5.25, 15.25, 8.5], "texture": "#0"},
				"west": {"uv": [14.5, 5.25, 15.25, 8.5], "texture": "#0"},
				"up": {"uv": [15.25, 5.25, 14.5, 8.25], "texture": "#0"},
				"down": {"uv": [15.25, 5.25, 14.5, 8.25], "texture": "#0"}
			}
		},
		{
			"name": "leg2",
			"from": [2.5, 0, 11],
			"to": [5.5, 5, 11],
			"rotation": {"angle": 0, "axis": "y", "origin": [8, 0, 15]},
			"faces": {
				"north": {"uv": [14.5, 0, 15.25, 5], "texture": "#0"},
				"east": {"uv": [14.5, 5.25, 15.25, 8.5], "texture": "#0"},
				"south": {"uv": [14.5, 5.25, 15.25, 8.5], "texture": "#0"},
				"west": {"uv": [14.5, 5.25, 15.25, 8.5], "texture": "#0"},
				"up": {"uv": [15.25, 5.25, 14.5, 8.25], "texture": "#0"},
				"down": {"uv": [15.25, 5.25, 14.5, 8.25], "texture": "#0"}
			}
		},
		{
			"name": "leg3",
			"from": [10.5, 0, 4],
			"to": [13.5, 5, 4],
			"rotation": {"angle": 0, "axis": "y", "origin": [16, 0, 8]},
			"faces": {
				"north": {"uv": [14.5, 0, 15.25, 5], "texture": "#0"},
				"east": {"uv": [14.5, 5.25, 15.25, 8.5], "texture": "#0"},
				"south": {"uv": [14.5, 5.25, 15.25, 8.5], "texture": "#0"},
				"west": {"uv": [14.5, 5.25, 15.25, 8.5], "texture": "#0"},
				"up": {"uv": [15.25, 5.25, 14.5, 8.25], "texture": "#0"},
				"down": {"uv": [15.25, 5.25, 14.5, 8.25], "texture": "#0"}
			}
		},
		{
			"name": "leg1",
			"from": [10.5, 0, 11],
			"to": [13.5, 5, 11],
			"rotation": {"angle": 0, "axis": "y", "origin": [16, 0, 15]},
			"faces": {
				"north": {"uv": [14.5, 0, 15.25, 5], "texture": "#0"},
				"east": {"uv": [14.5, 5.25, 15.25, 8.5], "texture": "#0"},
				"south": {"uv": [14.5, 5.25, 15.25, 8.5], "texture": "#0"},
				"west": {"uv": [14.5, 5.25, 15.25, 8.5], "texture": "#0"},
				"up": {"uv": [15.25, 5.25, 14.5, 8.25], "texture": "#0"},
				"down": {"uv": [15.25, 5.25, 14.5, 8.25], "texture": "#0"}
			}
		},
		{
			"name": "tail",
			"from": [8, 4, 13],
			"to": [8, 9, 25],
			"rotation": {"angle": 0, "axis": "y", "origin": [8, 0, 8]},
			"faces": {
				"north": {"uv": [11, 5.75, 14, 7], "texture": "#0"},
				"east": {"uv": [11, 0, 14, 5], "texture": "#0"},
				"south": {"uv": [11, 5.75, 14, 7], "texture": "#0"},
				"west": {"uv": [11, 5.75, 14, 7], "texture": "#0"},
				"up": {"uv": [11, 6.75, 14, 5.75], "texture": "#0"},
				"down": {"uv": [11, 5.75, 14, 6.75], "texture": "#0"}
			}
		}
	],
	"gui_light": "front",
	"display": {
		"gui": {
			"rotation": [20, -140, 0],
			"translation": [0.5, 1.25, 0],
			"scale": [0.85, 0.85, 0.85]
		}
	},
	"groups": [
		{
			"name": "head",
			"origin": [8, 6, 3],
			"color": 0,
			"children": [0]
		},
		{
			"name": "top_gills",
			"origin": [8, 9, 2],
			"color": 0,
			"children": [1]
		},
		{
			"name": "left_gills",
			"origin": [12, 6, 2],
			"color": 0,
			"children": [2]
		},
		{
			"name": "right_gills",
			"origin": [4, 6, 2],
			"color": 0,
			"children": [3]
		},
		{
			"name": "body",
			"origin": [8, 6, 12],
			"color": 0,
			"children": [4, 5]
		},
		{
			"name": "leg4",
			"origin": [4.5, 5, 4],
			"color": 0,
			"children": [6]
		},
		{
			"name": "leg2",
			"origin": [4.5, 5, 11],
			"color": 0,
			"children": [7]
		},
		{
			"name": "leg3",
			"origin": [11.5, 5, 4],
			"color": 0,
			"children": [8]
		},
		{
			"name": "leg1",
			"origin": [11.5, 5, 11],
			"color": 0,
			"children": [9]
		},
		{
			"name": "tail",
			"origin": [8, 6, 13],
			"color": 0,
			"children": [10]
		}
	]
}