{
	"credit": "Made with Blockbench",
	"texture_size": [32, 16],
	"textures": {
		"0": "mc_overhaul:item/compendium_icons/bestiary/bat",
		"particle": "minecraft:item/emerald"
	},
	"elements": [
		{
			"name": "head",
			"from": [6, 7, 7],
			"to": [10, 10, 9],
			"rotation": {"angle": 0, "axis": "y", "origin": [8, 0, 8]},
			"faces": {
				"north": {"uv": [1, 7, 3, 10], "texture": "#0"},
				"east": {"uv": [0, 7, 1, 10], "texture": "#0"},
				"south": {"uv": [0, 5.5, 1, 7], "texture": "#0"},
				"west": {"uv": [0, 5.5, 1, 7], "texture": "#0"},
				"up": {"uv": [1, 5, 3, 7], "texture": "#0"},
				"down": {"uv": [1, 5.5, 0, 6.5], "texture": "#0"}
			}
		},
		{
			"name": "head",
			"from": [4, 8, 8],
			"to": [7, 13, 8],
			"rotation": {"angle": 0, "axis": "y", "origin": [8, 0, 8]},
			"faces": {
				"north": {"uv": [5, 5, 3.5, 10], "texture": "#0"},
				"east": {"uv": [3.5, 2.5, 5, 5], "texture": "#0"},
				"south": {"uv": [3.5, 2.5, 5, 5], "texture": "#0"},
				"west": {"uv": [3.5, 2.5, 5, 5], "texture": "#0"},
				"up": {"uv": [5, 4.5, 3.5, 2.5], "texture": "#0"},
				"down": {"uv": [5, 2.5, 3.5, 4.5], "texture": "#0"}
			}
		},
		{
			"name": "head",
			"from": [9, 8, 8],
			"to": [12, 13, 8],
			"rotation": {"angle": 0, "axis": "y", "origin": [8, 0, 8]},
			"faces": {
				"north": {"uv": [3.5, 5, 5, 10], "texture": "#0"},
				"east": {"uv": [3.5, 2.5, 5, 5], "texture": "#0"},
				"south": {"uv": [3.5, 2.5, 5, 5], "texture": "#0"},
				"west": {"uv": [3.5, 2.5, 5, 5], "texture": "#0"},
				"up": {"uv": [5, 2.5, 3.5, 4.5], "texture": "#0"},
				"down": {"uv": [5, 2.5, 3.5, 4.5], "texture": "#0"}
			}
		},
		{
			"name": "body",
			"from": [6.5, 2.6, 10.2],
			"to": [9.5, 7.6, 12.2],
			"rotation": {"angle": -22.5, "axis": "x", "origin": [8, 0.6, 11.2]},
			"faces": {
				"north": {"uv": [1, 0, 2.5, 5], "texture": "#0"},
				"east": {"uv": [0, 0, 1, 5], "texture": "#0"},
				"south": {"uv": [2.5, 0, 3.5, 2.5], "texture": "#0"},
				"west": {"uv": [2.5, 0, 3.5, 2.5], "texture": "#0"},
				"up": {"uv": [3.5, 2, 2.5, 0], "texture": "#0"},
				"down": {"uv": [3.5, 0, 2.5, 2], "texture": "#0"}
			}
		},
		{
			"name": "left_wing",
			"from": [4.5, 2.6, 11.2],
			"to": [6.5, 9.6, 11.2],
			"rotation": {"angle": -22.5, "axis": "x", "origin": [8, 0.6, 11.2]},
			"faces": {
				"north": {"uv": [5.5, 3, 6.5, 10], "texture": "#0"},
				"east": {"uv": [5.5, 0.5, 6.5, 3], "texture": "#0"},
				"south": {"uv": [5.5, 0.5, 6.5, 3], "texture": "#0"},
				"west": {"uv": [5.5, 0.5, 6.5, 3], "texture": "#0"},
				"up": {"uv": [6.5, 0.5, 5.5, 2.5], "texture": "#0"},
				"down": {"uv": [6.5, 0.5, 5.5, 2.5], "texture": "#0"}
			}
		},
		{
			"name": "outer_left_wing",
			"from": [-1.5, 1.6, 11.2],
			"to": [4.5, 9.6, 11.2],
			"rotation": {"angle": -22.5, "axis": "x", "origin": [8, 0.6, 11.2]},
			"faces": {
				"north": {"uv": [7, 2, 10, 10], "texture": "#0"},
				"east": {"uv": [7, 0, 10, 2], "texture": "#0"},
				"south": {"uv": [7, 0, 10, 2], "texture": "#0"},
				"west": {"uv": [10, 0, 7, 2], "texture": "#0"},
				"up": {"uv": [10, 2, 7, 0], "texture": "#0"},
				"down": {"uv": [10, 0, 7, 2], "texture": "#0"}
			}
		},
		{
			"name": "right_wing",
			"from": [9.5, 2.6, 11.2],
			"to": [11.5, 9.6, 11.2],
			"rotation": {"angle": -22.5, "axis": "x", "origin": [8, 0.6, 11.2]},
			"faces": {
				"north": {"uv": [6.5, 3, 5.5, 10], "texture": "#0"},
				"east": {"uv": [6.5, 1, 5.5, 2.5], "texture": "#0"},
				"south": {"uv": [5.5, 1, 6.5, 2.5], "texture": "#0"},
				"west": {"uv": [5.5, 1, 6.5, 2.5], "texture": "#0"},
				"up": {"uv": [6.5, 1, 5.5, 3], "texture": "#0"},
				"down": {"uv": [6.5, 1, 5.5, 3], "texture": "#0"}
			}
		},
		{
			"name": "outer_right_wing",
			"from": [11.5, 1.6, 11.2],
			"to": [17.5, 9.6, 11.2],
			"rotation": {"angle": -22.5, "axis": "x", "origin": [8, 0.6, 11.2]},
			"faces": {
				"north": {"uv": [10, 2, 7, 10], "texture": "#0"},
				"east": {"uv": [7, 0, 10, 2], "texture": "#0"},
				"south": {"uv": [7, 0, 10, 2], "texture": "#0"},
				"west": {"uv": [7, 0, 10, 2], "texture": "#0"},
				"up": {"uv": [10, 0, 7, 2], "texture": "#0"},
				"down": {"uv": [10, 0, 7, 2], "texture": "#0"}
			}
		},
		{
			"name": "feet",
			"from": [6.5, 0.6, 11.2],
			"to": [9.5, 2.6, 11.2],
			"rotation": {"angle": -22.5, "axis": "x", "origin": [8, 0.6, 11.2]},
			"faces": {
				"north": {"uv": [10.5, 8, 12, 10], "texture": "#0"},
				"east": {"uv": [10.5, 7, 12, 8], "texture": "#0"},
				"south": {"uv": [10.5, 7, 12, 8], "texture": "#0"},
				"west": {"uv": [10.5, 7, 12, 8], "texture": "#0"},
				"up": {"uv": [12, 7, 10.5, 8], "texture": "#0"},
				"down": {"uv": [12, 8, 10.5, 7], "texture": "#0"}
			}
		}
	],
	"gui_light": "front",
	"display": {
		"gui": {
			"rotation": [20, -140, 0],
			"translation": [1, 1.25, 0]
		}
	},
	"groups": [
		{
			"name": "head",
			"origin": [8, 7, 8],
			"color": 0,
			"children": [0, 1, 2]
		},
		{
			"name": "body",
			"origin": [8, 7, 8],
			"color": 0,
			"children": [3]
		},
		{
			"name": "left_wing",
			"origin": [6.5, 7, 8],
			"color": 0,
			"children": [4]
		},
		{
			"name": "outer_left_wing",
			"origin": [4.5, 7, 8],
			"color": 0,
			"children": [5]
		},
		{
			"name": "right_wing",
			"origin": [9.5, 7, 8],
			"color": 0,
			"children": [6]
		},
		{
			"name": "outer_right_wing",
			"origin": [11.5, 7, 8],
			"color": 0,
			"children": [7]
		},
		{
			"name": "feet",
			"origin": [8, 2, 8],
			"color": 0,
			"children": [8]
		}
	]
}