{
	"credit": "Made with Blockbench",
	"texture_size": [32, 32],
	"textures": {
		"0": "mc_overhaul:item/compendium_icons/bestiary/bee",
		"particle": "minecraft:item/emerald"
	},
	"elements": [
		{
			"name": "torso",
			"from": [4.5, 2, 3],
			"to": [11.5, 9, 13],
			"rotation": {"angle": 0, "axis": "y", "origin": [8, 0, 8]},
			"faces": {
				"north": {"uv": [5, 5, 8.5, 8.5], "texture": "#0"},
				"east": {"uv": [0, 5, 5, 8.5], "texture": "#0"},
				"south": {"uv": [0, 0, 5, 5], "texture": "#0"},
				"west": {"uv": [0, 0, 5, 5], "texture": "#0"},
				"up": {"uv": [5, 5, 8.5, 0], "texture": "#0"},
				"down": {"uv": [5, 0, 0, 5], "texture": "#0"}
			}
		},
		{
			"name": "left_antenna",
			"from": [5.5, 7, 0],
			"to": [6.5, 9, 3],
			"rotation": {"angle": 0, "axis": "y", "origin": [8, 0, 8]},
			"faces": {
				"north": {"uv": [1.25, 1.5, 1.5, 2.5], "texture": "#0"},
				"east": {"uv": [11, 1, 9.5, 2], "texture": "#0"},
				"south": {"uv": [2.25, 1.5, 2.5, 2.5], "texture": "#0"},
				"west": {"uv": [1.5, 1.5, 2.25, 2.5], "texture": "#0"},
				"up": {"uv": [1.5, 1.5, 1.25, 0], "texture": "#0"},
				"down": {"uv": [1.75, 0, 1.5, 1.5], "texture": "#0"}
			}
		},
		{
			"name": "right_antenna",
			"from": [8.5, 7, 0],
			"to": [9.5, 9, 3],
			"rotation": {"angle": 0, "axis": "y", "origin": [7, 0, 8]},
			"faces": {
				"north": {"uv": [1.25, 1.5, 1.5, 2.5], "texture": "#0"},
				"east": {"uv": [11, 1, 9.5, 2], "texture": "#0"},
				"south": {"uv": [2.25, 1.5, 2.5, 2.5], "texture": "#0"},
				"west": {"uv": [1.5, 1.5, 2.25, 2.5], "texture": "#0"},
				"up": {"uv": [1.5, 1.5, 1.25, 0], "texture": "#0"},
				"down": {"uv": [1.75, 0, 1.5, 1.5], "texture": "#0"}
			}
		},
		{
			"name": "left_wing",
			"from": [-2.5, 9, 5],
			"to": [6.5, 9, 11],
			"rotation": {"angle": 0, "axis": "y", "origin": [8, 0, 8]},
			"faces": {
				"north": {"uv": [3.75, 12, 1.5, 12], "texture": "#0"},
				"east": {"uv": [5.25, 12, 3.75, 12], "texture": "#0"},
				"south": {"uv": [7.5, 12, 5.25, 12], "texture": "#0"},
				"west": {"uv": [1.5, 12, 0, 12], "texture": "#0"},
				"up": {"uv": [10, 7.5, 14.5, 4.5], "texture": "#0"},
				"down": {"uv": [3.75, 9, 6, 12], "texture": "#0"}
			}
		},
		{
			"name": "right_wing",
			"from": [9.5, 9, 5],
			"to": [18.5, 9, 11],
			"rotation": {"angle": 0, "axis": "y", "origin": [8, 0, 8]},
			"faces": {
				"north": {"uv": [1.5, 12, 3.75, 12], "texture": "#0"},
				"east": {"uv": [0, 12, 1.5, 12], "texture": "#0"},
				"south": {"uv": [5.25, 12, 7.5, 12], "texture": "#0"},
				"west": {"uv": [3.75, 12, 5.25, 12], "texture": "#0"},
				"up": {"uv": [14.5, 7.5, 10, 4.5], "texture": "#0"},
				"down": {"uv": [6, 9, 3.75, 12], "texture": "#0"}
			}
		},
		{
			"name": "front_legs",
			"from": [6.5, 0, 6],
			"to": [9.5, 2, 6],
			"rotation": {"angle": 0, "axis": "y", "origin": [8, 0, 8]},
			"faces": {
				"north": {"uv": [14, 0.5, 15.5, 1.5], "texture": "#0"},
				"east": {"uv": [14, 1.5, 15.5, 3], "texture": "#0"},
				"south": {"uv": [14, 1.5, 15.5, 3], "texture": "#0"},
				"west": {"uv": [14, 1.5, 15.5, 3], "texture": "#0"},
				"up": {"uv": [7.75, 0.5, 7, 0.5], "texture": "#0"},
				"down": {"uv": [8.5, 0.5, 7.75, 0.5], "texture": "#0"}
			}
		},
		{
			"name": "middle_legs",
			"from": [5.5, 0, 8],
			"to": [10.5, 2, 8],
			"rotation": {"angle": 0, "axis": "y", "origin": [8, 0, 8]},
			"faces": {
				"north": {"uv": [13, 1.5, 15.5, 2.5], "texture": "#0"},
				"east": {"uv": [13, 2.5, 15.5, 3.5], "texture": "#0"},
				"south": {"uv": [13, 2.5, 15.5, 3.5], "texture": "#0"},
				"west": {"uv": [13, 2.5, 15.5, 3.5], "texture": "#0"},
				"up": {"uv": [13, 2.5, 15.5, 3.5], "texture": "#0"},
				"down": {"uv": [13, 2.5, 15.5, 3.5], "texture": "#0"}
			}
		},
		{
			"name": "back_legs",
			"from": [5.5, 0, 10],
			"to": [10.5, 2, 10],
			"rotation": {"angle": 0, "axis": "y", "origin": [8, 0, 10]},
			"faces": {
				"north": {"uv": [13, 1.5, 15.5, 2.5], "texture": "#0"},
				"east": {"uv": [13, 2.5, 15.5, 3.5], "texture": "#0"},
				"south": {"uv": [13, 2.5, 15.5, 3.5], "texture": "#0"},
				"west": {"uv": [13, 2.5, 15.5, 3.5], "texture": "#0"},
				"up": {"uv": [13, 2.5, 15.5, 3.5], "texture": "#0"},
				"down": {"uv": [13, 2.5, 15.5, 3.5], "texture": "#0"}
			}
		}
	],
	"gui_light": "front",
	"display": {
		"gui": {
			"rotation": [20, -140, 0],
			"translation": [0.75, 2.5, 0],
			"scale": [1.1, 1.1, 1.1]
		}
	},
	"groups": [
		{
			"name": "torso",
			"origin": [8, 5, 8],
			"color": 0,
			"children": [0]
		},
		{
			"name": "left_antenna",
			"origin": [8, 7, 3],
			"color": 0,
			"children": [1]
		},
		{
			"name": "right_antenna",
			"origin": [8, 7, 3],
			"color": 0,
			"children": [2]
		},
		{
			"name": "left_wing",
			"origin": [6.5, 9, 5],
			"color": 0,
			"children": [3]
		},
		{
			"name": "right_wing",
			"origin": [9.5, 9, 5],
			"color": 0,
			"children": [4]
		},
		{
			"name": "front_legs",
			"origin": [6.5, 2, 6],
			"color": 0,
			"children": [5]
		},
		{
			"name": "middle_legs",
			"origin": [6.5, 2, 8],
			"color": 0,
			"children": [6]
		},
		{
			"name": "back_legs",
			"origin": [6.5, 2, 10],
			"color": 0,
			"children": [7]
		}
	]
}