{
	"credit": "Made with Blockbench",
	"texture_size": [32, 16],
	"textures": {
		"0": "mc_overhaul:item/compendium_icons/bestiary/blaze",
		"particle": "minecraft:item/emerald"
	},
	"elements": [
		{
			"name": "head",
			"from": [4, 20, 4],
			"to": [12, 28, 12],
			"rotation": {"angle": 0, "axis": "y", "origin": [8, 0, 8]},
			"faces": {
				"north": {"uv": [4, 8, 8, 16], "texture": "#0"},
				"east": {"uv": [0, 8, 4, 16], "texture": "#0"},
				"south": {"uv": [0, 0, 4, 8], "texture": "#0"},
				"west": {"uv": [0, 0, 4, 8], "texture": "#0"},
				"up": {"uv": [4, 0, 8, 8], "texture": "#0"},
				"down": {"uv": [4, 0, 0, 8], "texture": "#0"}
			}
		},
		{
			"name": "stick1",
			"from": [14, 18, 0],
			"to": [16, 26, 2],
			"rotation": {"angle": 0, "axis": "y", "origin": [8, 0, 8]},
			"faces": {
				"north": {"uv": [9.5, 2, 10.5, 10], "texture": "#0"},
				"east": {"uv": [8.5, 2, 9.5, 10], "texture": "#0"},
				"south": {"uv": [10.5, 0, 11.5, 10], "texture": "#0"},
				"west": {"uv": [10.5, 0, 11.5, 10], "texture": "#0"},
				"up": {"uv": [10.5, 2, 9.5, 0], "texture": "#0"},
				"down": {"uv": [11.5, 0, 10.5, 10], "texture": "#0"}
			}
		},
		{
			"name": "stick2",
			"from": [0, 18, 0],
			"to": [2, 26, 2],
			"rotation": {"angle": 0, "axis": "y", "origin": [-6, 0, 8]},
			"faces": {
				"north": {"uv": [9.5, 2, 10.5, 10], "texture": "#0"},
				"east": {"uv": [8.5, 2, 9.5, 10], "texture": "#0"},
				"south": {"uv": [10.5, 0, 11.5, 10], "texture": "#0"},
				"west": {"uv": [10.5, 0, 11.5, 10], "texture": "#0"},
				"up": {"uv": [10.5, 2, 9.5, 0], "texture": "#0"},
				"down": {"uv": [11.5, 0, 10.5, 10], "texture": "#0"}
			}
		},
		{
			"name": "stick3",
			"from": [0, 18, 14],
			"to": [2, 26, 16],
			"rotation": {"angle": 0, "axis": "y", "origin": [-6, 0, 22]},
			"faces": {
				"north": {"uv": [10.5, 0, 11.5, 10], "texture": "#0"},
				"east": {"uv": [10.5, 0, 11.5, 10], "texture": "#0"},
				"south": {"uv": [10.5, 0, 11.5, 10], "texture": "#0"},
				"west": {"uv": [10.5, 0, 11.5, 10], "texture": "#0"},
				"up": {"uv": [10.5, 2, 9.5, 0], "texture": "#0"},
				"down": {"uv": [11.5, 0, 10.5, 10], "texture": "#0"}
			}
		},
		{
			"name": "stick4",
			"from": [14, 18, 14],
			"to": [16, 26, 16],
			"rotation": {"angle": 0, "axis": "y", "origin": [8, 0, 22]},
			"faces": {
				"north": {"uv": [9.5, 2, 10.5, 10], "texture": "#0"},
				"east": {"uv": [8.5, 2, 9.5, 10], "texture": "#0"},
				"south": {"uv": [10.5, 0, 11.5, 10], "texture": "#0"},
				"west": {"uv": [10.5, 0, 11.5, 10], "texture": "#0"},
				"up": {"uv": [10.5, 2, 9.5, 0], "texture": "#0"},
				"down": {"uv": [11.5, 0, 10.5, 10], "texture": "#0"}
			}
		},
		{
			"name": "stick5",
			"from": [12, 14, 2],
			"to": [14, 22, 4],
			"rotation": {"angle": 0, "axis": "y", "origin": [6, -4, 10]},
			"faces": {
				"north": {"uv": [9.5, 2, 10.5, 10], "texture": "#0"},
				"east": {"uv": [8.5, 2, 9.5, 10], "texture": "#0"},
				"south": {"uv": [10.5, 0, 11.5, 10], "texture": "#0"},
				"west": {"uv": [10.5, 0, 11.5, 10], "texture": "#0"},
				"up": {"uv": [10.5, 2, 9.5, 0], "texture": "#0"},
				"down": {"uv": [11.5, 0, 10.5, 10], "texture": "#0"}
			}
		},
		{
			"name": "stick6",
			"from": [2, 14, 2],
			"to": [4, 22, 4],
			"rotation": {"angle": 0, "axis": "y", "origin": [-4, -4, 10]},
			"faces": {
				"north": {"uv": [9.5, 2, 10.5, 10], "texture": "#0"},
				"east": {"uv": [8.5, 2, 9.5, 10], "texture": "#0"},
				"south": {"uv": [10.5, 0, 11.5, 10], "texture": "#0"},
				"west": {"uv": [10.5, 0, 11.5, 10], "texture": "#0"},
				"up": {"uv": [10.5, 2, 9.5, 0], "texture": "#0"},
				"down": {"uv": [11.5, 0, 10.5, 10], "texture": "#0"}
			}
		},
		{
			"name": "stick7",
			"from": [2, 14, 12],
			"to": [4, 22, 14],
			"rotation": {"angle": 0, "axis": "y", "origin": [-4, -4, 20]},
			"faces": {
				"north": {"uv": [9.5, 2, 10.5, 10], "texture": "#0"},
				"east": {"uv": [10.5, 0, 11.5, 10], "texture": "#0"},
				"south": {"uv": [10.5, 0, 11.5, 10], "texture": "#0"},
				"west": {"uv": [10.5, 0, 11.5, 10], "texture": "#0"},
				"up": {"uv": [11.5, 10, 10.5, 0], "texture": "#0"},
				"down": {"uv": [11.5, 0, 10.5, 10], "texture": "#0"}
			}
		},
		{
			"name": "stick8",
			"from": [12, 14, 12],
			"to": [14, 22, 14],
			"rotation": {"angle": 0, "axis": "y", "origin": [6, -4, 20]},
			"faces": {
				"north": {"uv": [9.5, 2, 10.5, 10], "texture": "#0"},
				"east": {"uv": [8.5, 2, 9.5, 10], "texture": "#0"},
				"south": {"uv": [10.5, 0, 11.5, 10], "texture": "#0"},
				"west": {"uv": [10.5, 0, 11.5, 10], "texture": "#0"},
				"up": {"uv": [10.5, 2, 9.5, 0], "texture": "#0"},
				"down": {"uv": [11.5, 0, 10.5, 10], "texture": "#0"}
			}
		},
		{
			"name": "stick9",
			"from": [10, 6, 4],
			"to": [12, 14, 6],
			"rotation": {"angle": 0, "axis": "y", "origin": [4, -12, 12]},
			"faces": {
				"north": {"uv": [9.5, 2, 10.5, 10], "texture": "#0"},
				"east": {"uv": [8.5, 2, 9.5, 10], "texture": "#0"},
				"south": {"uv": [10.5, 0, 11.5, 10], "texture": "#0"},
				"west": {"uv": [10.5, 0, 11.5, 10], "texture": "#0"},
				"up": {"uv": [10.5, 2, 9.5, 0], "texture": "#0"},
				"down": {"uv": [11.5, 0, 10.5, 10], "texture": "#0"}
			}
		},
		{
			"name": "stick10",
			"from": [4, 6, 4],
			"to": [6, 14, 6],
			"rotation": {"angle": 0, "axis": "y", "origin": [-2, -12, 12]},
			"faces": {
				"north": {"uv": [9.5, 2, 10.5, 10], "texture": "#0"},
				"east": {"uv": [8.5, 2, 9.5, 10], "texture": "#0"},
				"south": {"uv": [10.5, 0, 11.5, 10], "texture": "#0"},
				"west": {"uv": [10.5, 0, 11.5, 10], "texture": "#0"},
				"up": {"uv": [10.5, 2, 9.5, 0], "texture": "#0"},
				"down": {"uv": [11.5, 0, 10.5, 10], "texture": "#0"}
			}
		},
		{
			"name": "stick11",
			"from": [4, 6, 10],
			"to": [6, 14, 12],
			"rotation": {"angle": 0, "axis": "y", "origin": [-2, -12, 18]},
			"faces": {
				"north": {"uv": [9.5, 2, 10.5, 10], "texture": "#0"},
				"east": {"uv": [10.5, 0, 11.5, 10], "texture": "#0"},
				"south": {"uv": [10.5, 0, 11.5, 10], "texture": "#0"},
				"west": {"uv": [10.5, 0, 11.5, 10], "texture": "#0"},
				"up": {"uv": [10.5, 2, 9.5, 0], "texture": "#0"},
				"down": {"uv": [11.5, 0, 10.5, 10], "texture": "#0"}
			}
		},
		{
			"name": "stick12",
			"from": [10, 6, 10],
			"to": [12, 14, 12],
			"rotation": {"angle": 0, "axis": "y", "origin": [4, -12, 18]},
			"faces": {
				"north": {"uv": [9.5, 2, 10.5, 10], "texture": "#0"},
				"east": {"uv": [8.5, 2, 9.5, 10], "texture": "#0"},
				"south": {"uv": [10.5, 0, 11.5, 10], "texture": "#0"},
				"west": {"uv": [10.5, 0, 11.5, 10], "texture": "#0"},
				"up": {"uv": [10.5, 2, 9.5, 0], "texture": "#0"},
				"down": {"uv": [11.5, 0, 10.5, 10], "texture": "#0"}
			}
		}
	],
	"gui_light": "front",
	"display": {
		"gui": {
			"rotation": [20, -140, 0],
			"translation": [0, -6.25, 0],
			"scale": [0.8, 0.8, 0.8]
		}
	},
	"groups": [
		{
			"name": "head",
			"origin": [8, 24, 8],
			"color": 0,
			"children": [0]
		},
		{
			"name": "stick1",
			"origin": [15, 26, 1],
			"color": 0,
			"children": [1]
		},
		{
			"name": "stick2",
			"origin": [1, 26, 1],
			"color": 0,
			"children": [2]
		},
		{
			"name": "stick3",
			"origin": [1, 26, 15],
			"color": 0,
			"children": [3]
		},
		{
			"name": "stick4",
			"origin": [15, 26, 15],
			"color": 0,
			"children": [4]
		},
		{
			"name": "stick5",
			"origin": [13, 22, 3],
			"color": 0,
			"children": [5]
		},
		{
			"name": "stick6",
			"origin": [3, 22, 3],
			"color": 0,
			"children": [6]
		},
		{
			"name": "stick7",
			"origin": [3, 22, 13],
			"color": 0,
			"children": [7]
		},
		{
			"name": "stick8",
			"origin": [13, 22, 13],
			"color": 0,
			"children": [8]
		},
		{
			"name": "stick9",
			"origin": [11, 14, 5],
			"color": 0,
			"children": [9]
		},
		{
			"name": "stick10",
			"origin": [5, 14, 5],
			"color": 0,
			"children": [10]
		},
		{
			"name": "stick11",
			"origin": [5, 14, 11],
			"color": 0,
			"children": [11]
		},
		{
			"name": "stick12",
			"origin": [11, 14, 11],
			"color": 0,
			"children": [12]
		}
	]
}