{
	"credit": "Made with Blockbench",
	"textures": {
		"0": "mc_overhaul:item/compendium_icons/bestiary/blue_tang",
		"particle": "minecraft:item/emerald"
	},
	"elements": [
		{
			"name": "body",
			"from": [6.15584, 2.30833, 2.46753],
			"to": [9.84416, 13.37327, 13.53247],
			"rotation": {"angle": 0, "axis": "y", "origin": [8, 2.30833, 2.46753]},
			"faces": {
				"north": {"uv": [6, 6, 8, 12], "texture": "#0"},
				"east": {"uv": [0, 6, 6, 12], "texture": "#0"},
				"south": {"uv": [8, 0, 9, 12], "texture": "#0"},
				"west": {"uv": [8, 0, 9, 12], "texture": "#0"},
				"up": {"uv": [8, 6, 6, 0], "texture": "#0"},
				"down": {"uv": [8, 0, 9, 12], "texture": "#0"}
			}
		},
		{
			"name": "right_fin",
			"from": [14.25461, 2.30833, 8.29403],
			"to": [17.94292, 5.99664, 8.29403],
			"rotation": {"angle": -45, "axis": "y", "origin": [12.41045, 2.30833, 2.76156]},
			"faces": {
				"north": {"uv": [0, 4, 2, 6], "texture": "#0"},
				"east": {"uv": [2, 4, 6, 6], "texture": "#0"},
				"south": {"uv": [2, 4, 6, 6], "texture": "#0"},
				"west": {"uv": [2, 4, 6, 6], "texture": "#0"},
				"up": {"uv": [2, 4, 6, 6], "texture": "#0"},
				"down": {"uv": [2, 4, 6, 6], "texture": "#0"}
			}
		},
		{
			"name": "fin_top",
			"from": [8, 13.37327, 2.46753],
			"to": [8, 20.74989, 13.53247],
			"rotation": {"angle": 0, "axis": "y", "origin": [8, 2.30833, 2.46753]},
			"faces": {
				"north": {"uv": [2, 4, 6, 6], "texture": "#0"},
				"east": {"uv": [0, 0, 6, 4], "texture": "#0"},
				"south": {"uv": [2, 4, 6, 6], "texture": "#0"},
				"west": {"uv": [2, 4, 6, 6], "texture": "#0"},
				"up": {"uv": [2, 4, 6, 6], "texture": "#0"},
				"down": {"uv": [2, 4, 6, 6], "texture": "#0"}
			}
		},
		{
			"name": "fin_bottom",
			"from": [8, -5.06829, 2.46753],
			"to": [8, 2.30833, 13.53247],
			"rotation": {"angle": 0, "axis": "y", "origin": [8, 2.30833, 2.46753]},
			"faces": {
				"north": {"uv": [8, 4, 10, 5], "texture": "#0"},
				"east": {"uv": [8, 0, 14, 4], "texture": "#0"},
				"south": {"uv": [8, 4, 10, 5], "texture": "#0"},
				"west": {"uv": [8, 4, 10, 5], "texture": "#0"},
				"up": {"uv": [8, 4, 10, 5], "texture": "#0"},
				"down": {"uv": [8, 4, 10, 5], "texture": "#0"}
			}
		},
		{
			"name": "tail",
			"from": [8, 2.30833, 13.53247],
			"to": [8, 13.37327, 22.75324],
			"rotation": {"angle": 0, "axis": "y", "origin": [8, 2.30833, 2.46753]},
			"faces": {
				"north": {"uv": [8, 2, 13, 3], "texture": "#0"},
				"east": {"uv": [13, 3, 8, 9], "texture": "#0"},
				"south": {"uv": [8, 2, 13, 3], "texture": "#0"},
				"west": {"uv": [8, 2, 13, 3], "texture": "#0"},
				"up": {"uv": [8, 2, 13, 3], "texture": "#0"},
				"down": {"uv": [8, 2, 13, 3], "texture": "#0"}
			}
		}
	],
	"gui_light": "front",
	"display": {
		"gui": {
			"rotation": [20, -140, 0],
			"translation": [1.25, 0, 0]
		}
	}
}