{
	"credit": "Made with Blockbench",
	"texture_size": [64, 32],
	"textures": {
		"0": "mc_overhaul:item/compendium_icons/bestiary/bogged",
		"particle": "minecraft:item/emerald"
	},
	"elements": [
		{
			"name": "right_leg",
			"from": [8.7, 1.2, 7.3],
			"to": [10.1, 9.6, 8.7],
			"rotation": {"angle": 0, "axis": "y", "origin": [8, 1.2, 8]},
			"faces": {
				"north": {"uv": [4.5, 2, 5, 8], "texture": "#0"},
				"east": {"uv": [4, 2, 4.5, 8], "texture": "#0"},
				"south": {"uv": [4, 1.5, 4.5, 2], "texture": "#0"},
				"west": {"uv": [4, 1.5, 4.5, 2], "texture": "#0"},
				"up": {"uv": [4.5, 2, 4, 1.5], "texture": "#0"},
				"down": {"uv": [4.5, 1.5, 4, 2], "texture": "#0"}
			}
		},
		{
			"name": "left_leg",
			"from": [5.9, 1.2, 7.3],
			"to": [7.3, 9.6, 8.7],
			"rotation": {"angle": 0, "axis": "y", "origin": [8, 1.2, 8]},
			"faces": {
				"north": {"uv": [5.5, 2, 5, 8], "texture": "#0"},
				"east": {"uv": [6, 2, 5.5, 8], "texture": "#0"},
				"south": {"uv": [6, 1.5, 5.5, 2], "texture": "#0"},
				"west": {"uv": [6, 1.5, 5.5, 2], "texture": "#0"},
				"up": {"uv": [5.5, 2, 6, 1.5], "texture": "#0"},
				"down": {"uv": [5.5, 1.5, 6, 2], "texture": "#0"}
			}
		},
		{
			"name": "right_arm",
			"from": [10.8, 9.6, 7.3],
			"to": [12.2, 18, 8.7],
			"rotation": {"angle": 0, "axis": "y", "origin": [8, 1.2, 8]},
			"faces": {
				"north": {"uv": [12.5, 1, 13, 7], "texture": "#0"},
				"east": {"uv": [12, 1, 12.5, 7], "texture": "#0"},
				"south": {"uv": [12, 0, 12.5, 1], "texture": "#0"},
				"west": {"uv": [12, 0, 12.5, 1], "texture": "#0"},
				"up": {"uv": [13, 1, 12.5, 0], "texture": "#0"},
				"down": {"uv": [12.5, 0, 12, 1], "texture": "#0"}
			}
		},
		{
			"name": "left_arm",
			"from": [3.8, 9.6, 7.3],
			"to": [5.2, 18, 8.7],
			"rotation": {"angle": 0, "axis": "y", "origin": [8, 1.2, 8]},
			"faces": {
				"north": {"uv": [13, 1, 12.5, 7], "texture": "#0"},
				"east": {"uv": [13.5, 1, 13, 7], "texture": "#0"},
				"south": {"uv": [12.5, 0, 12, 1], "texture": "#0"},
				"west": {"uv": [12.5, 0, 12, 1], "texture": "#0"},
				"up": {"uv": [12.5, 1, 13, 0], "texture": "#0"},
				"down": {"uv": [12, 0, 12.5, 1], "texture": "#0"}
			}
		},
		{
			"name": "body1",
			"from": [5.2, 9.6, 6.6],
			"to": [10.8, 18, 9.4],
			"rotation": {"angle": 0, "axis": "y", "origin": [8, 1.2, 8]},
			"faces": {
				"north": {"uv": [7, 2, 9, 8], "texture": "#0"},
				"east": {"uv": [6, 2, 7, 8], "texture": "#0"},
				"south": {"uv": [7, 1, 9, 2], "texture": "#0"},
				"west": {"uv": [7, 1, 9, 2], "texture": "#0"},
				"up": {"uv": [9, 2, 7, 1], "texture": "#0"},
				"down": {"uv": [9, 1, 7, 2], "texture": "#0"}
			}
		},
		{
			"name": "body2",
			"from": [5.2, 9.6, 9.4],
			"to": [10.8, 18, 9.4],
			"rotation": {"angle": 0, "axis": "y", "origin": [8, 1.2, 8]},
			"faces": {
				"north": {"uv": [12, 2, 10, 8], "texture": "#0"},
				"east": {"uv": [11, 1, 12, 2], "texture": "#0"},
				"south": {"uv": [11, 1, 12, 2], "texture": "#0"},
				"west": {"uv": [11, 1, 12, 2], "texture": "#0"},
				"up": {"uv": [12, 2, 11, 1], "texture": "#0"},
				"down": {"uv": [12, 1, 11, 2], "texture": "#0"}
			}
		},
		{
			"name": "body3",
			"from": [5.2, 9.6, 6.6],
			"to": [5.2, 18, 9.4],
			"rotation": {"angle": 0, "axis": "y", "origin": [8, 1.2, 8]},
			"faces": {
				"north": {"uv": [7, 1, 9, 2], "texture": "#0"},
				"east": {"uv": [9, 2, 10, 8], "texture": "#0"},
				"south": {"uv": [7, 1, 9, 2], "texture": "#0"},
				"west": {"uv": [7, 1, 9, 2], "texture": "#0"},
				"up": {"uv": [9, 2, 7, 1], "texture": "#0"},
				"down": {"uv": [9, 1, 7, 2], "texture": "#0"}
			}
		},
		{
			"name": "mushrooms_top",
			"from": [4.5, 23.6, 10.3],
			"to": [8.7, 26.4, 10.3],
			"rotation": {"angle": 0, "axis": "y", "origin": [8.7, 1.9, 8.2]},
			"faces": {
				"north": {"uv": [0, 0, 1.5, 2], "texture": "#0"},
				"east": {"uv": [1.5, 0, 2, 2], "texture": "#0"},
				"south": {"uv": [1.5, 0, 2, 2], "texture": "#0"},
				"west": {"uv": [2, 0, 1.5, 2], "texture": "#0"},
				"up": {"uv": [2, 2, 1.5, 0], "texture": "#0"},
				"down": {"uv": [2, 2, 1.5, 0], "texture": "#0"}
			}
		},
		{
			"name": "mushrooms_top",
			"from": [7.9, 23.4, 5.95],
			"to": [12.1, 26.2, 5.95],
			"rotation": {"angle": 0, "axis": "y", "origin": [12.1, 1.7, 9.8]},
			"faces": {
				"north": {"uv": [0, 2, 1, 4], "texture": "#0"},
				"east": {"uv": [0, 1.5, 0.5, 2], "texture": "#0"},
				"south": {"uv": [0, 1.5, 0.5, 2], "texture": "#0"},
				"west": {"uv": [0, 1.5, 0.5, 2], "texture": "#0"},
				"up": {"uv": [0.5, 2, 0, 1.5], "texture": "#0"},
				"down": {"uv": [0.5, 2, 0, 1.5], "texture": "#0"}
			}
		},
		{
			"name": "mushrooms_top",
			"from": [6.6, 23.6, 8],
			"to": [6.6, 26.4, 12.2],
			"rotation": {"angle": 0, "axis": "y", "origin": [8.7, 1.9, 12.2]},
			"faces": {
				"north": {"uv": [2, 0, 1.5, 2], "texture": "#0"},
				"east": {"uv": [0, 0, 1.5, 2], "texture": "#0"},
				"south": {"uv": [1.5, 0, 2, 2], "texture": "#0"},
				"west": {"uv": [1.5, 0, 2, 2], "texture": "#0"},
				"up": {"uv": [2, 2, 1.5, 0], "rotation": 90, "texture": "#0"},
				"down": {"uv": [2, 2, 1.5, 0], "rotation": 270, "texture": "#0"}
			}
		},
		{
			"name": "mushrooms_top",
			"from": [9.95, 23.4, 3.9],
			"to": [9.95, 26.2, 8.1],
			"rotation": {"angle": 0, "axis": "y", "origin": [6.1, 1.7, 8.1]},
			"faces": {
				"north": {"uv": [0, 1.5, 0.5, 2], "texture": "#0"},
				"east": {"uv": [1, 2, 0, 4], "texture": "#0"},
				"south": {"uv": [0, 1.5, 0.5, 2], "texture": "#0"},
				"west": {"uv": [0, 1.5, 0.5, 2], "texture": "#0"},
				"up": {"uv": [0.5, 2, 0, 1.5], "rotation": 90, "texture": "#0"},
				"down": {"uv": [0.5, 2, 0, 1.5], "rotation": 270, "texture": "#0"}
			}
		},
		{
			"name": "mushrooms_back",
			"from": [9.5, 17.7, 10.7],
			"to": [9.5, 21.9, 13.5],
			"rotation": {"angle": 0, "axis": "y", "origin": [13, 21.2, -6.1]},
			"faces": {
				"north": {"uv": [2, 2.5, 1, 2], "rotation": 90, "texture": "#0"},
				"east": {"uv": [1, 2.5, 2, 4], "rotation": 270, "texture": "#0"},
				"south": {"uv": [2, 2.5, 1, 2], "rotation": 90, "texture": "#0"},
				"west": {"uv": [1, 2, 2, 2.5], "rotation": 90, "texture": "#0"},
				"up": {"uv": [1, 2, 2, 2.5], "rotation": 180, "texture": "#0"},
				"down": {"uv": [1, 2, 2, 2.5], "texture": "#0"}
			}
		},
		{
			"name": "mushrooms_back",
			"from": [7.5, 19.7, 10.7],
			"to": [11.7, 19.7, 13.5],
			"rotation": {"angle": 0, "axis": "z", "origin": [11, 16.2, -6.1]},
			"faces": {
				"north": {"uv": [2, 2.5, 1, 2], "texture": "#0"},
				"east": {"uv": [1, 2, 2, 2.5], "rotation": 270, "texture": "#0"},
				"south": {"uv": [2, 2.5, 1, 2], "rotation": 180, "texture": "#0"},
				"west": {"uv": [1, 2, 2, 2.5], "rotation": 90, "texture": "#0"},
				"up": {"uv": [1, 2.5, 2, 4], "rotation": 180, "texture": "#0"},
				"down": {"uv": [1, 2, 2, 2.5], "texture": "#0"}
			}
		},
		{
			"name": "head",
			"from": [5.2, 18, 5.2],
			"to": [10.8, 23.6, 10.8],
			"rotation": {"angle": 0, "axis": "y", "origin": [8, 1.2, 8]},
			"faces": {
				"north": {"uv": [2, 4, 4, 8], "texture": "#0"},
				"east": {"uv": [0, 4, 2, 8], "texture": "#0"},
				"south": {"uv": [0, 2, 2, 4], "texture": "#0"},
				"west": {"uv": [0, 2, 2, 4], "texture": "#0"},
				"up": {"uv": [4, 4, 2, 0], "texture": "#0"},
				"down": {"uv": [2, 2, 0, 4], "texture": "#0"}
			}
		},
		{
			"from": [11.1, 9.5, 5],
			"to": [11.1, 19.5, 15],
			"rotation": {"angle": -45, "axis": "x", "origin": [11.1, 10.5, 12]},
			"faces": {
				"north": {"uv": [13.5, 5, 16, 7], "texture": "#0"},
				"east": {"uv": [16, 5, 13.5, 0], "texture": "#0"},
				"south": {"uv": [13.5, 5, 16, 7], "texture": "#0"},
				"west": {"uv": [13.5, 5, 16, 7], "texture": "#0"},
				"up": {"uv": [13.5, 5, 16, 7], "texture": "#0"},
				"down": {"uv": [13.5, 5, 16, 7], "texture": "#0"}
			}
		},
		{
			"name": "arm1",
			"from": [10.625, 9.425, 6.425],
			"to": [13.775, 18.175, 9.575],
			"rotation": {"angle": 0, "axis": "y", "origin": [8, 1.2, 8]},
			"faces": {
				"north": {"uv": [11, 10.5, 12, 16], "texture": "#0"},
				"east": {"uv": [10, 10.5, 11, 16], "texture": "#0"},
				"south": {"uv": [10, 9.5, 11, 10.5], "texture": "#0"},
				"west": {"uv": [10, 9.5, 11, 10.5], "texture": "#0"},
				"up": {"uv": [12, 10.5, 11, 8.5], "texture": "#0"},
				"down": {"uv": [11, 9.5, 10, 10.5], "texture": "#0"}
			}
		},
		{
			"name": "arm3",
			"from": [10.625, 9.425, 9.575],
			"to": [13.775, 18.175, 10.075],
			"rotation": {"angle": 0, "axis": "y", "origin": [8, 1.2, 8.5]},
			"faces": {
				"north": {"uv": [14, 10.5, 13, 16], "texture": "#0"},
				"east": {"uv": [13, 9.5, 14, 10.5], "texture": "#0"},
				"south": {"uv": [13, 9.5, 14, 10.5], "texture": "#0"},
				"west": {"uv": [13, 9.5, 14, 10.5], "texture": "#0"},
				"up": {"uv": [14, 10.5, 13, 9.5], "texture": "#0"},
				"down": {"uv": [14, 9.5, 13, 10.5], "texture": "#0"}
			}
		},
		{
			"name": "body1",
			"from": [5.025, 9.425, 6.425],
			"to": [10.975, 18.175, 9.575],
			"rotation": {"angle": 0, "axis": "y", "origin": [8, 1.2, 8]},
			"faces": {
				"north": {"uv": [5, 10.5, 7, 16], "texture": "#0"},
				"east": {"uv": [4, 10.5, 5, 16], "texture": "#0"},
				"south": {"uv": [4, 9.5, 5, 10.5], "texture": "#0"},
				"west": {"uv": [4, 9.5, 5, 10.5], "texture": "#0"},
				"up": {"uv": [5, 10.5, 4, 9.5], "texture": "#0"},
				"down": {"uv": [5, 9.5, 4, 10.5], "texture": "#0"}
			}
		},
		{
			"name": "body2",
			"from": [4.525, 9.425, 6.425],
			"to": [5.025, 18.175, 9.575],
			"rotation": {"angle": 0, "axis": "y", "origin": [7.5, 1.2, 8]},
			"faces": {
				"north": {"uv": [7, 9.5, 8, 10.5], "texture": "#0"},
				"east": {"uv": [8, 10.5, 7, 16], "texture": "#0"},
				"south": {"uv": [7, 9.5, 8, 10.5], "texture": "#0"},
				"west": {"uv": [7, 9.5, 8, 10.5], "texture": "#0"},
				"up": {"uv": [8, 10.5, 7, 9.5], "texture": "#0"},
				"down": {"uv": [8, 9.5, 7, 10.5], "texture": "#0"}
			}
		},
		{
			"name": "body3",
			"from": [5.025, 9.425, 9.575],
			"to": [10.975, 18.175, 10.075],
			"rotation": {"angle": 0, "axis": "y", "origin": [8, 1.2, 8.5]},
			"faces": {
				"north": {"uv": [10, 10.5, 8, 16], "texture": "#0"},
				"east": {"uv": [8, 9.5, 10, 10.5], "texture": "#0"},
				"south": {"uv": [8, 9.5, 10, 10.5], "texture": "#0"},
				"west": {"uv": [8, 9.5, 10, 10.5], "texture": "#0"},
				"up": {"uv": [10, 10.5, 8, 9.5], "texture": "#0"},
				"down": {"uv": [10, 9.5, 8, 10.5], "texture": "#0"}
			}
		},
		{
			"name": "arm1",
			"from": [2.225, 9.425, 6.425],
			"to": [5.375, 18.175, 9.575],
			"rotation": {"angle": 0, "axis": "y", "origin": [8, 1.2, 8]},
			"faces": {
				"north": {"uv": [12, 10.5, 11, 16], "texture": "#0"},
				"east": {"uv": [13, 8.5, 12, 10.5], "texture": "#0"},
				"south": {"uv": [13, 8.5, 12, 10.5], "texture": "#0"},
				"west": {"uv": [13, 8.5, 12, 10.5], "texture": "#0"},
				"up": {"uv": [11, 10.5, 12, 8.5], "texture": "#0"},
				"down": {"uv": [12, 8.5, 13, 10.5], "texture": "#0"}
			}
		},
		{
			"name": "head",
			"from": [5.025, 17.825, 5.025],
			"to": [10.975, 23.775, 10.975],
			"rotation": {"angle": 0, "axis": "y", "origin": [8, 1.2, 8]},
			"faces": {
				"north": {"uv": [2, 12, 4, 16], "texture": "#0"},
				"east": {"uv": [0, 12, 2, 16], "texture": "#0"},
				"south": {"uv": [0, 10, 2, 12], "texture": "#0"},
				"west": {"uv": [0, 10, 2, 12], "texture": "#0"},
				"up": {"uv": [4, 12, 2, 8], "texture": "#0"},
				"down": {"uv": [2, 10, 0, 12], "texture": "#0"}
			}
		}
	],
	"gui_light": "front",
	"display": {
		"gui": {
			"rotation": [20, -140, 0],
			"translation": [0.25, -4.75, 0],
			"scale": [0.85, 0.85, 0.85]
		}
	},
	"groups": [
		{
			"name": "inner",
			"origin": [8, 8, 8],
			"color": 0,
			"children": [
				{
					"name": "right_leg",
					"origin": [9.4, 9.6, 8.07],
					"color": 0,
					"children": [0]
				},
				{
					"name": "left_leg",
					"origin": [6.6, 9.6, 8.07],
					"color": 0,
					"children": [1]
				},
				{
					"name": "right_arm",
					"origin": [11.5, 16.6, 8],
					"color": 0,
					"children": [2]
				},
				{
					"name": "left_arm",
					"origin": [4.5, 16.6, 8],
					"color": 0,
					"children": [3]
				},
				{
					"name": "body",
					"origin": [8, 18, 8],
					"color": 0,
					"children": [4, 5, 6]
				},
				{
					"name": "mushrooms",
					"origin": [8, 18, 8],
					"color": 0,
					"children": [
						{
							"name": "mushrooms_top",
							"origin": [5.9, 23.6, 10.1],
							"color": 0,
							"children": [7, 8, 9, 10]
						},
						{
							"name": "mushrooms_back",
							"origin": [9.4, 18.7, 11.5],
							"color": 0,
							"children": [11, 12]
						}
					]
				},
				{
					"name": "head",
					"origin": [8, 18, 8],
					"color": 0,
					"children": [13]
				},
				{
					"name": "bow",
					"origin": [8, 8, 8],
					"color": 0,
					"children": [14]
				}
			]
		},
		{
			"name": "outer",
			"origin": [8, 8, 8],
			"color": 0,
			"children": [
				{
					"name": "right_arm",
					"origin": [11.5, 9.6, 8],
					"color": 0,
					"children": [15, 16]
				},
				{
					"name": "body",
					"origin": [8, 11, 8],
					"color": 0,
					"children": [17, 18, 19]
				},
				{
					"name": "left_arm",
					"origin": [4.5, 9.6, 8],
					"color": 0,
					"children": [20]
				},
				{
					"name": "head",
					"origin": [8, 11, 8],
					"color": 0,
					"children": [21]
				}
			]
		}
	]
}