{
	"credit": "Made with Blockbench",
	"texture_size": [64, 16],
	"textures": {
		"1": "mc_overhaul:item/compendium_icons/bestiary/breeze",
		"particle": "minecraft:item/emerald"
	},
	"elements": [
		{
			"name": "wind_top",
			"from": [5.5, 13, 5.5],
			"to": [10.5, 21, 10.5],
			"rotation": {"angle": 0, "axis": "y", "origin": [8, 0, 8]},
			"faces": {
				"north": {"uv": [9.5, 1, 10.75, 9], "texture": "#1"},
				"east": {"uv": [8.25, 1, 9.5, 9], "texture": "#1"},
				"south": {"uv": [4, 0, 4.25, 9], "texture": "#1"},
				"west": {"uv": [4, 0, 4.25, 9], "texture": "#1"},
				"up": {"uv": [4.25, 9, 4, 0], "texture": "#1"},
				"down": {"uv": [4.25, 0, 4, 9], "texture": "#1"}
			}
		},
		{
			"name": "wind_top",
			"from": [-1, 13, -1],
			"to": [17, 21, 17],
			"rotation": {"angle": 0, "axis": "y", "origin": [8, 0, 8]},
			"faces": {
				"north": {"uv": [8.75, 1, 13.25, 9], "texture": "#1"},
				"east": {"uv": [4.25, 1, 8.75, 9], "texture": "#1"},
				"south": {"uv": [4, 1, 4.25, 9], "texture": "#1"},
				"west": {"uv": [4, 1, 4.25, 9], "texture": "#1"},
				"up": {"uv": [4.25, 9, 4, 1], "texture": "#1"},
				"down": {"uv": [4.25, 1, 4, 9], "texture": "#1"}
			}
		},
		{
			"name": "wind_top",
			"from": [2, 13, 2],
			"to": [14, 21, 14],
			"rotation": {"angle": 0, "axis": "y", "origin": [8, 0, 8]},
			"faces": {
				"north": {"uv": [7.25, 1, 10.25, 9], "texture": "#1"},
				"east": {"uv": [4.25, 1, 7.25, 9], "texture": "#1"},
				"south": {"uv": [4, 1, 4.25, 9], "texture": "#1"},
				"west": {"uv": [4, 1, 4.25, 9], "texture": "#1"},
				"up": {"uv": [4.25, 9, 4, 1], "texture": "#1"},
				"down": {"uv": [4.25, 1, 4, 9], "texture": "#1"}
			}
		},
		{
			"name": "wind_middle",
			"from": [2, 7, 2],
			"to": [14, 13, 14],
			"rotation": {"angle": 0, "axis": "y", "origin": [8, 0, 8]},
			"faces": {
				"north": {"uv": [7.25, 1, 10.25, 7], "texture": "#1"},
				"east": {"uv": [4.25, 1, 7.25, 7], "texture": "#1"},
				"south": {"uv": [4, 1, 4.25, 9], "texture": "#1"},
				"west": {"uv": [4, 1, 4.25, 9], "texture": "#1"},
				"up": {"uv": [4.25, 9, 4, 1], "texture": "#1"},
				"down": {"uv": [4.25, 1, 4, 9], "texture": "#1"}
			}
		},
		{
			"name": "wind_middle",
			"from": [4, 7, 4],
			"to": [12, 13, 12],
			"rotation": {"angle": 0, "axis": "y", "origin": [8, 0, 8]},
			"faces": {
				"north": {"uv": [11.25, 3, 13.25, 9], "texture": "#1"},
				"east": {"uv": [4.25, 1, 6.25, 7], "texture": "#1"},
				"south": {"uv": [4, 1, 4.25, 9], "texture": "#1"},
				"west": {"uv": [4, 1, 4.25, 9], "texture": "#1"},
				"up": {"uv": [4.25, 9, 4, 1], "texture": "#1"},
				"down": {"uv": [4.25, 1, 4, 9], "texture": "#1"}
			}
		},
		{
			"name": "wind_middle",
			"from": [5.5, 7, 5.5],
			"to": [10.5, 13, 10.5],
			"rotation": {"angle": 0, "axis": "y", "origin": [8, 0, 8]},
			"faces": {
				"north": {"uv": [5.75, 2, 7, 8], "texture": "#1"},
				"east": {"uv": [8.25, 3, 9.5, 9], "texture": "#1"},
				"south": {"uv": [4, 1, 4.25, 9], "texture": "#1"},
				"west": {"uv": [4, 1, 4.25, 9], "texture": "#1"},
				"up": {"uv": [4.25, 9, 4, 1], "texture": "#1"},
				"down": {"uv": [4.25, 1, 4, 9], "texture": "#1"}
			}
		},
		{
			"name": "wind_bottom",
			"from": [5.5, 0, 5.5],
			"to": [10.5, 7, 10.5],
			"rotation": {"angle": 0, "axis": "y", "origin": [8, 0, 8]},
			"faces": {
				"north": {"uv": [9.5, 2, 10.75, 9], "texture": "#1"},
				"east": {"uv": [10.75, 1, 12, 8], "texture": "#1"},
				"south": {"uv": [4, 1, 4.25, 9], "texture": "#1"},
				"west": {"uv": [4, 1, 4.25, 9], "texture": "#1"},
				"up": {"uv": [4.25, 9, 4, 1], "texture": "#1"},
				"down": {"uv": [4.25, 1, 4, 9], "texture": "#1"}
			}
		},
		{
			"name": "head",
			"from": [4, 22, 4],
			"to": [12, 30, 12],
			"rotation": {"angle": 0, "axis": "y", "origin": [8, 2, 8]},
			"faces": {
				"north": {"uv": [2, 8, 4, 16], "texture": "#1"},
				"east": {"uv": [0, 8, 2, 16], "texture": "#1"},
				"south": {"uv": [0, 0, 2, 8], "texture": "#1"},
				"west": {"uv": [0, 0, 2, 8], "texture": "#1"},
				"up": {"uv": [4, 8, 2, 0], "texture": "#1"},
				"down": {"uv": [2, 0, 0, 8], "texture": "#1"}
			}
		},
		{
			"name": "head",
			"from": [3, 24, 3.75],
			"to": [13, 27, 7.75],
			"rotation": {"angle": 0, "axis": "y", "origin": [8, 2, 8]},
			"faces": {
				"north": {"uv": [5.25, 13, 7.75, 16], "texture": "#1"},
				"east": {"uv": [4.25, 13, 5.25, 16], "texture": "#1"},
				"south": {"uv": [4.25, 10, 7.75, 13], "texture": "#1"},
				"west": {"uv": [4.25, 10, 7.75, 13], "texture": "#1"},
				"up": {"uv": [7.75, 13, 4.25, 10], "texture": "#1"},
				"down": {"uv": [7.75, 10, 4.25, 13], "texture": "#1"}
			}
		},
		{
			"name": "rod_1",
			"from": [7, 11.9343, 10.3576],
			"to": [9, 19.9343, 12.3576],
			"rotation": {"angle": -22.5, "axis": "x", "origin": [8, 2, 11]},
			"faces": {
				"north": {"uv": [14, 3, 14.5, 11], "texture": "#1"},
				"east": {"uv": [13.5, 3, 14, 11], "texture": "#1"},
				"south": {"uv": [13.5, 1, 14, 3], "texture": "#1"},
				"west": {"uv": [13.5, 1, 14, 3], "texture": "#1"},
				"up": {"uv": [14.5, 3, 14, 1], "texture": "#1"},
				"down": {"uv": [14, 1, 13.5, 3], "texture": "#1"}
			}
		},
		{
			"name": "rod_2",
			"from": [5, 11.9343, 7.3576],
			"to": [7, 19.9343, 9.3576],
			"rotation": {"angle": -22.5, "axis": "z", "origin": [6, 2, 8]},
			"faces": {
				"north": {"uv": [14, 3, 14.5, 11], "texture": "#1"},
				"east": {"uv": [13.5, 3, 14, 11], "texture": "#1"},
				"south": {"uv": [13.5, 1, 14, 3], "texture": "#1"},
				"west": {"uv": [13.5, 1, 14, 3], "texture": "#1"},
				"up": {"uv": [14.5, 3, 14, 1], "texture": "#1"},
				"down": {"uv": [14, 1, 13.5, 3], "texture": "#1"}
			}
		},
		{
			"name": "rod_3",
			"from": [9, 11.9343, 7.3576],
			"to": [11, 19.9343, 9.3576],
			"rotation": {"angle": 22.5, "axis": "z", "origin": [10, 2, 8]},
			"faces": {
				"north": {"uv": [14, 3, 14.5, 11], "texture": "#1"},
				"east": {"uv": [13.5, 3, 14, 11], "texture": "#1"},
				"south": {"uv": [13.5, 1, 14, 3], "texture": "#1"},
				"west": {"uv": [13.5, 1, 14, 3], "texture": "#1"},
				"up": {"uv": [14.5, 3, 14, 1], "texture": "#1"},
				"down": {"uv": [13.5, 1, 14, 3], "texture": "#1"}
			}
		}
	],
	"gui_light": "front",
	"display": {
		"gui": {
			"rotation": [20, -140, 0],
			"translation": [0, -4, 0],
			"scale": [0.65, 0.65, 0.65]
		}
	},
	"groups": [
		{
			"name": "wind_top",
			"origin": [8, 13, 8],
			"color": 0,
			"children": [0, 1, 2]
		},
		{
			"name": "wind_middle",
			"origin": [8, 7, 8],
			"color": 0,
			"children": [3, 4, 5]
		},
		{
			"name": "wind_bottom",
			"origin": [8, 0, 8],
			"color": 0,
			"children": [6]
		},
		{
			"name": "head",
			"origin": [8, 20, 8],
			"color": 0,
			"children": [7, 8]
		},
		{
			"name": "rods",
			"origin": [8, 16, 8],
			"color": 0,
			"children": [
				{
					"name": "rod_1",
					"origin": [8, 5, 5],
					"color": 0,
					"children": [9]
				},
				{
					"name": "rotation_2",
					"origin": [8, 8, 8],
					"color": 0,
					"children": [
						{
							"name": "rod_2",
							"origin": [8, 5, 5],
							"color": 0,
							"children": [10]
						}
					]
				},
				{
					"name": "rotation_3",
					"origin": [8, 8, 8],
					"color": 0,
					"children": [
						{
							"name": "rod_3",
							"origin": [8, 5, 5],
							"color": 0,
							"children": [11]
						}
					]
				}
			]
		}
	]
}