{
	"credit": "Made with Blockbench",
	"textures": {
		"0": "mc_overhaul:item/compendium_icons/bestiary/butterflyfish",
		"particle": "minecraft:item/emerald"
	},
	"elements": [
		{
			"name": "body",
			"from": [6.19366, 2.26099, 2.58099],
			"to": [9.80634, 13.09901, 13.41901],
			"rotation": {"angle": 0, "axis": "y", "origin": [8, 2.26099, 2.58099]},
			"faces": {
				"north": {"uv": [6, 6, 8, 12], "texture": "#0"},
				"east": {"uv": [0, 6, 6, 12], "texture": "#0"},
				"south": {"uv": [8, 0, 9, 12], "texture": "#0"},
				"west": {"uv": [8, 0, 9, 12], "texture": "#0"},
				"up": {"uv": [8, 6, 6, 0], "texture": "#0"},
				"down": {"uv": [8, 0, 9, 12], "texture": "#0"}
			}
		},
		{
			"name": "right_fin",
			"from": [14.12634, 2.26099, 8.288],
			"to": [17.73901, 5.87366, 8.288],
			"rotation": {"angle": -45, "axis": "y", "origin": [12.32, 2.26099, 2.86899]},
			"faces": {
				"north": {"uv": [0, 4, 2, 6], "texture": "#0"},
				"east": {"uv": [2, 4, 6, 6], "texture": "#0"},
				"south": {"uv": [2, 4, 6, 6], "texture": "#0"},
				"west": {"uv": [2, 4, 6, 6], "texture": "#0"},
				"up": {"uv": [2, 4, 6, 6], "texture": "#0"},
				"down": {"uv": [2, 4, 6, 6], "texture": "#0"}
			}
		},
		{
			"name": "fin_top",
			"from": [8, 13.09901, 2.58099],
			"to": [8, 20.32435, 13.41901],
			"rotation": {"angle": 0, "axis": "y", "origin": [8, 2.26099, 2.58099]},
			"faces": {
				"north": {"uv": [2, 4, 6, 6], "texture": "#0"},
				"east": {"uv": [0, 0, 6, 4], "texture": "#0"},
				"south": {"uv": [2, 4, 6, 6], "texture": "#0"},
				"west": {"uv": [2, 4, 6, 6], "texture": "#0"},
				"up": {"uv": [2, 4, 6, 6], "texture": "#0"},
				"down": {"uv": [2, 4, 6, 6], "texture": "#0"}
			}
		},
		{
			"name": "fin_bottom",
			"from": [8, -4.96435, 2.58099],
			"to": [8, 2.26099, 13.41901],
			"rotation": {"angle": 0, "axis": "y", "origin": [8, 2.26099, 2.58099]},
			"faces": {
				"north": {"uv": [8, 4, 10, 5], "texture": "#0"},
				"east": {"uv": [8, 0, 14, 4], "texture": "#0"},
				"south": {"uv": [8, 4, 10, 5], "texture": "#0"},
				"west": {"uv": [8, 4, 10, 5], "texture": "#0"},
				"up": {"uv": [8, 4, 10, 5], "texture": "#0"},
				"down": {"uv": [8, 4, 10, 5], "texture": "#0"}
			}
		},
		{
			"name": "tail",
			"from": [8, 2.26099, 13.41901],
			"to": [8, 13.09901, 22.45069],
			"rotation": {"angle": 0, "axis": "y", "origin": [8, 2.26099, 2.58099]},
			"faces": {
				"north": {"uv": [8, 5, 13, 6], "texture": "#0"},
				"east": {"uv": [13, 6, 8, 12], "texture": "#0"},
				"south": {"uv": [8, 5, 13, 6], "texture": "#0"},
				"west": {"uv": [8, 5, 13, 6], "texture": "#0"},
				"up": {"uv": [8, 5, 13, 6], "texture": "#0"},
				"down": {"uv": [8, 5, 13, 6], "texture": "#0"}
			}
		}
	],
	"gui_light": "front",
	"display": {
		"gui": {
			"rotation": [20, -140, 0],
			"translation": [1.5, -1, 0]
		}
	}
}