{
	"credit": "Made with Blockbench",
	"texture_size": [128, 64],
	"textures": {
		"0": "mc_overhaul:item/compendium_icons/bestiary/camel",
		"particle": "minecraft:item/emerald"
	},
	"elements": [
		{
			"name": "head",
			"from": [6.625, 21.8, -7.55],
			"to": [9.375, 24.55, -4.25],
			"rotation": {"angle": 0, "axis": "y", "origin": [8, 0.35, 8.95]},
			"faces": {
				"north": {"uv": [5, 4, 5.625, 5.25], "texture": "#0"},
				"east": {"uv": [4.25, 4, 5, 5.25], "texture": "#0"},
				"south": {"uv": [4.25, 2.75, 5, 4], "texture": "#0"},
				"west": {"uv": [4.25, 2.75, 5, 4], "texture": "#0"},
				"up": {"uv": [5.625, 4, 5, 2.5], "texture": "#0"},
				"down": {"uv": [5, 2.75, 4.25, 4], "texture": "#0"}
			}
		},
		{
			"name": "head",
			"from": [6.075, 16.85, -4.25],
			"to": [9.925, 24.55, -0.4],
			"rotation": {"angle": 0, "axis": "y", "origin": [8, 0.35, 8.95]},
			"faces": {
				"north": {"uv": [3, 1.75, 3.875, 5.25], "texture": "#0"},
				"east": {"uv": [2.125, 1.75, 3, 5.25], "texture": "#0"},
				"south": {"uv": [2.125, 0, 3, 1.75], "texture": "#0"},
				"west": {"uv": [2.125, 0, 3, 1.75], "texture": "#0"},
				"up": {"uv": [3.875, 1.75, 3, 0], "texture": "#0"},
				"down": {"uv": [3, 0, 2.125, 1.75], "texture": "#0"}
			}
		},
		{
			"name": "head",
			"from": [6.075, 12.45, -4.25],
			"to": [9.925, 16.85, 6.2],
			"rotation": {"angle": 0, "axis": "y", "origin": [8, 0.35, 8.95]},
			"faces": {
				"north": {"uv": [11.875, 3.25, 12.75, 5.25], "texture": "#0"},
				"east": {"uv": [9.5, 3.25, 11.875, 5.25], "texture": "#0"},
				"south": {"uv": [11, 1.5, 11.875, 3.25], "texture": "#0"},
				"west": {"uv": [11, 1.5, 11.875, 3.25], "texture": "#0"},
				"up": {"uv": [12.75, 3.25, 11.875, 0], "texture": "#0"},
				"down": {"uv": [11.875, 1.5, 11, 3.25], "texture": "#0"}
			}
		},
		{
			"name": "left_ear",
			"from": [-12.295, 29.665, -1.775],
			"to": [-10.645, 30.215, -0.675],
			"rotation": {"angle": -45, "axis": "z", "origin": [-9.27, 6.29, 8.95]},
			"faces": {
				"north": {"uv": [6.125, 5, 6.5, 5.25], "texture": "#0"},
				"east": {"uv": [5.875, 4.5, 6.125, 5], "texture": "#0"},
				"south": {"uv": [6.5, 0.5, 6.875, 0.75], "texture": "#0"},
				"west": {"uv": [6.25, 0.5, 6.5, 0.75], "texture": "#0"},
				"up": {"uv": [6.5, 5, 6.125, 4.5], "texture": "#0"},
				"down": {"uv": [6.625, 0, 6.25, 0.5], "texture": "#0"}
			}
		},
		{
			"name": "right_ear",
			"from": [26.645, 29.665, -1.775],
			"to": [28.295, 30.215, -0.675],
			"rotation": {"angle": 45, "axis": "z", "origin": [25.27, 6.29, 8.95]},
			"faces": {
				"north": {"uv": [6.125, 5, 6.5, 5.25], "texture": "#0"},
				"east": {"uv": [5.875, 5, 6.125, 5.25], "texture": "#0"},
				"south": {"uv": [9.25, 0.5, 9.625, 0.75], "texture": "#0"},
				"west": {"uv": [9, 0.5, 9.25, 0.75], "texture": "#0"},
				"up": {"uv": [6.5, 5, 6.125, 4.5], "texture": "#0"},
				"down": {"uv": [9.375, 0, 9, 0.5], "texture": "#0"}
			}
		},
		{
			"name": "body",
			"from": [3.875, 11.35, 1.8],
			"to": [12.125, 17.95, 16.65],
			"rotation": {"angle": 0, "axis": "y", "origin": [8, 0.35, 8.95]},
			"faces": {
				"north": {"uv": [3.375, 12.25, 5.25, 15.25], "texture": "#0"},
				"east": {"uv": [0, 12.25, 3.375, 15.25], "texture": "#0"},
				"south": {"uv": [1.5, 9, 3.375, 12.25], "texture": "#0"},
				"west": {"uv": [1.5, 9, 3.375, 12.25], "texture": "#0"},
				"up": {"uv": [5.25, 12.25, 3.375, 5.5], "texture": "#0"},
				"down": {"uv": [3.375, 9, 1.5, 12.25], "texture": "#0"}
			}
		},
		{
			"name": "hump",
			"from": [5.525, 17.95, 6.2],
			"to": [10.475, 20.7, 12.25],
			"rotation": {"angle": 0, "axis": "y", "origin": [8, 0.35, 8.95]},
			"faces": {
				"north": {"uv": [8.25, 4, 9.375, 5.25], "texture": "#0"},
				"east": {"uv": [6.875, 4, 8.25, 5.25], "texture": "#0"},
				"south": {"uv": [7.125, 1.25, 8.25, 4], "texture": "#0"},
				"west": {"uv": [7.125, 1.25, 8.25, 4], "texture": "#0"},
				"up": {"uv": [9.375, 4, 8.25, 1.25], "texture": "#0"},
				"down": {"uv": [8.25, 1.25, 7.125, 4], "texture": "#0"}
			}
		},
		{
			"name": "front_left_leg",
			"from": [3.985, 0.35, 2.35],
			"to": [6.735, 11.9, 5.1],
			"rotation": {"angle": 0, "axis": "y", "origin": [8, 0.35, 8.95]},
			"faces": {
				"north": {"uv": [0.625, 0, 1.25, 5.25], "texture": "#0"},
				"east": {"uv": [0, 0, 0.625, 5.25], "texture": "#0"},
				"south": {"uv": [0, 5.25, 0.625, 6.5], "texture": "#0"},
				"west": {"uv": [0, 5.25, 0.625, 6.5], "texture": "#0"},
				"up": {"uv": [0.625, 6.5, 0, 5.25], "texture": "#0"},
				"down": {"uv": [0.625, 5.25, 0, 6.5], "texture": "#0"}
			}
		},
		{
			"name": "front_right_leg",
			"from": [9.265, 0.35, 2.35],
			"to": [12.015, 11.9, 5.1],
			"rotation": {"angle": 0, "axis": "y", "origin": [8, 0.35, 8.95]},
			"faces": {
				"north": {"uv": [1.25, 0, 0.625, 5.25], "texture": "#0"},
				"east": {"uv": [1.875, 0, 1.25, 5.25], "texture": "#0"},
				"south": {"uv": [0, 5.25, 0.625, 6.5], "texture": "#0"},
				"west": {"uv": [0, 5.25, 0.625, 6.5], "texture": "#0"},
				"up": {"uv": [0.625, 6.5, 0, 5.25], "texture": "#0"},
				"down": {"uv": [0.625, 5.25, 0, 6.5], "texture": "#0"}
			}
		},
		{
			"name": "back_left_leg",
			"from": [3.985, 0.35, 13.35],
			"to": [6.735, 11.9, 16.1],
			"rotation": {"angle": 0, "axis": "y", "origin": [8, 0.35, 8.95]},
			"faces": {
				"north": {"uv": [0.625, 0, 1.25, 5.25], "texture": "#0"},
				"east": {"uv": [0, 0, 0.625, 5.25], "texture": "#0"},
				"south": {"uv": [0, 5.25, 0.625, 6.75], "texture": "#0"},
				"west": {"uv": [0, 5.25, 0.625, 6.75], "texture": "#0"},
				"up": {"uv": [0.625, 6.75, 0, 5.25], "texture": "#0"},
				"down": {"uv": [0.625, 5.25, 0, 6.75], "texture": "#0"}
			}
		},
		{
			"name": "back_right_leg",
			"from": [9.265, 0.35, 13.35],
			"to": [12.015, 11.9, 16.1],
			"rotation": {"angle": 0, "axis": "y", "origin": [8, 0.35, 8.95]},
			"faces": {
				"north": {"uv": [1.25, 0, 0.625, 5.25], "texture": "#0"},
				"east": {"uv": [1.875, 0, 1.25, 5.25], "texture": "#0"},
				"south": {"uv": [0, 5.25, 0.625, 6.75], "texture": "#0"},
				"west": {"uv": [0, 5.25, 0.625, 6.75], "texture": "#0"},
				"up": {"uv": [0.625, 6.75, 0, 5.25], "texture": "#0"},
				"down": {"uv": [0.625, 5.25, 0, 6.75], "texture": "#0"}
			}
		}
	],
	"gui_light": "front",
	"display": {
		"gui": {
			"rotation": [20, -140, 0],
			"translation": [-0.75, -2, 0],
			"scale": [0.75, 0.75, 0.75]
		}
	},
	"groups": [
		{
			"name": "head",
			"origin": [8, 13, 4],
			"color": 0,
			"children": [0, 1, 2]
		},
		{
			"name": "left_ear",
			"origin": [6.5, 23.5, -0.75],
			"color": 0,
			"children": [3]
		},
		{
			"name": "right_ear",
			"origin": [9.5, 23.5, -0.75],
			"color": 0,
			"children": [4]
		},
		{
			"name": "body",
			"origin": [8, 11.5, 13.75],
			"color": 0,
			"children": [5]
		},
		{
			"name": "hump",
			"origin": [8, 17.5, 8.75],
			"color": 0,
			"children": [6]
		},
		{
			"name": "front_left_leg",
			"origin": [5.55, 13, 3.5],
			"color": 0,
			"children": [7]
		},
		{
			"name": "front_right_leg",
			"origin": [10.45, 13, 3.75],
			"color": 0,
			"children": [8]
		},
		{
			"name": "back_left_leg",
			"origin": [5.55, 13, 13.75],
			"color": 0,
			"children": [9]
		},
		{
			"name": "back_right_leg",
			"origin": [10.45, 13, 13.75],
			"color": 0,
			"children": [10]
		}
	]
}