{
	"credit": "Made with Blockbench",
	"texture_size": [32, 32],
	"textures": {
		"0": "mc_overhaul:item/compendium_icons/bestiary/cave_spider",
		"particle": "minecraft:item/emerald"
	},
	"elements": [
		{
			"name": "head",
			"from": [6.23775, 7.23775, 1.47549],
			"to": [9.76225, 10.76225, 5],
			"rotation": {"angle": 0, "axis": "y", "origin": [8, 5.03493, 6.32169]},
			"faces": {
				"north": {"uv": [6.5, 4, 10.5, 8], "texture": "#0"},
				"east": {"uv": [2.5, 4, 6.5, 8], "texture": "#0"},
				"south": {"uv": [10.5, 0, 14.5, 4], "texture": "#0"},
				"west": {"uv": [10.5, 0, 14.5, 4], "texture": "#0"},
				"up": {"uv": [6.5, 0, 10.5, 4], "texture": "#0"},
				"down": {"uv": [10.5, 0, 14.5, 4], "texture": "#0"}
			}
		},
		{
			"name": "neck",
			"from": [6.67831, 7.67831, 5],
			"to": [9.32169, 10.32169, 7.64338],
			"rotation": {"angle": 0, "axis": "y", "origin": [8, 5.03493, 6.32169]},
			"faces": {
				"north": {"uv": [0, 3, 2.5, 5.5], "texture": "#0"},
				"east": {"uv": [0, 0, 3, 3], "texture": "#0"},
				"south": {"uv": [0, 3, 2.5, 5.5], "texture": "#0"},
				"west": {"uv": [0, 3, 2.5, 5.5], "texture": "#0"},
				"up": {"uv": [3, 0, 6, 3], "texture": "#0"},
				"down": {"uv": [0, 3, 2.5, 5.5], "texture": "#0"}
			}
		},
		{
			"name": "body",
			"from": [5.79718, 7.23775, 7.64338],
			"to": [10.20282, 10.76225, 12.93014],
			"rotation": {"angle": 0, "axis": "y", "origin": [8, 5.03493, 6.32169]},
			"faces": {
				"north": {"uv": [11, 11, 16, 15], "texture": "#0"},
				"east": {"uv": [5, 11, 11, 15], "texture": "#0"},
				"south": {"uv": [11, 1, 16, 5], "texture": "#0"},
				"west": {"uv": [11, 1, 16, 5], "texture": "#0"},
				"up": {"uv": [11, 5, 16, 11], "texture": "#0"},
				"down": {"uv": [11, 1, 16, 5], "texture": "#0"}
			}
		},
		{
			"name": "leg1",
			"from": [7.74825, 8.55944, 7.64338],
			"to": [14.79727, 9.44056, 8.52451],
			"rotation": {"angle": -22.5, "axis": "z", "origin": [6.42656, 5.03493, 6.32169]},
			"faces": {
				"north": {"uv": [1, 9.5, 9, 10.5], "texture": "#0"},
				"east": {"uv": [0, 9.5, 1, 10.5], "texture": "#0"},
				"south": {"uv": [0, 10.5, 3.5, 12.5], "texture": "#0"},
				"west": {"uv": [0, 10.5, 3.5, 12.5], "texture": "#0"},
				"up": {"uv": [1, 8.5, 9, 9.5], "texture": "#0"},
				"down": {"uv": [0, 10.5, 3.5, 12.5], "texture": "#0"}
			}
		},
		{
			"name": "leg2",
			"from": [1.20273, 8.55944, 7.64338],
			"to": [8.25175, 9.44056, 8.52451],
			"rotation": {"angle": 22.5, "axis": "z", "origin": [9.57344, 5.03493, 6.32169]},
			"faces": {
				"north": {"uv": [1, 9.5, 9, 10.5], "texture": "#0"},
				"east": {"uv": [0, 10.5, 3.5, 12.5], "texture": "#0"},
				"south": {"uv": [0, 10.5, 3.5, 12.5], "texture": "#0"},
				"west": {"uv": [0, 10.5, 3.5, 12.5], "texture": "#0"},
				"up": {"uv": [1, 8.5, 9, 9.5], "texture": "#0"},
				"down": {"uv": [0, 10.5, 3.5, 12.5], "texture": "#0"}
			}
		},
		{
			"name": "leg3",
			"from": [7.74825, 8.55944, 6.34338],
			"to": [14.79727, 9.44056, 7.22451],
			"rotation": {"angle": -22.5, "axis": "z", "origin": [6.42656, 5.03493, 5.02169]},
			"faces": {
				"north": {"uv": [1, 9.5, 9, 10.5], "texture": "#0"},
				"east": {"uv": [0, 9.5, 1, 10.5], "texture": "#0"},
				"south": {"uv": [0, 10.5, 3.5, 12.5], "texture": "#0"},
				"west": {"uv": [0, 10.5, 3.5, 12.5], "texture": "#0"},
				"up": {"uv": [1, 8.5, 9, 9.5], "texture": "#0"},
				"down": {"uv": [0, 10.5, 3.5, 12.5], "texture": "#0"}
			}
		},
		{
			"name": "leg4",
			"from": [1.20273, 8.55944, 6.34338],
			"to": [8.25175, 9.44056, 7.22451],
			"rotation": {"angle": 22.5, "axis": "z", "origin": [9.57344, 5.03493, 5.02169]},
			"faces": {
				"north": {"uv": [1, 9.5, 9, 10.5], "texture": "#0"},
				"east": {"uv": [0, 10.5, 3.5, 12.5], "texture": "#0"},
				"south": {"uv": [0, 10.5, 3.5, 12.5], "texture": "#0"},
				"west": {"uv": [0, 10.5, 3.5, 12.5], "texture": "#0"},
				"up": {"uv": [1, 8.5, 9, 9.5], "texture": "#0"},
				"down": {"uv": [0, 10.5, 3.5, 12.5], "texture": "#0"}
			}
		},
		{
			"name": "leg5",
			"from": [7.74825, 8.55944, 4.94338],
			"to": [14.79727, 9.44056, 5.82451],
			"rotation": {"angle": -22.5, "axis": "z", "origin": [6.42656, 5.03493, 3.62169]},
			"faces": {
				"north": {"uv": [1, 9.5, 9, 10.5], "texture": "#0"},
				"east": {"uv": [0, 9.5, 1, 10.5], "texture": "#0"},
				"south": {"uv": [0, 10.5, 3.5, 12.5], "texture": "#0"},
				"west": {"uv": [0, 10.5, 3.5, 12.5], "texture": "#0"},
				"up": {"uv": [1, 8.5, 9, 9.5], "texture": "#0"},
				"down": {"uv": [0, 10.5, 3.5, 12.5], "texture": "#0"}
			}
		},
		{
			"name": "leg6",
			"from": [1.20273, 8.55944, 5.04338],
			"to": [8.25175, 9.44056, 5.92451],
			"rotation": {"angle": 22.5, "axis": "z", "origin": [9.57344, 5.03493, 3.72169]},
			"faces": {
				"north": {"uv": [1, 9.5, 9, 10.5], "texture": "#0"},
				"east": {"uv": [0, 10.5, 3.5, 12.5], "texture": "#0"},
				"south": {"uv": [0, 10.5, 3.5, 12.5], "texture": "#0"},
				"west": {"uv": [0, 10.5, 3.5, 12.5], "texture": "#0"},
				"up": {"uv": [1, 8.5, 9, 9.5], "texture": "#0"},
				"down": {"uv": [0, 10.5, 3.5, 12.5], "texture": "#0"}
			}
		},
		{
			"name": "leg7",
			"from": [7.74825, 8.55944, 3.64338],
			"to": [14.79727, 9.44056, 4.52451],
			"rotation": {"angle": -22.5, "axis": "z", "origin": [6.42656, 5.03493, 2.32169]},
			"faces": {
				"north": {"uv": [1, 9.5, 9, 10.5], "texture": "#0"},
				"east": {"uv": [0, 9.5, 1, 10.5], "texture": "#0"},
				"south": {"uv": [0, 10.5, 3.5, 12.5], "texture": "#0"},
				"west": {"uv": [0, 10.5, 3.5, 12.5], "texture": "#0"},
				"up": {"uv": [1, 8.5, 9, 9.5], "texture": "#0"},
				"down": {"uv": [0, 10.5, 3.5, 12.5], "texture": "#0"}
			}
		},
		{
			"name": "leg8",
			"from": [1.20273, 8.55944, 3.64338],
			"to": [8.25175, 9.44056, 4.52451],
			"rotation": {"angle": 22.5, "axis": "z", "origin": [9.57344, 5.03493, 2.32169]},
			"faces": {
				"north": {"uv": [1, 9.5, 9, 10.5], "texture": "#0"},
				"east": {"uv": [0, 10.5, 3.5, 12.5], "texture": "#0"},
				"south": {"uv": [0, 10.5, 3.5, 12.5], "texture": "#0"},
				"west": {"uv": [0, 10.5, 3.5, 12.5], "texture": "#0"},
				"up": {"uv": [1, 8.5, 9, 9.5], "texture": "#0"},
				"down": {"uv": [0, 10.5, 3.5, 12.5], "texture": "#0"}
			}
		}
	],
	"gui_light": "front",
	"display": {
		"gui": {
			"rotation": [20, -140, 0],
			"translation": [-2, 0, 0],
			"scale": [1.35, 1.35, 1.35]
		}
	},
	"groups": [
		{
			"name": "head",
			"origin": [8, 9, 5],
			"color": 0,
			"children": [0]
		},
		{
			"name": "neck",
			"origin": [8, 9, 8],
			"color": 0,
			"children": [1]
		},
		{
			"name": "body",
			"origin": [8, 9, 17],
			"color": 0,
			"children": [2]
		},
		{
			"name": "leg1",
			"origin": [12, 9, 12],
			"color": 0,
			"children": [3]
		},
		{
			"name": "leg2",
			"origin": [4, 9, 12],
			"color": 0,
			"children": [4]
		},
		{
			"name": "leg3",
			"origin": [12, 9, 9],
			"color": 0,
			"children": [5]
		},
		{
			"name": "leg4",
			"origin": [4, 9, 9],
			"color": 0,
			"children": [6]
		},
		{
			"name": "leg5",
			"origin": [12, 9, 6],
			"color": 0,
			"children": [7]
		},
		{
			"name": "leg6",
			"origin": [4, 9, 6],
			"color": 0,
			"children": [8]
		},
		{
			"name": "leg7",
			"origin": [12, 9, 3],
			"color": 0,
			"children": [9]
		},
		{
			"name": "leg8",
			"origin": [4, 9, 3],
			"color": 0,
			"children": [10]
		}
	]
}