{
	"credit": "Made with Blockbench",
	"texture_size": [32, 16],
	"textures": {
		"0": "mc_overhaul:item/compendium_icons/bestiary/chicken",
		"particle": "minecraft:item/emerald"
	},
	"elements": [
		{
			"name": "head",
			"from": [6, 9, 2],
			"to": [10, 15, 5],
			"rotation": {"angle": 0, "axis": "y", "origin": [8, 0, 8]},
			"faces": {
				"north": {"uv": [1.5, 3, 3.5, 9], "texture": "#0"},
				"east": {"uv": [0, 3, 1.5, 9], "texture": "#0"},
				"south": {"uv": [0, 0, 1.5, 3], "texture": "#0"},
				"west": {"uv": [0, 0, 1.5, 3], "texture": "#0"},
				"up": {"uv": [1.5, 0, 3.5, 3], "texture": "#0"},
				"down": {"uv": [0, 0, 1.5, 3], "texture": "#0"}
			}
		},
		{
			"name": "bill",
			"from": [6, 11, 0],
			"to": [10, 13, 2],
			"rotation": {"angle": 0, "axis": "y", "origin": [8, 0, 8]},
			"faces": {
				"north": {"uv": [14, 3, 16, 5], "texture": "#0"},
				"east": {"uv": [13, 3, 14, 5], "texture": "#0"},
				"south": {"uv": [13, 1, 14, 3], "texture": "#0"},
				"west": {"uv": [13, 1, 14, 3], "texture": "#0"},
				"up": {"uv": [14, 3, 16, 1], "texture": "#0"},
				"down": {"uv": [13, 1, 14, 3], "texture": "#0"}
			}
		},
		{
			"name": "chin",
			"from": [7, 9, 1],
			"to": [9, 11, 3],
			"rotation": {"angle": 0, "axis": "y", "origin": [8, 0, 8]},
			"faces": {
				"north": {"uv": [2, 7, 3, 9], "texture": "#0"},
				"east": {"uv": [2, 7, 3, 9], "texture": "#0"},
				"south": {"uv": [2, 9, 3, 11], "texture": "#0"},
				"west": {"uv": [2, 9, 3, 11], "texture": "#0"},
				"up": {"uv": [2, 9, 3, 11], "texture": "#0"},
				"down": {"uv": [2, 9, 3, 11], "texture": "#0"}
			}
		},
		{
			"name": "body",
			"from": [5, 5, 5],
			"to": [11, 11, 13],
			"rotation": {"angle": 0, "axis": "y", "origin": [8, 8, 17]},
			"faces": {
				"north": {"uv": [7, 0, 10, 6], "rotation": 180, "texture": "#0"},
				"east": {"uv": [4, 6, 7, 14], "rotation": 90, "texture": "#0"},
				"south": {"uv": [4, 0, 7, 6], "texture": "#0"},
				"west": {"uv": [4, 0, 7, 6], "rotation": 270, "texture": "#0"},
				"up": {"uv": [7, 6, 10, 14], "texture": "#0"},
				"down": {"uv": [4, 0, 7, 6], "rotation": 180, "texture": "#0"}
			}
		},
		{
			"name": "wing",
			"from": [15.3, 6.3, 6],
			"to": [16.3, 10.3, 12],
			"rotation": {"angle": 22.5, "axis": "z", "origin": [12.3, -0.7, 9]},
			"faces": {
				"north": {"uv": [15.5, 11, 16, 15], "texture": "#0"},
				"east": {"uv": [12.5, 11, 15.5, 15], "texture": "#0"},
				"south": {"uv": [13, 6, 15.5, 11], "texture": "#0"},
				"west": {"uv": [13, 6, 15.5, 11], "texture": "#0"},
				"up": {"uv": [15.5, 5, 16, 11], "texture": "#0"},
				"down": {"uv": [13, 6, 15.5, 11], "texture": "#0"}
			}
		},
		{
			"name": "thigh",
			"from": [5, 0, 10],
			"to": [8, 5, 10],
			"rotation": {"angle": 0, "axis": "y", "origin": [8, 0, 10]},
			"faces": {
				"north": {"uv": [11.5, 5, 13, 10], "texture": "#0"},
				"east": {"uv": [10, 5, 11.5, 10], "rotation": 90, "texture": "#0"},
				"south": {"uv": [10, 5, 11.5, 10], "rotation": 90, "texture": "#0"},
				"west": {"uv": [10, 5, 11.5, 10], "rotation": 90, "texture": "#0"},
				"up": {"uv": [10, 5, 11.5, 10], "rotation": 90, "texture": "#0"},
				"down": {"uv": [10, 5, 11.5, 10], "rotation": 270, "texture": "#0"}
			}
		},
		{
			"name": "foot",
			"from": [5, 0, 7],
			"to": [8, 0, 10],
			"rotation": {"angle": 0, "axis": "y", "origin": [5, 0, 7]},
			"faces": {
				"north": {"uv": [10, 1, 11.5, 4], "texture": "#0"},
				"east": {"uv": [10, 1, 11.5, 4], "texture": "#0"},
				"south": {"uv": [10, 1, 11.5, 4], "texture": "#0"},
				"west": {"uv": [10, 1, 11.5, 4], "texture": "#0"},
				"up": {"uv": [11.5, 4, 13, 1], "texture": "#0"},
				"down": {"uv": [10, 1, 11.5, 4], "texture": "#0"}
			}
		},
		{
			"name": "thigh",
			"from": [8, 0, 10],
			"to": [11, 5, 10],
			"rotation": {"angle": 0, "axis": "y", "origin": [8, 0, 10]},
			"faces": {
				"north": {"uv": [11.5, 5, 13, 10], "texture": "#0"},
				"east": {"uv": [10, 5, 11.5, 10], "texture": "#0"},
				"south": {"uv": [10, 5, 11.5, 10], "texture": "#0"},
				"west": {"uv": [10, 5, 11.5, 10], "texture": "#0"},
				"up": {"uv": [10, 5, 11.5, 10], "texture": "#0"},
				"down": {"uv": [10, 5, 11.5, 10], "texture": "#0"}
			}
		},
		{
			"name": "foot",
			"from": [8, 0, 7],
			"to": [11, 0, 10],
			"rotation": {"angle": 0, "axis": "x", "origin": [8, 0, 7]},
			"faces": {
				"north": {"uv": [10, 1, 11.5, 4], "texture": "#0"},
				"east": {"uv": [10, 1, 11.5, 4], "texture": "#0"},
				"south": {"uv": [10, 1, 11.5, 4], "texture": "#0"},
				"west": {"uv": [10, 1, 11.5, 4], "texture": "#0"},
				"up": {"uv": [11.5, 4, 13, 1], "texture": "#0"},
				"down": {"uv": [10, 1, 11.5, 4], "texture": "#0"}
			}
		}
	],
	"gui_light": "front",
	"display": {
		"gui": {
			"rotation": [20, -140, 0],
			"translation": [-0.5, 1.25, 0],
			"scale": [1.1, 1.1, 1.1]
		}
	},
	"groups": [
		{
			"name": "head",
			"origin": [8, 9, 4],
			"color": 0,
			"children": [0]
		},
		{
			"name": "bill",
			"origin": [8, 9, 4],
			"color": 0,
			"children": [1]
		},
		{
			"name": "chin",
			"origin": [8, 9, 4],
			"color": 0,
			"children": [2]
		},
		{
			"name": "body",
			"origin": [8, 8, 8],
			"color": 0,
			"children": [3]
		},
		{
			"name": "right_wing",
			"origin": [12, 11, 8],
			"color": 0,
			"children": [4]
		},
		{
			"name": "left_leg",
			"origin": [7, 5, 9],
			"color": 0,
			"children": [5, 6]
		},
		{
			"name": "right_leg",
			"origin": [10, 5, 9],
			"color": 0,
			"children": [7, 8]
		}
	]
}