{
	"credit": "Made with Blockbench",
	"textures": {
		"0": "mc_overhaul:item/compendium_icons/bestiary/clownfish",
		"particle": "minecraft:item/emerald"
	},
	"elements": [
		{
			"name": "fin_top",
			"from": [8, 6.77376, 1.22624],
			"to": [8, 15.80544, 14.77376],
			"rotation": {"angle": 0, "axis": "y", "origin": [8, 0, 8]},
			"faces": {
				"north": {"uv": [2, 4, 4, 6], "texture": "#0"},
				"east": {"uv": [0, 0, 6, 4], "texture": "#0"},
				"south": {"uv": [2, 4, 4, 6], "texture": "#0"},
				"west": {"uv": [2, 4, 4, 6], "texture": "#0"},
				"up": {"uv": [2, 4, 4, 6], "texture": "#0"},
				"down": {"uv": [2, 4, 4, 6], "texture": "#0"}
			}
		},
		{
			"name": "tail",
			"from": [8, 0, 14.77376],
			"to": [8, 6.77376, 23.80544],
			"rotation": {"angle": 0, "axis": "y", "origin": [8, 0, 8]},
			"faces": {
				"north": {"uv": [8, 3, 12, 4], "texture": "#0"},
				"east": {"uv": [12, 0, 8, 3], "texture": "#0"},
				"south": {"uv": [8, 3, 12, 4], "texture": "#0"},
				"west": {"uv": [8, 3, 12, 4], "texture": "#0"},
				"up": {"uv": [8, 3, 12, 4], "texture": "#0"},
				"down": {"uv": [8, 3, 12, 4], "texture": "#0"}
			}
		},
		{
			"name": "body",
			"from": [5.74208, 0, 1.22624],
			"to": [10.25792, 6.77376, 14.77376],
			"rotation": {"angle": 0, "axis": "y", "origin": [8, 0, 8]},
			"faces": {
				"north": {"uv": [6, 6, 8, 9], "texture": "#0"},
				"east": {"uv": [0, 6, 6, 9], "texture": "#0"},
				"south": {"uv": [14, 6, 16, 9], "texture": "#0"},
				"west": {"uv": [8, 6, 14, 9], "texture": "#0"},
				"up": {"uv": [8, 6, 6, 0], "texture": "#0"},
				"down": {"uv": [10, 0, 8, 6], "texture": "#0"}
			}
		},
		{
			"name": "right_fin",
			"from": [10.7095, 0, 6.19366],
			"to": [15.22534, 4.51584, 6.19366],
			"rotation": {"angle": -45, "axis": "y", "origin": [8.45158, 0, 6.19366]},
			"faces": {
				"north": {"uv": [0, 4, 2, 6], "texture": "#0"},
				"east": {"uv": [2, 4, 4, 6], "texture": "#0"},
				"south": {"uv": [2, 4, 4, 6], "texture": "#0"},
				"west": {"uv": [2, 4, 4, 6], "texture": "#0"},
				"up": {"uv": [2, 4, 4, 6], "texture": "#0"},
				"down": {"uv": [2, 4, 4, 6], "texture": "#0"}
			}
		}
	],
	"gui_light": "front",
	"display": {
		"gui": {
			"rotation": [20, -140, 0],
			"translation": [1.25, 3.25, 0]
		}
	}
}