{
	"credit": "Made with Blockbench",
	"textures": {
		"0": "mc_overhaul:item/compendium_icons/bestiary/cod",
		"particle": "minecraft:item/emerald"
	},
	"elements": [
		{
			"name": "body",
			"from": [7, 0, 4],
			"to": [9, 4, 11],
			"rotation": {"angle": 0, "axis": "y", "origin": [8, 0, 4]},
			"faces": {
				"north": {"uv": [0, 6, 7, 7], "texture": "#0"},
				"east": {"uv": [0, 7, 7, 11], "texture": "#0"},
				"south": {"uv": [0, 6, 7, 7], "texture": "#0"},
				"west": {"uv": [0, 6, 7, 7], "texture": "#0"},
				"up": {"uv": [7, 4, 9, 11], "texture": "#0"},
				"down": {"uv": [0, 6, 7, 7], "texture": "#0"}
			}
		},
		{
			"name": "right_fin",
			"from": [8.6, 1.5, 3],
			"to": [10.6, 1.5, 5],
			"rotation": {"angle": -22.5, "axis": "z", "origin": [7.6, 0.5, 4]},
			"faces": {
				"north": {"uv": [9, 2, 11, 4], "texture": "#0"},
				"east": {"uv": [9, 2, 11, 4], "texture": "#0"},
				"south": {"uv": [9, 2, 11, 4], "texture": "#0"},
				"west": {"uv": [9, 2, 11, 4], "texture": "#0"},
				"up": {"uv": [9, 2, 11, 0], "texture": "#0"},
				"down": {"uv": [9, 2, 11, 4], "texture": "#0"}
			}
		},
		{
			"name": "head",
			"from": [7, 0, 1],
			"to": [9, 4, 4],
			"rotation": {"angle": 0, "axis": "y", "origin": [8, 0, 4]},
			"faces": {
				"north": {"uv": [6, 11, 8, 15], "texture": "#0"},
				"east": {"uv": [1, 11, 4, 15], "texture": "#0"},
				"south": {"uv": [0, 11, 1, 15], "texture": "#0"},
				"west": {"uv": [0, 11, 1, 15], "texture": "#0"},
				"up": {"uv": [4, 11, 6, 14], "texture": "#0"},
				"down": {"uv": [0, 11, 1, 15], "texture": "#0"}
			}
		},
		{
			"name": "nose",
			"from": [7, 1, 0],
			"to": [9, 4, 1],
			"rotation": {"angle": 0, "axis": "y", "origin": [8, 0, 4]},
			"faces": {
				"north": {"uv": [1, 1, 3, 4], "texture": "#0"},
				"east": {"uv": [0, 1, 1, 4], "texture": "#0"},
				"south": {"uv": [0, 0, 1, 1], "texture": "#0"},
				"west": {"uv": [0, 0, 1, 1], "texture": "#0"},
				"up": {"uv": [1, 0, 3, 1], "texture": "#0"},
				"down": {"uv": [0, 0, 1, 1], "texture": "#0"}
			}
		},
		{
			"name": "fin_back",
			"from": [8, 4, 3],
			"to": [8, 5, 9],
			"rotation": {"angle": 0, "axis": "y", "origin": [8, 0, 4]},
			"faces": {
				"north": {"uv": [4, 4, 7, 5], "texture": "#0"},
				"east": {"uv": [7, 5, 1, 6], "texture": "#0"},
				"south": {"uv": [4, 4, 7, 5], "texture": "#0"},
				"west": {"uv": [4, 4, 7, 5], "texture": "#0"},
				"up": {"uv": [4, 4, 7, 5], "texture": "#0"},
				"down": {"uv": [4, 4, 7, 5], "texture": "#0"}
			}
		},
		{
			"name": "tail",
			"from": [8, 0, 11],
			"to": [8, 4, 15],
			"rotation": {"angle": 0, "axis": "y", "origin": [8, 0, 4]},
			"faces": {
				"north": {"uv": [3, 0, 4, 4], "texture": "#0"},
				"east": {"uv": [8, 0, 4, 4], "texture": "#0"},
				"south": {"uv": [3, 0, 4, 4], "texture": "#0"},
				"west": {"uv": [3, 0, 4, 4], "texture": "#0"},
				"up": {"uv": [3, 0, 4, 4], "texture": "#0"},
				"down": {"uv": [3, 0, 4, 4], "texture": "#0"}
			}
		}
	],
	"gui_light": "front",
	"display": {
		"gui": {
			"rotation": [20, -140, 0],
			"translation": [-1, 8, 0],
			"scale": [1.4, 1.4, 1.4]
		}
	},
	"groups": [
		{
			"name": "body",
			"origin": [8, 2, 8],
			"color": 0,
			"children": [
				0,
				{
					"name": "right_fin",
					"origin": [9, 1, 8],
					"color": 0,
					"children": [1]
				}
			]
		},
		{
			"name": "head",
			"origin": [8, 2, 8],
			"color": 0,
			"children": [2]
		},
		{
			"name": "nose",
			"origin": [8, 2, 5],
			"color": 0,
			"children": [3]
		},
		{
			"name": "fin_back",
			"origin": [8, 4, 8],
			"color": 0,
			"children": [4]
		},
		{
			"name": "tail",
			"origin": [8, 2, 15],
			"color": 0,
			"children": [5]
		}
	]
}