{
	"credit": "Made with Blockbench",
	"texture_size": [32, 32],
	"textures": {
		"0": "mc_overhaul:item/compendium_icons/bestiary/cow",
		"particle": "minecraft:item/emerald"
	},
	"elements": [
		{
			"name": "head",
			"from": [4.08, 16.08, -3.08],
			"to": [11.92, 23.92, 2.8],
			"rotation": {"angle": 0, "axis": "y", "origin": [8, 0.4, 10.64]},
			"faces": {
				"north": {"uv": [3, 3, 7, 7], "texture": "#0"},
				"east": {"uv": [0, 3, 3, 7], "texture": "#0"},
				"south": {"uv": [0, 0, 3, 3], "texture": "#0"},
				"west": {"uv": [0, 0, 3, 3], "texture": "#0"},
				"up": {"uv": [3, 0, 7, 3], "texture": "#0"},
				"down": {"uv": [0, 0, 3, 3], "texture": "#0"}
			}
		},
		{
			"name": "head",
			"from": [3.1, 21.96, -1.12],
			"to": [4.08, 24.9, -0.14],
			"rotation": {"angle": 0, "axis": "y", "origin": [8, 0.4, 10.64]},
			"faces": {
				"north": {"uv": [8, 5, 8.5, 6.5], "texture": "#0"},
				"east": {"uv": [7.5, 5, 8, 6.5], "texture": "#0"},
				"south": {"uv": [7, 4.5, 7.5, 6.5], "texture": "#0"},
				"west": {"uv": [7, 4.5, 7.5, 6.5], "texture": "#0"},
				"up": {"uv": [8, 4.5, 8.5, 5], "texture": "#0"},
				"down": {"uv": [7, 4.5, 7.5, 6.5], "texture": "#0"}
			}
		},
		{
			"name": "head",
			"from": [11.92, 21.96, -1.12],
			"to": [12.9, 24.9, -0.14],
			"rotation": {"angle": 0, "axis": "y", "origin": [16.82, 0.4, 10.64]},
			"faces": {
				"north": {"uv": [8, 5, 8.5, 6.5], "texture": "#0"},
				"east": {"uv": [7.5, 5, 8, 6.5], "texture": "#0"},
				"south": {"uv": [7, 4.5, 7.5, 6.5], "texture": "#0"},
				"west": {"uv": [7, 4.5, 7.5, 6.5], "texture": "#0"},
				"up": {"uv": [8, 4.5, 8.5, 5], "texture": "#0"},
				"down": {"uv": [7, 4.5, 7.5, 6.5], "texture": "#0"}
			}
		},
		{
			"name": "body",
			"from": [2.12, 12.16, 2.8],
			"to": [13.88, 21.96, 20.44],
			"rotation": {"angle": 0, "axis": "x", "origin": [8, 17.06, 31.22]},
			"faces": {
				"north": {"uv": [9, 2, 15, 7], "rotation": 180, "texture": "#0"},
				"east": {"uv": [4, 7, 9, 16], "rotation": 90, "texture": "#0"},
				"south": {"uv": [9, 0, 15, 2], "texture": "#0"},
				"west": {"uv": [9, 0, 15, 2], "rotation": 270, "texture": "#0"},
				"up": {"uv": [9, 7, 15, 16], "texture": "#0"},
				"down": {"uv": [9, 0, 15, 2], "rotation": 180, "texture": "#0"}
			}
		},
		{
			"name": "leg1",
			"from": [9.96, 0.4, 15.54],
			"to": [13.88, 12.16, 19.46],
			"rotation": {"angle": 0, "axis": "y", "origin": [8, 0.4, 10.64]},
			"faces": {
				"north": {"uv": [2, 10, 4, 16], "texture": "#0"},
				"east": {"uv": [0, 10, 2, 16], "texture": "#0"},
				"south": {"uv": [0, 8.5, 4, 10], "texture": "#0"},
				"west": {"uv": [0, 8.5, 4, 10], "texture": "#0"},
				"up": {"uv": [0, 8.5, 4, 10], "texture": "#0"},
				"down": {"uv": [0, 8.5, 4, 10], "texture": "#0"}
			}
		},
		{
			"name": "leg2",
			"from": [2.12, 0.4, 15.54],
			"to": [6.04, 12.16, 19.46],
			"rotation": {"angle": 0, "axis": "y", "origin": [0.16, 0.4, 10.64]},
			"faces": {
				"north": {"uv": [2, 10, 4, 16], "texture": "#0"},
				"east": {"uv": [0, 10, 2, 16], "texture": "#0"},
				"south": {"uv": [0, 8.5, 4, 10], "texture": "#0"},
				"west": {"uv": [0, 8.5, 4, 10], "texture": "#0"},
				"up": {"uv": [0, 8.5, 4, 10], "texture": "#0"},
				"down": {"uv": [0, 8.5, 4, 10], "texture": "#0"}
			}
		},
		{
			"name": "leg3",
			"from": [9.96, 0.4, 3.78],
			"to": [13.88, 12.16, 7.7],
			"rotation": {"angle": 0, "axis": "y", "origin": [8, 0.4, -1.12]},
			"faces": {
				"north": {"uv": [2, 10, 4, 16], "texture": "#0"},
				"east": {"uv": [0, 10, 2, 16], "texture": "#0"},
				"south": {"uv": [0, 8.5, 4, 10], "texture": "#0"},
				"west": {"uv": [0, 8.5, 4, 10], "texture": "#0"},
				"up": {"uv": [0, 8.5, 4, 10], "texture": "#0"},
				"down": {"uv": [0, 8.5, 4, 10], "texture": "#0"}
			}
		},
		{
			"name": "leg4",
			"from": [2.12, 0.4, 3.78],
			"to": [6.04, 12.16, 7.7],
			"rotation": {"angle": 0, "axis": "y", "origin": [0.16, 0.4, -1.12]},
			"faces": {
				"north": {"uv": [2, 10, 4, 16], "texture": "#0"},
				"east": {"uv": [0, 10, 2, 16], "texture": "#0"},
				"south": {"uv": [0, 8.5, 4, 10], "texture": "#0"},
				"west": {"uv": [0, 8.5, 4, 10], "texture": "#0"},
				"up": {"uv": [0, 8.5, 4, 10], "texture": "#0"},
				"down": {"uv": [0, 8.5, 4, 10], "texture": "#0"}
			}
		}
	],
	"gui_light": "front",
	"display": {
		"gui": {
			"rotation": [20, -140, 0],
			"translation": [1, -3.25, 0],
			"scale": [0.7, 0.7, 0.7]
		}
	},
	"groups": [
		{
			"name": "head",
			"origin": [8, 15, 0],
			"color": 0,
			"children": [0, 1, 2]
		},
		{
			"name": "body",
			"origin": [8, 14.3, 7],
			"color": 0,
			"children": [3]
		},
		{
			"name": "leg1",
			"origin": [10.8, 9.4, 10.5],
			"color": 0,
			"children": [4]
		},
		{
			"name": "leg2",
			"origin": [5.2, 9.4, 10.5],
			"color": 0,
			"children": [5]
		},
		{
			"name": "leg3",
			"origin": [10.8, 9.4, 1.4],
			"color": 0,
			"children": [6]
		},
		{
			"name": "leg4",
			"origin": [5.2, 9.4, 1.4],
			"color": 0,
			"children": [7]
		}
	]
}