{
	"credit": "Made with Blockbench",
	"texture_size": [64, 32],
	"textures": {
		"0": "mc_overhaul:item/compendium_icons/bestiary/creaking",
		"particle": "minecraft:item/emerald"
	},
	"elements": [
		{
			"name": "head",
			"from": [9.9, 21, 5.9],
			"to": [14.1, 28, 10.1],
			"rotation": {"angle": 0, "axis": "y", "origin": [9.2, 0, 8]},
			"faces": {
				"north": {"uv": [1.5, 3, 3, 8], "texture": "#0"},
				"east": {"uv": [0, 3, 1.5, 8], "texture": "#0"},
				"south": {"uv": [3, 0, 3.25, 8], "texture": "#0"},
				"west": {"uv": [3, 0, 3.25, 8], "texture": "#0"},
				"up": {"uv": [3, 3, 1.5, 0], "texture": "#0"},
				"down": {"uv": [3, 0, 3.25, 8], "texture": "#0"}
			}
		},
		{
			"name": "head",
			"from": [9.9, 28, 5.9],
			"to": [14.1, 30.1, 10.1],
			"rotation": {"angle": 0, "axis": "y", "origin": [9.2, 0, 8]},
			"faces": {
				"north": {"uv": [6.75, 5.5, 8.25, 7], "texture": "#0"},
				"east": {"uv": [5.25, 5.5, 6.75, 7], "texture": "#0"},
				"south": {"uv": [8.25, 5.5, 8.5, 7], "texture": "#0"},
				"west": {"uv": [8.25, 5.5, 8.5, 7], "texture": "#0"},
				"up": {"uv": [8.25, 5.5, 8.5, 7], "texture": "#0"},
				"down": {"uv": [8.25, 5.5, 8.5, 7], "texture": "#0"}
			}
		},
		{
			"name": "head",
			"from": [6.6, 20.55, 8],
			"to": [9.9, 27.35, 8],
			"rotation": {"angle": 0, "axis": "y", "origin": [9.2, 0.25, 8]},
			"faces": {
				"north": {"uv": [6.25, 0, 7.25, 5], "texture": "#0"},
				"east": {"uv": [6, 0, 6.25, 5], "texture": "#0"},
				"south": {"uv": [6, 0, 6.25, 5], "texture": "#0"},
				"west": {"uv": [6, 0, 6.25, 5], "texture": "#0"},
				"up": {"uv": [6, 0, 6.25, 5], "texture": "#0"},
				"down": {"uv": [6, 0, 6.25, 5], "texture": "#0"}
			}
		},
		{
			"name": "head",
			"from": [14.1, 21, 8],
			"to": [17.4, 28.8, 8],
			"rotation": {"angle": 0, "axis": "y", "origin": [9.2, 0, 8]},
			"faces": {
				"north": {"uv": [7.5, 0, 8.5, 5.5], "texture": "#0"},
				"east": {"uv": [8.5, 0, 8.75, 5.5], "texture": "#0"},
				"south": {"uv": [8.5, 0, 8.75, 5.5], "texture": "#0"},
				"west": {"uv": [8.5, 0, 8.75, 5.5], "texture": "#0"},
				"up": {"uv": [8.5, 0, 8.75, 5.5], "texture": "#0"},
				"down": {"uv": [8.5, 0, 8.75, 5.5], "texture": "#0"}
			}
		},
		{
			"name": "body",
			"from": [5.7, 11.2, 6.6],
			"to": [9.9, 20.3, 10.1],
			"rotation": {"angle": 0, "axis": "y", "origin": [9.2, 0, 8]},
			"faces": {
				"north": {"uv": [4.75, 9.5, 6.25, 16], "texture": "#0"},
				"east": {"uv": [3.5, 9.5, 4.75, 16], "texture": "#0"},
				"south": {"uv": [3.5, 7.5, 4.75, 9.5], "texture": "#0"},
				"west": {"uv": [3.5, 7.5, 4.75, 9.5], "texture": "#0"},
				"up": {"uv": [6.25, 9.5, 4.75, 7], "texture": "#0"},
				"down": {"uv": [3.5, 7.5, 4.75, 9.5], "texture": "#0"}
			}
		},
		{
			"name": "body",
			"from": [9.9, 16.1, 6.6],
			"to": [14.1, 21, 10.1],
			"rotation": {"angle": 0, "axis": "y", "origin": [9.2, 0, 8]},
			"faces": {
				"north": {"uv": [4.5, 0, 6, 3.5], "texture": "#0"},
				"east": {"uv": [3.25, 0, 4.5, 3.5], "texture": "#0"},
				"south": {"uv": [3, 0, 3.25, 3.5], "texture": "#0"},
				"west": {"uv": [3, 0, 3.25, 3.5], "texture": "#0"},
				"up": {"uv": [3, 0, 3.25, 3.5], "texture": "#0"},
				"down": {"uv": [3, 0, 3.25, 3.5], "texture": "#0"}
			}
		},
		{
			"name": "left_arm",
			"from": [3.6, 9.1, 7.3],
			"to": [5.7, 20.3, 9.4],
			"rotation": {"angle": 0, "axis": "y", "origin": [9.2, 0, 8]},
			"faces": {
				"north": {"uv": [9.5, 0, 10.25, 8], "texture": "#0"},
				"east": {"uv": [8.75, 0, 9.5, 8], "texture": "#0"},
				"south": {"uv": [10.25, 0, 10.5, 8], "texture": "#0"},
				"west": {"uv": [10.25, 0, 10.5, 8], "texture": "#0"},
				"up": {"uv": [10.25, 0, 10.5, 8], "texture": "#0"},
				"down": {"uv": [10.25, 0, 10.5, 8], "texture": "#0"}
			}
		},
		{
			"name": "left_arm",
			"from": [3.6, 20.3, 7.3],
			"to": [5.7, 23.1, 9.4],
			"rotation": {"angle": 0, "axis": "y", "origin": [9.2, 0, 8]},
			"faces": {
				"north": {"uv": [4, 3.5, 4.75, 5.5], "texture": "#0"},
				"east": {"uv": [3.25, 3.5, 4, 5.5], "texture": "#0"},
				"south": {"uv": [3.25, 5.5, 4.75, 6], "texture": "#0"},
				"west": {"uv": [3.25, 5.5, 4.75, 6], "texture": "#0"},
				"up": {"uv": [3.25, 5.5, 4.75, 6], "texture": "#0"},
				"down": {"uv": [3.25, 5.5, 4.75, 6], "texture": "#0"}
			}
		},
		{
			"name": "left_arm",
			"from": [3.6, 6.3, 7.3],
			"to": [5.7, 9.1, 9.4],
			"rotation": {"angle": 0, "axis": "y", "origin": [9.2, 0, 8]},
			"faces": {
				"north": {"uv": [4, 6, 4.75, 8], "texture": "#0"},
				"east": {"uv": [3.25, 6, 4, 8], "texture": "#0"},
				"south": {"uv": [3.25, 5.5, 4.75, 6], "texture": "#0"},
				"west": {"uv": [3.25, 5.5, 4.75, 6], "texture": "#0"},
				"up": {"uv": [3.25, 5.5, 4.75, 6], "texture": "#0"},
				"down": {"uv": [3.25, 5.5, 4.75, 6], "texture": "#0"}
			}
		},
		{
			"name": "right_arm",
			"from": [14.1, 6.3, 8],
			"to": [16.2, 21, 10.1],
			"rotation": {"angle": 0, "axis": "y", "origin": [9.2, 0, 8]},
			"faces": {
				"north": {"uv": [14.75, 1.5, 15.5, 12], "texture": "#0"},
				"east": {"uv": [14, 1.5, 14.75, 12], "texture": "#0"},
				"south": {"uv": [14, 0, 14.75, 1.5], "texture": "#0"},
				"west": {"uv": [14, 0, 14.75, 1.5], "texture": "#0"},
				"up": {"uv": [15.5, 1.5, 14.75, 0], "texture": "#0"},
				"down": {"uv": [14, 0, 14.75, 1.5], "texture": "#0"}
			}
		},
		{
			"name": "right_arm",
			"from": [14.1, 3.5, 8],
			"to": [16.2, 6.3, 10.1],
			"rotation": {"angle": 0, "axis": "y", "origin": [9.2, 0, 8]},
			"faces": {
				"north": {"uv": [0.75, 0, 1.5, 2], "texture": "#0"},
				"east": {"uv": [0, 0, 0.75, 2], "texture": "#0"},
				"south": {"uv": [0, 1, 1.5, 2], "texture": "#0"},
				"west": {"uv": [0, 1, 1.5, 2], "texture": "#0"},
				"up": {"uv": [0, 1, 1.5, 2], "texture": "#0"},
				"down": {"uv": [0, 1, 1.5, 2], "texture": "#0"}
			}
		},
		{
			"name": "left_leg",
			"from": [7.1, 0, 7.3],
			"to": [9.2, 11.2, 9.4],
			"rotation": {"angle": 0, "axis": "y", "origin": [9.2, 0, 8]},
			"faces": {
				"north": {"uv": [11.25, 0, 12, 8], "texture": "#0"},
				"east": {"uv": [10.5, 0, 11.25, 8], "texture": "#0"},
				"south": {"uv": [10.25, 0, 10.5, 8], "texture": "#0"},
				"west": {"uv": [10.25, 0, 10.5, 8], "texture": "#0"},
				"up": {"uv": [10.25, 0, 10.5, 8], "texture": "#0"},
				"down": {"uv": [10.25, 0, 10.5, 8], "texture": "#0"}
			}
		},
		{
			"name": "left_leg",
			"from": [5.7, 0.21, 5.2],
			"to": [9.2, 0.21, 11.5],
			"rotation": {"angle": 0, "axis": "y", "origin": [9.2, 0, 8]},
			"faces": {
				"north": {"uv": [1.25, 8, 1.75, 12.5], "texture": "#0"},
				"east": {"uv": [1.25, 8, 1.75, 12.5], "texture": "#0"},
				"south": {"uv": [1.25, 8, 1.75, 12.5], "texture": "#0"},
				"west": {"uv": [1.25, 8, 1.75, 12.5], "texture": "#0"},
				"up": {"uv": [3, 12.5, 1.75, 8], "texture": "#0"},
				"down": {"uv": [1.25, 8, 1.75, 12.5], "texture": "#0"}
			}
		},
		{
			"name": "right_leg",
			"from": [9.9, 0, 7.3],
			"to": [12, 13.3, 9.4],
			"rotation": {"angle": 0, "axis": "y", "origin": [9.2, 0, 8]},
			"faces": {
				"north": {"uv": [13, 0, 13.75, 9.5], "texture": "#0"},
				"east": {"uv": [12.25, 0, 13, 9.5], "texture": "#0"},
				"south": {"uv": [12, 0, 12.25, 9.5], "texture": "#0"},
				"west": {"uv": [12, 0, 12.25, 9.5], "texture": "#0"},
				"up": {"uv": [12, 0, 12.25, 9.5], "texture": "#0"},
				"down": {"uv": [12, 0, 12.25, 9.5], "texture": "#0"}
			}
		},
		{
			"name": "right_leg",
			"from": [9.9, 0.21, 5.2],
			"to": [13.4, 0.21, 11.5],
			"rotation": {"angle": 0, "axis": "y", "origin": [9.2, 0, 8]},
			"faces": {
				"north": {"uv": [1.25, 8, 1.75, 12.5], "texture": "#0"},
				"east": {"uv": [1.25, 8, 1.75, 12.5], "texture": "#0"},
				"south": {"uv": [1.25, 8, 1.75, 12.5], "texture": "#0"},
				"west": {"uv": [1.25, 8, 1.75, 12.5], "texture": "#0"},
				"up": {"uv": [1.25, 12.5, 0, 8], "texture": "#0"},
				"down": {"uv": [1.25, 8, 1.75, 12.5], "texture": "#0"}
			}
		},
		{
			"name": "right_leg",
			"from": [9.9, 13.3, 7.3],
			"to": [12, 15.4, 9.4],
			"rotation": {"angle": 0, "axis": "y", "origin": [9.2, 0, 8]},
			"faces": {
				"north": {"uv": [0.75, 1.5, 1.5, 3], "texture": "#0"},
				"east": {"uv": [0, 1.5, 0.75, 3], "texture": "#0"},
				"south": {"uv": [0, 1, 1.5, 1.5], "texture": "#0"},
				"west": {"uv": [0, 1, 1.5, 1.5], "texture": "#0"},
				"up": {"uv": [0, 1, 1.5, 1.5], "texture": "#0"},
				"down": {"uv": [0, 1, 1.5, 1.5], "texture": "#0"}
			}
		}
	],
	"gui_light": "front",
	"display": {
		"gui": {
			"rotation": [20, -140, 0],
			"translation": [1.25, -4, 0],
			"scale": [0.7, 0.7, 0.7]
		}
	},
	"groups": [
		{
			"name": "head",
			"origin": [12, 21, 8],
			"color": 0,
			"children": [0, 1, 2, 3]
		},
		{
			"name": "body",
			"origin": [9.9, 18.2, 8.7],
			"color": 0,
			"children": [4, 5]
		},
		{
			"name": "left_arm",
			"origin": [5.7, 19.6, 8.35],
			"color": 0,
			"children": [6, 7, 8]
		},
		{
			"name": "right_arm",
			"origin": [14.8, 19.95, 9.05],
			"color": 0,
			"children": [9, 10]
		},
		{
			"name": "left_leg",
			"origin": [8.15, 11.2, 8.35],
			"color": 0,
			"children": [11, 12]
		},
		{
			"name": "right_leg",
			"origin": [9.9, 12.25, 8.35],
			"color": 0,
			"children": [13, 14, 15]
		}
	]
}