{
	"credit": "Made with Blockbench",
	"texture_size": [32, 32],
	"textures": {
		"0": "mc_overhaul:item/compendium_icons/bestiary/creeper",
		"particle": "minecraft:item/emerald"
	},
	"elements": [
		{
			"name": "head",
			"from": [4, 18, 4],
			"to": [12, 26, 12],
			"rotation": {"angle": 0, "axis": "y", "origin": [8, 0, 8]},
			"faces": {
				"north": {"uv": [4, 4, 8, 8], "texture": "#0"},
				"east": {"uv": [0, 4, 4, 8], "texture": "#0"},
				"south": {"uv": [0, 0, 4, 4], "texture": "#0"},
				"west": {"uv": [0, 0, 4, 4], "texture": "#0"},
				"up": {"uv": [4, 0, 8, 4], "texture": "#0"},
				"down": {"uv": [0, 0, 4, 4], "texture": "#0"}
			}
		},
		{
			"name": "body",
			"from": [4, 6, 6],
			"to": [12, 18, 10],
			"rotation": {"angle": 0, "axis": "y", "origin": [8, 0, 8]},
			"faces": {
				"north": {"uv": [2, 8.5, 6, 14.5], "texture": "#0"},
				"east": {"uv": [0, 8.5, 2, 14.5], "texture": "#0"},
				"south": {"uv": [0, 14.5, 6, 16], "texture": "#0"},
				"west": {"uv": [0, 14.5, 6, 16], "texture": "#0"},
				"up": {"uv": [0, 14.5, 6, 16], "texture": "#0"},
				"down": {"uv": [0, 14.5, 6, 16], "texture": "#0"}
			}
		},
		{
			"name": "leg1",
			"from": [8, 0, 10],
			"to": [12, 6, 14],
			"rotation": {"angle": 0, "axis": "y", "origin": [8, 0, 8]},
			"faces": {
				"north": {"uv": [10, 2, 12, 5], "texture": "#0"},
				"east": {"uv": [8, 2, 10, 5], "texture": "#0"},
				"south": {"uv": [8, 0, 10, 2], "texture": "#0"},
				"west": {"uv": [8, 0, 10, 2], "texture": "#0"},
				"up": {"uv": [10, 0, 12, 2], "texture": "#0"},
				"down": {"uv": [8, 0, 10, 2], "texture": "#0"}
			}
		},
		{
			"name": "leg2",
			"from": [4, 0, 10],
			"to": [8, 6, 14],
			"rotation": {"angle": 0, "axis": "y", "origin": [4, 0, 8]},
			"faces": {
				"north": {"uv": [10, 2, 12, 5], "texture": "#0"},
				"east": {"uv": [8, 2, 10, 5], "texture": "#0"},
				"south": {"uv": [8, 0, 10, 2], "texture": "#0"},
				"west": {"uv": [8, 0, 10, 2], "texture": "#0"},
				"up": {"uv": [10, 0, 12, 2], "texture": "#0"},
				"down": {"uv": [8, 0, 10, 2], "texture": "#0"}
			}
		},
		{
			"name": "leg3",
			"from": [8, 0, 2],
			"to": [12, 6, 6],
			"rotation": {"angle": 0, "axis": "y", "origin": [8, 0, 0]},
			"faces": {
				"north": {"uv": [10, 2, 12, 5], "texture": "#0"},
				"east": {"uv": [8, 2, 10, 5], "texture": "#0"},
				"south": {"uv": [8, 0, 10, 2], "texture": "#0"},
				"west": {"uv": [8, 0, 10, 2], "texture": "#0"},
				"up": {"uv": [10, 0, 12, 2], "texture": "#0"},
				"down": {"uv": [8, 0, 10, 2], "texture": "#0"}
			}
		},
		{
			"name": "leg4",
			"from": [4, 0, 2],
			"to": [8, 6, 6],
			"rotation": {"angle": 0, "axis": "y", "origin": [4, 0, 0]},
			"faces": {
				"north": {"uv": [10, 2, 12, 5], "texture": "#0"},
				"east": {"uv": [8, 2, 10, 5], "texture": "#0"},
				"south": {"uv": [8, 0, 10, 2], "texture": "#0"},
				"west": {"uv": [8, 0, 10, 2], "texture": "#0"},
				"up": {"uv": [10, 0, 12, 2], "texture": "#0"},
				"down": {"uv": [8, 0, 10, 2], "texture": "#0"}
			}
		}
	],
	"gui_light": "front",
	"display": {
		"gui": {
			"rotation": [20, -140, 0],
			"translation": [0, -3.25, 0],
			"scale": [0.75, 0.75, 0.75]
		}
	},
	"groups": [
		{
			"name": "head",
			"origin": [8, 18, 8],
			"color": 0,
			"children": [0]
		},
		{
			"name": "body",
			"origin": [8, 18, 8],
			"color": 0,
			"children": [1]
		},
		{
			"name": "leg1",
			"origin": [10, 6, 12],
			"color": 0,
			"children": [2]
		},
		{
			"name": "leg2",
			"origin": [6, 6, 12],
			"color": 0,
			"children": [3]
		},
		{
			"name": "leg3",
			"origin": [10, 6, 4],
			"color": 0,
			"children": [4]
		},
		{
			"name": "leg4",
			"origin": [6, 6, 4],
			"color": 0,
			"children": [5]
		}
	]
}