{
	"credit": "Made with Blockbench",
	"texture_size": [64, 16],
	"textures": {
		"0": "mc_overhaul:item/compendium_icons/bestiary/dolphin",
		"particle": "minecraft:item/emerald"
	},
	"elements": [
		{
			"name": "head",
			"from": [4, 0, -1],
			"to": [12, 7, 5],
			"rotation": {"angle": 0, "axis": "y", "origin": [8, 0, 8]},
			"faces": {
				"north": {"uv": [1.5, 6, 3.5, 13], "texture": "#0"},
				"east": {"uv": [0, 6, 1.5, 13], "texture": "#0"},
				"south": {"uv": [0, 0, 1.5, 6], "texture": "#0"},
				"west": {"uv": [0, 0, 1.5, 6], "texture": "#0"},
				"up": {"uv": [1.5, 0, 3.5, 6], "texture": "#0"},
				"down": {"uv": [0, 0, 1.5, 6], "texture": "#0"}
			}
		},
		{
			"name": "body",
			"from": [7, 0, -5],
			"to": [9, 2, -1],
			"rotation": {"angle": 0, "axis": "y", "origin": [8, 0, 8]},
			"faces": {
				"north": {"uv": [6.75, 11, 7.25, 13], "texture": "#0"},
				"east": {"uv": [5.75, 11, 6.75, 13], "texture": "#0"},
				"south": {"uv": [5.75, 7, 6.75, 11], "texture": "#0"},
				"west": {"uv": [5.75, 7, 6.75, 11], "texture": "#0"},
				"up": {"uv": [6.75, 7, 7.25, 11], "texture": "#0"},
				"down": {"uv": [5.75, 7, 6.75, 11], "texture": "#0"}
			}
		},
		{
			"name": "body",
			"from": [4, 0, 5],
			"to": [12, 7, 18],
			"rotation": {"angle": 0, "axis": "y", "origin": [8, 0, 8]},
			"faces": {
				"north": {"uv": [3.5, 0, 3.75, 13], "texture": "#0"},
				"east": {"uv": [5.75, 0, 9, 7], "texture": "#0"},
				"south": {"uv": [3.5, 0, 3.75, 13], "texture": "#0"},
				"west": {"uv": [3.5, 0, 3.75, 13], "texture": "#0"},
				"up": {"uv": [3.75, 0, 5.75, 13], "texture": "#0"},
				"down": {"uv": [3.5, 0, 3.75, 13], "texture": "#0"}
			}
		},
		{
			"name": "tail",
			"from": [6, 0, 18],
			"to": [10, 5, 29],
			"rotation": {"angle": 0, "axis": "y", "origin": [8, 0, 8]},
			"faces": {
				"north": {"uv": [10, 1, 12, 5], "texture": "#0"},
				"east": {"uv": [10.5, 11, 13.25, 16], "texture": "#0"},
				"south": {"uv": [10, 11, 10.5, 16], "texture": "#0"},
				"west": {"uv": [10, 11, 10.5, 16], "texture": "#0"},
				"up": {"uv": [12.25, 0, 13.25, 11], "texture": "#0"},
				"down": {"uv": [10, 11, 10.5, 16], "texture": "#0"}
			}
		},
		{
			"name": "right_fin",
			"from": [9.6, -1, 7],
			"to": [16.6, 0, 11],
			"rotation": {"angle": -22.5, "axis": "z", "origin": [14.6, -5, 11]},
			"faces": {
				"north": {"uv": [15.25, 1, 15.5, 8], "rotation": 270, "texture": "#0"},
				"east": {"uv": [15.25, 8, 15.5, 12], "rotation": 90, "texture": "#0"},
				"south": {"uv": [13.5, 4, 15.25, 8], "rotation": 270, "texture": "#0"},
				"west": {"uv": [13.5, 4, 15.25, 8], "rotation": 270, "texture": "#0"},
				"up": {"uv": [13.5, 8, 15.25, 12], "texture": "#0"},
				"down": {"uv": [13.5, 4, 15.25, 8], "rotation": 180, "texture": "#0"}
			}
		},
		{
			"name": "back_fin",
			"from": [7.5, 9, 13],
			"to": [8.5, 14, 17],
			"rotation": {"angle": 22.5, "axis": "x", "origin": [8, 17, 6]},
			"faces": {
				"north": {"uv": [11.75, 1, 12, 6], "rotation": 180, "texture": "#0"},
				"east": {"uv": [10.75, 6, 12, 10], "rotation": 270, "texture": "#0"},
				"south": {"uv": [10.75, 2, 11.75, 6], "texture": "#0"},
				"west": {"uv": [10.75, 2, 11.75, 6], "rotation": 90, "texture": "#0"},
				"up": {"uv": [10.75, 2, 11.75, 6], "rotation": 180, "texture": "#0"},
				"down": {"uv": [10.75, 2, 11.75, 6], "texture": "#0"}
			}
		},
		{
			"name": "tail_fin",
			"from": [3, 2, 26],
			"to": [13, 3, 32],
			"rotation": {"angle": 0, "axis": "y", "origin": [8, 0, 8]},
			"faces": {
				"north": {"uv": [7.5, 13, 10, 14], "texture": "#0"},
				"east": {"uv": [6, 13, 7.5, 14], "texture": "#0"},
				"south": {"uv": [10, 7, 10.5, 14], "texture": "#0"},
				"west": {"uv": [10, 7, 10.5, 14], "texture": "#0"},
				"up": {"uv": [7.5, 7, 10, 13], "texture": "#0"},
				"down": {"uv": [10, 7, 10.5, 14], "texture": "#0"}
			}
		}
	],
	"gui_light": "front",
	"display": {
		"gui": {
			"rotation": [20, -140, 0],
			"translation": [3, 2, 0],
			"scale": [0.7, 0.7, 0.7]
		}
	},
	"groups": [
		{
			"name": "head",
			"origin": [8, 4, 2],
			"color": 0,
			"children": [0]
		},
		{
			"name": "body",
			"origin": [8, 0, 5],
			"color": 0,
			"children": [1, 2]
		},
		{
			"name": "tail",
			"origin": [8, 2.5, 19],
			"color": 0,
			"children": [3]
		},
		{
			"name": "right_fin",
			"origin": [12.5, 0, 6],
			"color": 0,
			"children": [4]
		},
		{
			"name": "back_fin",
			"origin": [8, 11, 3],
			"color": 0,
			"children": [5]
		},
		{
			"name": "tail_fin",
			"origin": [8, 2.5, 28],
			"color": 0,
			"children": [6]
		}
	]
}