{
	"credit": "Made with Blockbench",
	"texture_size": [64, 32],
	"textures": {
		"0": "mc_overhaul:item/compendium_icons/bestiary/donkey",
		"particle": "minecraft:item/emerald"
	},
	"elements": [
		{
			"name": "head",
			"from": [5.9, 23.2, 4.6],
			"to": [10.1, 26.7, 9.5],
			"rotation": {"angle": -22.5, "axis": "x", "origin": [8, 3.6, 12.3]},
			"faces": {
				"north": {"uv": [1.75, 4, 3.25, 6.5], "texture": "#0"},
				"east": {"uv": [0, 4, 1.75, 6.5], "texture": "#0"},
				"south": {"uv": [0.75, 0.5, 1.75, 4], "texture": "#0"},
				"west": {"uv": [0.75, 0.5, 1.75, 4], "texture": "#0"},
				"up": {"uv": [3.25, 4, 1.75, 0.5], "texture": "#0"},
				"down": {"uv": [0.75, 0.5, 1.75, 4], "texture": "#0"}
			}
		},
		{
			"name": "mouth",
			"from": [6.6, 23.2, 1.1],
			"to": [9.4, 26.7, 4.6],
			"rotation": {"angle": -22.5, "axis": "x", "origin": [8, 3.6, 12.3]},
			"faces": {
				"north": {"uv": [4.75, 4, 5.75, 6.5], "texture": "#0"},
				"east": {"uv": [3.5, 4, 4.75, 6.5], "texture": "#0"},
				"south": {"uv": [4.75, 0, 5.75, 1.5], "texture": "#0"},
				"west": {"uv": [4.75, 0, 5.75, 1.5], "texture": "#0"},
				"up": {"uv": [4.75, 4, 5.75, 1.5], "texture": "#0"},
				"down": {"uv": [4.75, 0, 5.75, 1.5], "texture": "#0"}
			}
		},
		{
			"name": "left_ear",
			"from": [14.65, 24.1, -0.2],
			"to": [16.05, 29, 0.5],
			"rotation": {"angle": 22.5, "axis": "z", "origin": [16.4, 3.6, 3.3]},
			"faces": {
				"north": {"uv": [0.25, 0.5, 0.75, 4], "texture": "#0"},
				"east": {"uv": [0, 0.5, 0.25, 4], "texture": "#0"},
				"south": {"uv": [0, 0, 0.25, 0.5], "texture": "#0"},
				"west": {"uv": [0, 0, 0.25, 0.5], "texture": "#0"},
				"up": {"uv": [0.25, 0, 0.75, 0.5], "texture": "#0"},
				"down": {"uv": [0, 0, 0.25, 0.5], "texture": "#0"}
			}
		},
		{
			"name": "right_ear",
			"from": [-0.05, 24.1, -0.2],
			"to": [1.35, 29, 0.5],
			"rotation": {"angle": -22.5, "axis": "z", "origin": [-0.4, 3.6, 3.3]},
			"faces": {
				"north": {"uv": [0.25, 0.5, 0.75, 4], "texture": "#0"},
				"east": {"uv": [0, 0.5, 0.25, 4], "texture": "#0"},
				"south": {"uv": [0, 0, 0.25, 0.5], "texture": "#0"},
				"west": {"uv": [0, 0, 0.25, 0.5], "texture": "#0"},
				"up": {"uv": [0.25, 0, 0.75, 0.5], "texture": "#0"},
				"down": {"uv": [0, 0, 0.25, 0.5], "texture": "#0"}
			}
		},
		{
			"name": "neck",
			"from": [6.635, 14.8, 4.6],
			"to": [9.435, 23.2, 9.5],
			"rotation": {"angle": -22.5, "axis": "x", "origin": [8, 3.6, 12.3]},
			"faces": {
				"north": {"uv": [11, 0.5, 12, 6.5], "texture": "#0"},
				"east": {"uv": [9.25, 0.5, 11, 6.5], "texture": "#0"},
				"south": {"uv": [9.25, 0, 12, 0.5], "texture": "#0"},
				"west": {"uv": [9.25, 0, 12, 0.5], "texture": "#0"},
				"up": {"uv": [9.25, 0, 12, 0.5], "texture": "#0"},
				"down": {"uv": [9.25, 0, 12, 0.5], "texture": "#0"}
			}
		},
		{
			"name": "body",
			"from": [4.465, 8.265, 0.565],
			"to": [11.535, 15.335, 16.035],
			"rotation": {"angle": 0, "axis": "y", "origin": [8, 0.6, 8.3]},
			"faces": {
				"north": {"uv": [11, 8, 13.5, 13], "texture": "#0"},
				"east": {"uv": [5.5, 8, 11, 13], "texture": "#0"},
				"south": {"uv": [13.5, 0, 16, 2], "texture": "#0"},
				"west": {"uv": [13.5, 0, 16, 2], "texture": "#0"},
				"up": {"uv": [13.5, 2, 16, 13], "texture": "#0"},
				"down": {"uv": [13.5, 0, 16, 2], "texture": "#0"}
			}
		},
		{
			"name": "tail",
			"from": [6.95, 1.5, 19.7],
			"to": [9.05, 11.3, 22.5],
			"rotation": {"angle": -22.5, "axis": "x", "origin": [8, -3.4, 12]},
			"faces": {
				"north": {"uv": [13.5, 2, 15, 6.5], "texture": "#0"},
				"east": {"uv": [12.25, 0.5, 13.25, 7.5], "texture": "#0"},
				"south": {"uv": [12.25, 0, 13.25, 0.5], "texture": "#0"},
				"west": {"uv": [12.25, 0, 13.25, 0.5], "texture": "#0"},
				"up": {"uv": [12.25, 0, 13.25, 0.5], "texture": "#0"},
				"down": {"uv": [12.25, 0, 13.25, 0.5], "texture": "#0"}
			}
		},
		{
			"name": "front_left_leg",
			"from": [4.5, 0.6, 0.67],
			"to": [7.3, 8.3, 3.47],
			"rotation": {"angle": 0, "axis": "y", "origin": [8, 0.6, 8.3]},
			"faces": {
				"north": {"uv": [8, 1, 7, 6.5], "texture": "#0"},
				"east": {"uv": [9, 1, 8, 6.5], "texture": "#0"},
				"south": {"uv": [6, 0, 9, 1], "texture": "#0"},
				"west": {"uv": [6, 0, 9, 1], "texture": "#0"},
				"up": {"uv": [6, 0, 9, 1], "texture": "#0"},
				"down": {"uv": [6, 0, 9, 1], "texture": "#0"}
			}
		},
		{
			"name": "front_right_leg",
			"from": [8.7, 0.6, 0.67],
			"to": [11.5, 8.3, 3.47],
			"rotation": {"angle": 0, "axis": "y", "origin": [12.2, 0.6, 8.3]},
			"faces": {
				"north": {"uv": [7, 1, 8, 6.5], "texture": "#0"},
				"east": {"uv": [6, 1, 7, 6.5], "texture": "#0"},
				"south": {"uv": [6, 0, 9, 1], "texture": "#0"},
				"west": {"uv": [6, 0, 9, 1], "texture": "#0"},
				"up": {"uv": [6, 0, 9, 1], "texture": "#0"},
				"down": {"uv": [6, 0, 9, 1], "texture": "#0"}
			}
		},
		{
			"name": "back_left_leg",
			"from": [4.5, 0.6, 13.17],
			"to": [7.3, 8.3, 15.97],
			"rotation": {"angle": 0, "axis": "y", "origin": [8, 0.6, 20.8]},
			"faces": {
				"north": {"uv": [8, 1, 7, 6.5], "texture": "#0"},
				"east": {"uv": [9, 1, 8, 6.5], "texture": "#0"},
				"south": {"uv": [6, 0, 9, 1], "texture": "#0"},
				"west": {"uv": [6, 0, 9, 1], "texture": "#0"},
				"up": {"uv": [6, 0, 9, 1], "texture": "#0"},
				"down": {"uv": [6, 0, 9, 1], "texture": "#0"}
			}
		},
		{
			"name": "back_right_leg",
			"from": [8.7, 0.6, 13.17],
			"to": [11.5, 8.3, 15.97],
			"rotation": {"angle": 0, "axis": "y", "origin": [12.2, 0.6, 20.8]},
			"faces": {
				"north": {"uv": [7, 1, 8, 6.5], "texture": "#0"},
				"east": {"uv": [7, 1, 6, 6.5], "texture": "#0"},
				"south": {"uv": [6, 0, 9, 1], "texture": "#0"},
				"west": {"uv": [6, 0, 9, 1], "texture": "#0"},
				"up": {"uv": [6, 0, 9, 1], "texture": "#0"},
				"down": {"uv": [6, 0, 9, 1], "texture": "#0"}
			}
		}
	],
	"gui_light": "front",
	"display": {
		"gui": {
			"rotation": [20, -140, 0],
			"translation": [-0.5, -2.25, 0],
			"scale": [0.75, 0.75, 0.75]
		}
	},
	"groups": [
		{
			"name": "head",
			"origin": [8, 22, -1],
			"color": 0,
			"children": [0]
		},
		{
			"name": "mouth",
			"origin": [8, 22, -1],
			"color": 0,
			"children": [1]
		},
		{
			"name": "left_ear",
			"origin": [6.95, 28.93, 1.8],
			"color": 0,
			"children": [2]
		},
		{
			"name": "right_ear",
			"origin": [9.05, 28.93, 1.8],
			"color": 0,
			"children": [3]
		},
		{
			"name": "neck",
			"origin": [8, 22, -1],
			"color": 0,
			"children": [4]
		},
		{
			"name": "body",
			"origin": [8, 15.7, 9.5],
			"color": 0,
			"children": [5]
		},
		{
			"name": "tail",
			"origin": [8, 21.3, 13],
			"color": 0,
			"children": [6]
		},
		{
			"name": "front_left_leg",
			"origin": [5.2, 13.6, -1],
			"color": 0,
			"children": [7]
		},
		{
			"name": "front_right_leg",
			"origin": [10.8, 13.6, -1],
			"color": 0,
			"children": [8]
		},
		{
			"name": "back_left_leg",
			"origin": [5.2, 13.6, 10.9],
			"color": 0,
			"children": [9]
		},
		{
			"name": "back_right_leg",
			"origin": [10.8, 13.6, 10.9],
			"color": 0,
			"children": [10]
		}
	]
}