{
	"credit": "Made with Blockbench",
	"texture_size": [64, 32],
	"textures": {
		"0": "mc_overhaul:item/compendium_icons/bestiary/drowned",
		"particle": "minecraft:item/emerald"
	},
	"elements": [
		{
			"name": "head",
			"from": [5.025, 17.825, 5.025],
			"to": [10.975, 23.775, 10.975],
			"rotation": {"angle": 0, "axis": "y", "origin": [8, 1.2, 8]},
			"faces": {
				"north": {"uv": [2, 4, 4, 8], "texture": "#0"},
				"east": {"uv": [0, 4, 2, 8], "texture": "#0"},
				"south": {"uv": [0, 0, 2, 4], "texture": "#0"},
				"west": {"uv": [0, 0, 2, 4], "texture": "#0"},
				"up": {"uv": [4, 4, 2, 0], "texture": "#0"},
				"down": {"uv": [2, 0, 0, 4], "texture": "#0"}
			}
		},
		{
			"name": "body",
			"from": [5.025, 9.425, 6.425],
			"to": [10.975, 18.175, 9.575],
			"rotation": {"angle": 0, "axis": "y", "origin": [8, 1.2, 8]},
			"faces": {
				"north": {"uv": [10, 2, 12, 8], "texture": "#0"},
				"east": {"uv": [9, 2, 10, 8], "texture": "#0"},
				"south": {"uv": [9, 1, 10, 2], "texture": "#0"},
				"west": {"uv": [9, 1, 10, 2], "texture": "#0"},
				"up": {"uv": [10, 2, 9, 1], "texture": "#0"},
				"down": {"uv": [10, 1, 9, 2], "texture": "#0"}
			}
		},
		{
			"name": "left_arm",
			"from": [1.925, 14.625, 0.825],
			"to": [5.075, 17.775, 9.575],
			"rotation": {"angle": 0, "axis": "x", "origin": [7.7, 16.2, -7.4]},
			"faces": {
				"north": {"uv": [15, 2, 16, 0], "rotation": 270, "texture": "#0"},
				"east": {"uv": [13, 2, 14, 8], "rotation": 270, "texture": "#0"},
				"south": {"uv": [15, 2, 14, 1], "texture": "#0"},
				"west": {"uv": [14, 1, 15, 2], "rotation": 90, "texture": "#0"},
				"up": {"uv": [14, 2, 15, 8], "rotation": 180, "texture": "#0"},
				"down": {"uv": [14, 1, 15, 2], "texture": "#0"}
			}
		},
		{
			"name": "right_arm",
			"from": [10.925, 14.625, 0.825],
			"to": [14.075, 17.775, 9.575],
			"rotation": {"angle": 0, "axis": "x", "origin": [8.3, 16.2, -7.4]},
			"faces": {
				"north": {"uv": [9, 0, 8, 2], "rotation": 180, "texture": "#0"},
				"east": {"uv": [6, 2, 7, 8], "rotation": 270, "texture": "#0"},
				"south": {"uv": [8, 2, 7, 1], "texture": "#0"},
				"west": {"uv": [7, 1, 8, 2], "rotation": 90, "texture": "#0"},
				"up": {"uv": [7, 2, 8, 8], "rotation": 180, "texture": "#0"},
				"down": {"uv": [7, 1, 8, 2], "texture": "#0"}
			}
		},
		{
			"name": "left_leg",
			"from": [5.095, 1.025, 6.495],
			"to": [8.245, 9.775, 9.645],
			"rotation": {"angle": 0, "axis": "y", "origin": [8, 1.2, 8]},
			"faces": {
				"north": {"uv": [12, 2, 13, 8], "texture": "#0"},
				"east": {"uv": [12, 1, 13, 2], "texture": "#0"},
				"south": {"uv": [12, 1, 13, 2], "texture": "#0"},
				"west": {"uv": [12, 1, 13, 2], "texture": "#0"},
				"up": {"uv": [13, 2, 12, 1], "texture": "#0"},
				"down": {"uv": [13, 1, 12, 2], "texture": "#0"}
			}
		},
		{
			"name": "right_leg",
			"from": [7.755, 1.025, 6.495],
			"to": [10.905, 9.775, 9.645],
			"rotation": {"angle": 0, "axis": "y", "origin": [8, 1.2, 8]},
			"faces": {
				"north": {"uv": [5, 2, 6, 8], "texture": "#0"},
				"east": {"uv": [4, 2, 5, 8], "texture": "#0"},
				"south": {"uv": [4, 1, 5, 2], "texture": "#0"},
				"west": {"uv": [4, 1, 5, 2], "texture": "#0"},
				"up": {"uv": [5, 2, 4, 1], "texture": "#0"},
				"down": {"uv": [5, 1, 4, 2], "texture": "#0"}
			}
		},
		{
			"name": "head",
			"from": [5.2, 18, 5.2],
			"to": [10.8, 23.6, 10.8],
			"rotation": {"angle": 0, "axis": "y", "origin": [8, 1.2, 8]},
			"faces": {
				"north": {"uv": [2, 12, 4, 16], "texture": "#0"},
				"east": {"uv": [0, 12, 2, 16], "texture": "#0"},
				"south": {"uv": [0, 10, 2, 12], "texture": "#0"},
				"west": {"uv": [0, 10, 2, 12], "texture": "#0"},
				"up": {"uv": [4, 12, 2, 8], "texture": "#0"},
				"down": {"uv": [2, 10, 0, 12], "texture": "#0"}
			}
		},
		{
			"name": "body",
			"from": [5.2, 9.6, 6.6],
			"to": [10.8, 18, 9.4],
			"rotation": {"angle": 0, "axis": "y", "origin": [8, 1.2, 8]},
			"faces": {
				"north": {"uv": [10, 10, 12, 16], "texture": "#0"},
				"east": {"uv": [9, 10, 10, 16], "texture": "#0"},
				"south": {"uv": [9, 9, 10, 10], "texture": "#0"},
				"west": {"uv": [9, 9, 10, 10], "texture": "#0"},
				"up": {"uv": [10, 10, 9, 9], "texture": "#0"},
				"down": {"uv": [10, 9, 9, 10], "texture": "#0"}
			}
		},
		{
			"name": "left_arm",
			"from": [2.1, 14.8, 1],
			"to": [4.9, 17.6, 9.4],
			"rotation": {"angle": 0, "axis": "x", "origin": [7.7, 16.2, -7.4]},
			"faces": {
				"north": {"uv": [16, 8, 15, 10], "rotation": 180, "texture": "#0"},
				"east": {"uv": [13, 10, 14, 16], "rotation": 270, "texture": "#0"},
				"south": {"uv": [15, 10, 14, 9], "texture": "#0"},
				"west": {"uv": [14, 9, 15, 10], "rotation": 90, "texture": "#0"},
				"up": {"uv": [14, 10, 15, 16], "rotation": 180, "texture": "#0"},
				"down": {"uv": [14, 9, 15, 10], "texture": "#0"}
			}
		},
		{
			"name": "right_arm",
			"from": [11.1, 14.8, 1],
			"to": [13.9, 17.6, 9.4],
			"rotation": {"angle": 0, "axis": "x", "origin": [8.3, 16.2, -7.4]},
			"faces": {
				"north": {"uv": [9, 8, 8, 10], "rotation": 180, "texture": "#0"},
				"east": {"uv": [6, 10, 7, 16], "rotation": 270, "texture": "#0"},
				"south": {"uv": [8, 10, 7, 9], "texture": "#0"},
				"west": {"uv": [7, 9, 8, 10], "rotation": 90, "texture": "#0"},
				"up": {"uv": [7, 10, 8, 16], "rotation": 180, "texture": "#0"},
				"down": {"uv": [7, 9, 8, 10], "texture": "#0"}
			}
		},
		{
			"name": "left_leg",
			"from": [5.27, 1.2, 6.67],
			"to": [8.07, 9.6, 9.47],
			"rotation": {"angle": 0, "axis": "y", "origin": [8, 1.2, 8]},
			"faces": {
				"north": {"uv": [12, 10, 13, 16], "texture": "#0"},
				"east": {"uv": [12, 9, 13, 10], "texture": "#0"},
				"south": {"uv": [12, 9, 13, 10], "texture": "#0"},
				"west": {"uv": [12, 9, 13, 10], "texture": "#0"},
				"up": {"uv": [13, 10, 12, 9], "texture": "#0"},
				"down": {"uv": [13, 9, 12, 10], "texture": "#0"}
			}
		},
		{
			"name": "right_leg",
			"from": [7.93, 1.2, 6.67],
			"to": [10.73, 9.6, 9.47],
			"rotation": {"angle": 0, "axis": "y", "origin": [8, 1.2, 8]},
			"faces": {
				"north": {"uv": [5, 10, 6, 16], "texture": "#0"},
				"east": {"uv": [4, 10, 5, 16], "texture": "#0"},
				"south": {"uv": [4, 9, 5, 10], "texture": "#0"},
				"west": {"uv": [4, 9, 5, 10], "texture": "#0"},
				"up": {"uv": [5, 10, 4, 9], "texture": "#0"},
				"down": {"uv": [5, 9, 4, 10], "texture": "#0"}
			}
		}
	],
	"gui_light": "front",
	"display": {
		"gui": {
			"rotation": [20, -140, 0],
			"translation": [-0.5, -3.25, 0],
			"scale": [0.85, 0.85, 0.85]
		}
	},
	"groups": [
		{
			"name": "outer",
			"origin": [8, 8, 8],
			"color": 0,
			"children": [
				{
					"name": "head",
					"origin": [8, 18, 8],
					"color": 0,
					"children": [0]
				},
				{
					"name": "body",
					"origin": [8, 18, 8],
					"color": 0,
					"children": [1]
				},
				{
					"name": "left_arm",
					"origin": [4.5, 16.6, 8],
					"color": 0,
					"children": [2]
				},
				{
					"name": "right_arm",
					"origin": [11.5, 16.6, 8],
					"color": 0,
					"children": [3]
				},
				{
					"name": "left_leg",
					"origin": [6.67, 9.6, 8.07],
					"color": 0,
					"children": [4]
				},
				{
					"name": "right_leg",
					"origin": [9.33, 9.6, 8.07],
					"color": 0,
					"children": [5]
				}
			]
		},
		{
			"name": "inner",
			"origin": [8, 8, 8],
			"color": 0,
			"children": [
				{
					"name": "head",
					"origin": [8, 18, 8],
					"color": 0,
					"children": [6]
				},
				{
					"name": "body",
					"origin": [8, 18, 8],
					"color": 0,
					"children": [7]
				},
				{
					"name": "left_arm",
					"origin": [4.5, 16.6, 8],
					"color": 0,
					"children": [8]
				},
				{
					"name": "right_arm",
					"origin": [11.5, 16.6, 8],
					"color": 0,
					"children": [9]
				},
				{
					"name": "left_leg",
					"origin": [6.67, 9.6, 8.07],
					"color": 0,
					"children": [10]
				},
				{
					"name": "right_leg",
					"origin": [9.33, 9.6, 8.07],
					"color": 0,
					"children": [11]
				}
			]
		}
	]
}