{
	"format_version": "1.21.6",
	"credit": "Made with Blockbench",
	"texture_size": [64, 32],
	"textures": {
		"0": "mc_overhaul:item/compendium_icons/bestiary/elder_guardian",
		"particle": "minecraft:item/emerald"
	},
	"elements": [
		{
			"name": "body",
			"from": [2, 2, -9],
			"to": [14, 14, 7],
			"rotation": {"angle": 0, "axis": "y", "origin": [8, 0, -1]},
			"faces": {
				"north": {"uv": [4, 8, 7, 14], "texture": "#0"},
				"east": {"uv": [0, 8, 4, 14], "texture": "#0"},
				"south": {"uv": [3.5, 0, 4, 8], "texture": "#0"},
				"west": {"uv": [3.5, 0, 4, 8], "texture": "#0"},
				"up": {"uv": [4, 0, 7, 8], "texture": "#0"},
				"down": {"uv": [3.5, 0, 4, 8], "texture": "#0"}
			}
		},
		{
			"name": "body",
			"from": [2, 14, -7],
			"to": [14, 16, 5],
			"rotation": {"angle": 0, "axis": "y", "origin": [8, 0, -1]},
			"faces": {
				"north": {"uv": [10.25, 6, 13.25, 7], "texture": "#0"},
				"east": {"uv": [7.25, 6, 10.25, 7], "texture": "#0"},
				"south": {"uv": [9.5, 0, 10.25, 6], "texture": "#0"},
				"west": {"uv": [9.5, 0, 10.25, 6], "texture": "#0"},
				"up": {"uv": [13.25, 6, 10.25, 0], "texture": "#0"},
				"down": {"uv": [9.5, 0, 10.25, 6], "texture": "#0"}
			}
		},
		{
			"name": "body",
			"from": [2, 0, -7],
			"to": [14, 2, 5],
			"rotation": {"angle": 0, "axis": "y", "origin": [8, 0, -1]},
			"faces": {
				"north": {"uv": [10.25, 6, 13.25, 7], "texture": "#0"},
				"east": {"uv": [7.25, 6, 10.25, 7], "texture": "#0"},
				"south": {"uv": [9.5, 0, 10.25, 6], "texture": "#0"},
				"west": {"uv": [9.5, 0, 10.25, 6], "texture": "#0"},
				"up": {"uv": [9.5, 0, 10.25, 6], "texture": "#0"},
				"down": {"uv": [9.5, 0, 10.25, 6], "texture": "#0"}
			}
		},
		{
			"name": "body",
			"from": [14, 2, -7],
			"to": [16, 14, 5],
			"rotation": {"angle": 0, "axis": "y", "origin": [8, 0, -1]},
			"faces": {
				"north": {"uv": [15.5, 7, 16, 13], "texture": "#0"},
				"east": {"uv": [12.5, 7, 15.5, 13], "texture": "#0"},
				"south": {"uv": [15.25, 1, 15.5, 7], "texture": "#0"},
				"west": {"uv": [15.25, 1, 15.5, 7], "texture": "#0"},
				"up": {"uv": [15.5, 1, 16, 7], "texture": "#0"},
				"down": {"uv": [15.25, 1, 15.5, 7], "texture": "#0"}
			}
		},
		{
			"name": "body_sub_1",
			"from": [0, 2, -7],
			"to": [2, 14, 5],
			"rotation": {"angle": 0, "axis": "y", "origin": [8, 0, -1]},
			"faces": {
				"north": {"uv": [15.5, 7, 16, 13], "texture": "#0"},
				"east": {"uv": [15.25, 1, 15.5, 7], "texture": "#0"},
				"south": {"uv": [15.25, 1, 15.5, 7], "texture": "#0"},
				"west": {"uv": [15.25, 1, 15.5, 7], "texture": "#0"},
				"up": {"uv": [15.5, 1, 16, 7], "texture": "#0"},
				"down": {"uv": [15.25, 1, 15.5, 7], "texture": "#0"}
			}
		},
		{
			"name": "tail3",
			"from": [7, 7, 19],
			"to": [9, 9, 25],
			"rotation": {"angle": 0, "axis": "y", "origin": [8, 0, 1]},
			"faces": {
				"north": {"uv": [13.75, 2.5, 14.75, 5.5], "texture": "#0"},
				"east": {"uv": [13.75, 5.5, 15.25, 6.5], "texture": "#0"},
				"south": {"uv": [13.75, 2.5, 14.75, 5.5], "texture": "#0"},
				"west": {"uv": [13.75, 2.5, 14.75, 5.5], "texture": "#0"},
				"up": {"uv": [14.75, 2.5, 15.25, 5.5], "texture": "#0"},
				"down": {"uv": [13.75, 2.5, 14.75, 5.5], "texture": "#0"}
			}
		},
		{
			"name": "tail3",
			"from": [7, 3.5, 22],
			"to": [8, 12.5, 31],
			"rotation": {"angle": 0, "axis": "y", "origin": [8, 0, 7]},
			"faces": {
				"north": {"uv": [7.25, 12, 9.5, 13.5], "texture": "#0"},
				"east": {"uv": [7.25, 7.5, 9.5, 12], "texture": "#0"},
				"south": {"uv": [7.25, 12, 9.5, 13.5], "texture": "#0"},
				"west": {"uv": [7.25, 12, 9.5, 13.5], "texture": "#0"},
				"up": {"uv": [7.25, 12, 9.5, 13.5], "texture": "#0"},
				"down": {"uv": [7.25, 12, 9.5, 13.5], "texture": "#0"}
			}
		},
		{
			"name": "eye",
			"from": [7, 6.5, -9.25],
			"to": [9, 8.5, -8.25],
			"rotation": {"angle": 0, "axis": "y", "origin": [8, 0, -1]},
			"faces": {
				"north": {"uv": [2.25, 0.5, 2.75, 1.5], "texture": "#0"},
				"east": {"uv": [2, 0.5, 2.25, 1.5], "texture": "#0"},
				"south": {"uv": [2, 0, 2.25, 0.5], "texture": "#0"},
				"west": {"uv": [2, 0, 2.25, 0.5], "texture": "#0"},
				"up": {"uv": [2.25, 0, 2.75, 0.5], "texture": "#0"},
				"down": {"uv": [2, 0, 2.25, 0.5], "texture": "#0"}
			}
		},
		{
			"name": "tail1",
			"from": [6, 6, 6],
			"to": [10, 10, 14],
			"rotation": {"angle": 0, "axis": "y", "origin": [8, 0, -1]},
			"faces": {
				"north": {"uv": [7.5, 0, 8.5, 4], "texture": "#0"},
				"east": {"uv": [7.5, 4, 9.5, 6], "texture": "#0"},
				"south": {"uv": [7.5, 0, 8.5, 4], "texture": "#0"},
				"west": {"uv": [7.5, 0, 8.5, 4], "texture": "#0"},
				"up": {"uv": [8.5, 0, 9.5, 4], "texture": "#0"},
				"down": {"uv": [7.5, 0, 8.5, 4], "texture": "#0"}
			}
		},
		{
			"name": "tail2",
			"from": [6.5, 6.5, 13],
			"to": [9.5, 9.5, 20],
			"rotation": {"angle": 0, "axis": "y", "origin": [8, 0, -1]},
			"faces": {
				"north": {"uv": [10.25, 7.5, 11.25, 11], "texture": "#0"},
				"east": {"uv": [10.25, 11, 12, 12.5], "texture": "#0"},
				"south": {"uv": [10.25, 7.5, 11.25, 11], "texture": "#0"},
				"west": {"uv": [10.25, 7.5, 11.25, 11], "texture": "#0"},
				"up": {"uv": [11.25, 7.5, 12, 11], "texture": "#0"},
				"down": {"uv": [10.25, 7.5, 11.25, 11], "texture": "#0"}
			}
		},
		{
			"name": "spine1_rotation",
			"from": [7, 17.5, -3.4],
			"to": [9, 26.5, -1.4],
			"rotation": {"angle": 45, "axis": "x", "origin": [8, 9.5, -9.4]},
			"faces": {
				"north": {"uv": [0.5, 1, 1, 5.5], "texture": "#0"},
				"east": {"uv": [0, 1, 0.5, 5.5], "texture": "#0"},
				"south": {"uv": [0, 0, 0.5, 1], "texture": "#0"},
				"west": {"uv": [0, 0, 0.5, 1], "texture": "#0"},
				"up": {"uv": [0, 0, 0.5, 1], "texture": "#0"},
				"down": {"uv": [0, 0, 0.5, 1], "texture": "#0"}
			}
		},
		{
			"name": "spine2_rotation",
			"from": [7, 17.6, -0.9],
			"to": [9, 26.6, 1.1],
			"rotation": {"angle": -45, "axis": "x", "origin": [8, 9.6, 7.1]},
			"faces": {
				"north": {"uv": [0.5, 1, 1, 5.5], "texture": "#0"},
				"east": {"uv": [0, 1, 0.5, 5.5], "texture": "#0"},
				"south": {"uv": [0, 0, 0.5, 1], "texture": "#0"},
				"west": {"uv": [0, 0, 0.5, 1], "texture": "#0"},
				"up": {"uv": [0.5, 0, 1, 1], "texture": "#0"},
				"down": {"uv": [0, 0, 0.5, 1], "texture": "#0"}
			}
		},
		{
			"name": "spine3_rotation",
			"from": [8, 18, -2],
			"to": [10, 27, 0],
			"rotation": {"angle": 45, "axis": "z", "origin": [16, 10, -1]},
			"faces": {
				"north": {"uv": [0.5, 1, 1, 5.5], "texture": "#0"},
				"east": {"uv": [0, 1, 0.5, 5.5], "texture": "#0"},
				"south": {"uv": [0, 0, 0.5, 1], "texture": "#0"},
				"west": {"uv": [0, 0, 0.5, 1], "texture": "#0"},
				"up": {"uv": [0, 0, 0.5, 1], "texture": "#0"},
				"down": {"uv": [0, 0, 0.5, 1], "texture": "#0"}
			}
		},
		{
			"name": "spine4_rotation",
			"from": [6, 18, -2],
			"to": [8, 27, 0],
			"rotation": {"angle": -45, "axis": "z", "origin": [0, 10, -1]},
			"faces": {
				"north": {"uv": [0.5, 1, 1, 5.5], "texture": "#0"},
				"east": {"uv": [0, 1, 0.5, 5.5], "texture": "#0"},
				"south": {"uv": [0, 0, 0.5, 1], "texture": "#0"},
				"west": {"uv": [0, 0, 0.5, 1], "texture": "#0"},
				"up": {"uv": [0.5, 0, 1, 1], "texture": "#0"},
				"down": {"uv": [0, 0, 0.5, 1], "texture": "#0"}
			}
		},
		{
			"name": "spine5_rotation",
			"from": [16, 7, -6],
			"to": [25, 9, -4],
			"rotation": {"angle": 45, "axis": "y", "origin": [15, 15, 2]},
			"faces": {
				"north": {"uv": [0.5, 1, 1, 5.5], "rotation": 270, "texture": "#0"},
				"east": {"uv": [0.5, 0, 1, 1], "rotation": 90, "texture": "#0"},
				"south": {"uv": [0, 0, 0.5, 1], "rotation": 90, "texture": "#0"},
				"west": {"uv": [0, 0, 0.5, 1], "rotation": 90, "texture": "#0"},
				"up": {"uv": [1, 1, 1.5, 5.5], "rotation": 90, "texture": "#0"},
				"down": {"uv": [0, 0, 0.5, 1], "rotation": 90, "texture": "#0"}
			}
		},
		{
			"name": "spine6_rotation",
			"from": [-9, 7, -6],
			"to": [0, 9, -4],
			"rotation": {"angle": -45, "axis": "y", "origin": [1, 15, 2]},
			"faces": {
				"north": {"uv": [0.5, 1, 1, 5.5], "rotation": 90, "texture": "#0"},
				"east": {"uv": [0, 0, 0.5, 1], "rotation": 270, "texture": "#0"},
				"south": {"uv": [0, 0, 0.5, 1], "rotation": 270, "texture": "#0"},
				"west": {"uv": [0.5, 0, 1, 1], "rotation": 270, "texture": "#0"},
				"up": {"uv": [0, 1, 0.5, 5.5], "rotation": 270, "texture": "#0"},
				"down": {"uv": [0, 0, 0.5, 1], "rotation": 270, "texture": "#0"}
			}
		},
		{
			"name": "spine8_rotation",
			"from": [16, 7, 2],
			"to": [25, 9, 4],
			"rotation": {"angle": -45, "axis": "y", "origin": [15, 15, -4]},
			"faces": {
				"north": {"uv": [0.5, 1, 1, 5.5], "rotation": 270, "texture": "#0"},
				"east": {"uv": [0, 0, 0.5, 1], "rotation": 90, "texture": "#0"},
				"south": {"uv": [0, 0, 0.5, 1], "rotation": 90, "texture": "#0"},
				"west": {"uv": [0, 0, 0.5, 1], "rotation": 90, "texture": "#0"},
				"up": {"uv": [1, 1, 1.5, 5.5], "rotation": 90, "texture": "#0"},
				"down": {"uv": [0, 0, 0.5, 1], "rotation": 90, "texture": "#0"}
			}
		},
		{
			"name": "spine9_rotation",
			"from": [7, -2, 5],
			"to": [9, 0, 14],
			"rotation": {"angle": 45, "axis": "x", "origin": [8, 6, 11]},
			"faces": {
				"north": {"uv": [1.5, 0, 1, 0.5], "rotation": 180, "texture": "#0"},
				"east": {"uv": [0, 0.5, 0.5, 2.75], "rotation": 270, "texture": "#0"},
				"south": {"uv": [1, 0.5, 0.5, 0], "texture": "#0"},
				"west": {"uv": [1, 0.5, 1.5, 2.75], "rotation": 90, "texture": "#0"},
				"up": {"uv": [0.5, 0.5, 1, 2.75], "rotation": 180, "texture": "#0"},
				"down": {"uv": [1.5, 0.5, 2, 2.75], "texture": "#0"}
			}
		},
		{
			"name": "spine10_rotation",
			"from": [7, -2, -16],
			"to": [9, 0, -7],
			"rotation": {"angle": -45, "axis": "x", "origin": [8, 6, -13]},
			"faces": {
				"north": {"uv": [0.5, 0, 1, 1], "rotation": 180, "texture": "#0"},
				"east": {"uv": [0, 1, 0.5, 5.5], "rotation": 90, "texture": "#0"},
				"south": {"uv": [0, 0, 0.5, 1], "texture": "#0"},
				"west": {"uv": [0, 0, 0.5, 1], "rotation": 270, "texture": "#0"},
				"up": {"uv": [1.5, 1, 2, 5.5], "texture": "#0"},
				"down": {"uv": [0, 0, 0.5, 1], "rotation": 180, "texture": "#0"}
			}
		},
		{
			"name": "spine12_rotation",
			"from": [14, -2, -2],
			"to": [23, 0, 0],
			"rotation": {"angle": -45, "axis": "z", "origin": [20, 6, -1]},
			"faces": {
				"north": {"uv": [0.5, 1, 1, 5.5], "rotation": 270, "texture": "#0"},
				"east": {"uv": [0.5, 0, 1, 1], "rotation": 90, "texture": "#0"},
				"south": {"uv": [0, 0, 0.5, 1], "rotation": 90, "texture": "#0"},
				"west": {"uv": [0, 0, 0.5, 1], "rotation": 90, "texture": "#0"},
				"up": {"uv": [1, 1, 1.5, 5.5], "rotation": 90, "texture": "#0"},
				"down": {"uv": [0, 0, 0.5, 1], "rotation": 90, "texture": "#0"}
			}
		}
	],
	"gui_light": "front",
	"display": {
		"gui": {
			"rotation": [20, -140, 0],
			"translation": [-1.25, 0.75, 0],
			"scale": [0.55, 0.55, 0.55]
		}
	},
	"groups": [
		{
			"name": "body",
			"origin": [8, 24, 8],
			"color": 0,
			"children": [
				0,
				1,
				2,
				3,
				{
					"name": "body_flipped",
					"origin": [8, 0, 8],
					"color": 0,
					"children": [
						{
							"name": "body_sub_1",
							"origin": [8, 0, 8],
							"color": 0,
							"children": [4]
						}
					]
				}
			]
		},
		{
			"name": "tail3",
			"origin": [9, 23, 28],
			"color": 0,
			"children": [5, 6]
		},
		7,
		8,
		9,
		10,
		11,
		12,
		13,
		14,
		15,
		16,
		17,
		18,
		19
	]
}