{
	"credit": "Made with Blockbench",
	"textures": {
		"0": "mc_overhaul:item/compendium_icons/bestiary/endermite",
		"particle": "minecraft:item/emerald"
	},
	"elements": [
		{
			"name": "body1",
			"from": [6, 0, 3.5],
			"to": [10, 3, 5.5],
			"rotation": {"angle": 0, "axis": "y", "origin": [8, 0, 8]},
			"faces": {
				"north": {"uv": [2, 2, 6, 5], "texture": "#0"},
				"east": {"uv": [0, 2, 2, 5], "texture": "#0"},
				"south": {"uv": [0, 0, 2, 2], "texture": "#0"},
				"west": {"uv": [0, 0, 2, 2], "texture": "#0"},
				"up": {"uv": [2, 0, 6, 2], "texture": "#0"},
				"down": {"uv": [0, 0, 2, 2], "texture": "#0"}
			}
		},
		{
			"name": "body2",
			"from": [5, 0, 5.5],
			"to": [11, 4, 10.5],
			"rotation": {"angle": 0, "axis": "y", "origin": [8, 0, 8]},
			"faces": {
				"north": {"uv": [7, 6, 13, 10], "texture": "#0"},
				"east": {"uv": [2, 6, 7, 10], "texture": "#0"},
				"south": {"uv": [13, 1, 15, 10], "texture": "#0"},
				"west": {"uv": [13, 1, 15, 10], "texture": "#0"},
				"up": {"uv": [7, 1, 13, 6], "texture": "#0"},
				"down": {"uv": [13, 1, 15, 10], "texture": "#0"}
			}
		}
	],
	"gui_light": "front",
	"display": {
		"gui": {
			"rotation": [20, -140, 0],
			"translation": [-0.5, 9, 0],
			"scale": [1.5, 1.5, 1.5]
		}
	},
	"groups": [
		{
			"name": "body1",
			"origin": [8, 3, 4.5],
			"color": 0,
			"children": [0]
		},
		{
			"name": "body2",
			"origin": [8, 4, 8],
			"color": 0,
			"children": [1]
		}
	]
}