{
	"credit": "Made with Blockbench",
	"texture_size": [64, 32],
	"textures": {
		"0": "mc_overhaul:item/compendium_icons/bestiary/enderman",
		"particle": "minecraft:item/emerald"
	},
	"elements": [
		{
			"name": "body",
			"from": [6.04, 14.12, 7.02],
			"to": [9.96, 20, 8.98],
			"rotation": {"angle": 0, "axis": "y", "origin": [8, 0.89, 8]},
			"faces": {
				"north": {"uv": [5.25, 2, 7.25, 8], "texture": "#0"},
				"east": {"uv": [4.25, 2, 5.25, 8], "texture": "#0"},
				"south": {"uv": [4.25, 0, 5.25, 2], "texture": "#0"},
				"west": {"uv": [4.25, 0, 5.25, 2], "texture": "#0"},
				"up": {"uv": [7.25, 2, 5.25, 0], "texture": "#0"},
				"down": {"uv": [5.25, 0, 4.25, 2], "texture": "#0"}
			}
		},
		{
			"name": "head",
			"from": [6.04, 20, 6.04],
			"to": [9.96, 23.92, 9.96],
			"rotation": {"angle": 0, "axis": "y", "origin": [8, 0.89, 8]},
			"faces": {
				"north": {"uv": [2, 4, 4, 8], "texture": "#0"},
				"east": {"uv": [0, 4, 2, 8], "texture": "#0"},
				"south": {"uv": [0, 0, 2, 4], "texture": "#0"},
				"west": {"uv": [0, 0, 2, 4], "texture": "#0"},
				"up": {"uv": [4, 4, 2, 0], "texture": "#0"},
				"down": {"uv": [2, 0, 0, 4], "texture": "#0"}
			}
		},
		{
			"name": "headwear",
			"from": [6.285, 20.245, 6.285],
			"to": [9.715, 23.675, 9.715],
			"rotation": {"angle": 0, "axis": "y", "origin": [8, 0.89, 8]},
			"faces": {
				"north": {"uv": [9.5, 0, 11.5, 4], "texture": "#0"},
				"east": {"uv": [7.5, 0, 9.5, 4], "texture": "#0"},
				"south": {"uv": [11.5, 0, 13.5, 4], "texture": "#0"},
				"west": {"uv": [11.5, 0, 13.5, 4], "texture": "#0"},
				"up": {"uv": [13.5, 4, 11.5, 0], "texture": "#0"},
				"down": {"uv": [13.5, 0, 11.5, 4], "texture": "#0"}
			}
		},
		{
			"name": "right_arm",
			"from": [9.96, 5.3, 7.51],
			"to": [10.94, 20, 8.49],
			"rotation": {"angle": 0, "axis": "y", "origin": [8, 0.89, 8]},
			"faces": {
				"north": {"uv": [14.5, 1, 15, 16], "texture": "#0"},
				"east": {"uv": [14, 1, 14.5, 16], "texture": "#0"},
				"south": {"uv": [14, 0, 14.5, 1], "texture": "#0"},
				"west": {"uv": [14, 0, 14.5, 1], "texture": "#0"},
				"up": {"uv": [15, 1, 14.5, 0], "texture": "#0"},
				"down": {"uv": [14.5, 0, 14, 1], "texture": "#0"}
			}
		},
		{
			"name": "left_arm",
			"from": [5.06, 5.3, 7.51],
			"to": [6.04, 20, 8.49],
			"rotation": {"angle": 0, "axis": "y", "origin": [8, 0.89, 8]},
			"faces": {
				"north": {"uv": [15, 1, 14.5, 16], "texture": "#0"},
				"east": {"uv": [14.5, 1, 14, 16], "texture": "#0"},
				"south": {"uv": [14.5, 0, 14, 1], "texture": "#0"},
				"west": {"uv": [14.5, 0, 14, 1], "texture": "#0"},
				"up": {"uv": [14.5, 1, 15, 0], "texture": "#0"},
				"down": {"uv": [14, 0, 14.5, 1], "texture": "#0"}
			}
		},
		{
			"name": "right_leg",
			"from": [8.49, 0.89, 7.51],
			"to": [9.47, 15.59, 8.49],
			"rotation": {"angle": 0, "axis": "y", "origin": [8, 0.89, 8]},
			"faces": {
				"north": {"uv": [14.5, 1, 15, 16], "texture": "#0"},
				"east": {"uv": [14, 1, 14.5, 16], "texture": "#0"},
				"south": {"uv": [14, 0, 14.5, 1], "texture": "#0"},
				"west": {"uv": [14, 0, 14.5, 1], "texture": "#0"},
				"up": {"uv": [14.5, 1, 14, 0], "texture": "#0"},
				"down": {"uv": [14.5, 0, 14, 1], "texture": "#0"}
			}
		},
		{
			"name": "left_leg",
			"from": [6.53, 0.89, 7.51],
			"to": [7.51, 15.59, 8.49],
			"rotation": {"angle": 0, "axis": "y", "origin": [8, 0.89, 8]},
			"faces": {
				"north": {"uv": [15, 1, 14.5, 16], "texture": "#0"},
				"east": {"uv": [14.5, 1, 14, 16], "texture": "#0"},
				"south": {"uv": [14.5, 0, 14, 1], "texture": "#0"},
				"west": {"uv": [14.5, 0, 14, 1], "texture": "#0"},
				"up": {"uv": [14, 1, 14.5, 0], "texture": "#0"},
				"down": {"uv": [14, 0, 14.5, 1], "texture": "#0"}
			}
		}
	],
	"gui_light": "front",
	"display": {
		"gui": {
			"rotation": [20, -140, 0],
			"translation": [0.25, -3.5, 0],
			"scale": [0.85, 0.85, 0.85]
		}
	},
	"groups": [
		{
			"name": "body",
			"origin": [8, 20, 8],
			"color": 0,
			"children": [0]
		},
		{
			"name": "head",
			"origin": [8, 20, 8],
			"color": 0,
			"children": [1]
		},
		{
			"name": "headwear",
			"origin": [8, 20, 8],
			"color": 0,
			"children": [2]
		},
		{
			"name": "right_arm",
			"origin": [10.45, 19.02, 8],
			"color": 0,
			"children": [3]
		},
		{
			"name": "left_arm",
			"origin": [5.55, 19.02, 8],
			"color": 0,
			"children": [4]
		},
		{
			"name": "right_leg",
			"origin": [8.98, 15.59, 8],
			"color": 0,
			"children": [5]
		},
		{
			"name": "left_leg",
			"origin": [7.02, 15.59, 8],
			"color": 0,
			"children": [6]
		}
	]
}