{
	"credit": "Made with Blockbench",
	"texture_size": [256, 256],
	"textures": {
		"0": "mc_overhaul:item/compendium_icons/bestiary/ender_dragon",
		"particle": "minecraft:item/emerald"
	},
	"elements": [
		{
			"name": "head",
			"from": [7.4, 4.6, -2.4],
			"to": [8.6, 5.1, -0.8],
			"rotation": {"angle": 0, "axis": "y", "origin": [8, -1.2, 8.6]},
			"faces": {
				"north": {"uv": [12, 3.75, 12.75, 4.0625], "texture": "#0"},
				"east": {"uv": [11, 3.75, 12, 4.0625], "texture": "#0"},
				"south": {"uv": [13.75, 3.75, 14.5, 4.0625], "texture": "#0"},
				"west": {"uv": [12.75, 3.75, 13.75, 4.0625], "texture": "#0"},
				"up": {"uv": [12.75, 3.75, 12, 2.75], "texture": "#0"},
				"down": {"uv": [13.5, 2.75, 12.75, 3.75], "texture": "#0"}
			}
		},
		{
			"name": "head",
			"from": [7.2, 4.2, -1],
			"to": [8.8, 5.8, 0.6],
			"rotation": {"angle": 0, "axis": "y", "origin": [8, -1.2, 8.6]},
			"faces": {
				"north": {"uv": [8, 2.875, 9, 3.875], "texture": "#0"},
				"east": {"uv": [7, 2.875, 8, 3.875], "texture": "#0"},
				"south": {"uv": [10, 2.875, 11, 3.875], "texture": "#0"},
				"west": {"uv": [9, 2.875, 10, 3.875], "texture": "#0"},
				"up": {"uv": [9, 2.875, 8, 1.875], "texture": "#0"},
				"down": {"uv": [10, 1.875, 9, 2.875], "texture": "#0"}
			}
		},
		{
			"name": "head",
			"from": [7.5, 5.8, -0.4],
			"to": [7.7, 6.2, 0.2],
			"rotation": {"angle": 0, "axis": "y", "origin": [8, -1.2, 8.6]},
			"faces": {
				"north": {"uv": [0.375, 0.375, 0.5, 0.625], "texture": "#0"},
				"east": {"uv": [0, 0.375, 0.375, 0.625], "texture": "#0"},
				"south": {"uv": [0.875, 0.375, 1, 0.625], "texture": "#0"},
				"west": {"uv": [0.5, 0.375, 0.875, 0.625], "texture": "#0"},
				"up": {"uv": [0.5, 0.375, 0.375, 0], "texture": "#0"},
				"down": {"uv": [0.625, 0, 0.5, 0.375], "texture": "#0"}
			}
		},
		{
			"name": "head",
			"from": [7.5, 5.1, -2.2],
			"to": [7.7, 5.3, -1.8],
			"rotation": {"angle": 0, "axis": "y", "origin": [8, -1.2, 8.6]},
			"faces": {
				"north": {"uv": [7.25, 0.25, 7.375, 0.375], "texture": "#0"},
				"east": {"uv": [7, 0.25, 7.25, 0.375], "texture": "#0"},
				"south": {"uv": [7.625, 0.25, 7.75, 0.375], "texture": "#0"},
				"west": {"uv": [7.375, 0.25, 7.625, 0.375], "texture": "#0"},
				"up": {"uv": [7.375, 0.25, 7.25, 0], "texture": "#0"},
				"down": {"uv": [7.5, 0, 7.375, 0.25], "texture": "#0"}
			}
		},
		{
			"name": "mirrored",
			"from": [8.3, 5.8, -0.4],
			"to": [8.5, 6.2, 0.2],
			"rotation": {"angle": 0, "axis": "y", "origin": [8, -1.2, 8.6]},
			"faces": {
				"north": {"uv": [0.5, 0.375, 0.375, 0.625], "texture": "#0"},
				"east": {"uv": [0.875, 0.375, 0.5, 0.625], "texture": "#0"},
				"south": {"uv": [1, 0.375, 0.875, 0.625], "texture": "#0"},
				"west": {"uv": [0.375, 0.375, 0, 0.625], "texture": "#0"},
				"up": {"uv": [0.375, 0.375, 0.5, 0], "texture": "#0"},
				"down": {"uv": [0.5, 0, 0.625, 0.375], "texture": "#0"}
			}
		},
		{
			"name": "mirrored",
			"from": [8.3, 5.1, -2.2],
			"to": [8.5, 5.3, -1.8],
			"rotation": {"angle": 0, "axis": "y", "origin": [8, -1.2, 8.6]},
			"faces": {
				"north": {"uv": [7.375, 0.25, 7.25, 0.375], "texture": "#0"},
				"east": {"uv": [7.625, 0.25, 7.375, 0.375], "texture": "#0"},
				"south": {"uv": [7.75, 0.25, 7.625, 0.375], "texture": "#0"},
				"west": {"uv": [7.25, 0.25, 7, 0.375], "texture": "#0"},
				"up": {"uv": [7.25, 0.25, 7.375, 0], "texture": "#0"},
				"down": {"uv": [7.375, 0, 7.5, 0.25], "texture": "#0"}
			}
		},
		{
			"name": "jaw",
			"from": [7.4, 4.2, -2.4],
			"to": [8.6, 4.6, -0.8],
			"rotation": {"angle": 0, "axis": "y", "origin": [8, -1.2, 8.6]},
			"faces": {
				"north": {"uv": [12, 5.0625, 12.75, 5.3125], "texture": "#0"},
				"east": {"uv": [11, 5.0625, 12, 5.3125], "texture": "#0"},
				"south": {"uv": [13.75, 5.0625, 14.5, 5.3125], "texture": "#0"},
				"west": {"uv": [12.75, 5.0625, 13.75, 5.3125], "texture": "#0"},
				"up": {"uv": [12.75, 5.0625, 12, 4.0625], "texture": "#0"},
				"down": {"uv": [13.5, 4.0625, 12.75, 5.0625], "texture": "#0"}
			}
		},
		{
			"name": "neck1",
			"from": [7.5, 4.4, 4.5],
			"to": [8.5, 5.4, 5.5],
			"rotation": {"angle": 0, "axis": "y", "origin": [8, -1.2, 8.6]},
			"faces": {
				"north": {"uv": [12.625, 7.125, 13.25, 7.75], "texture": "#0"},
				"east": {"uv": [12, 7.125, 12.625, 7.75], "texture": "#0"},
				"south": {"uv": [13.875, 7.125, 14.5, 7.75], "texture": "#0"},
				"west": {"uv": [13.25, 7.125, 13.875, 7.75], "texture": "#0"},
				"up": {"uv": [13.25, 7.125, 12.625, 6.5], "texture": "#0"},
				"down": {"uv": [13.875, 6.5, 13.25, 7.125], "texture": "#0"}
			}
		},
		{
			"name": "neck1",
			"from": [7.9, 5.4, 4.7],
			"to": [8.1, 5.8, 5.3],
			"rotation": {"angle": 0, "axis": "y", "origin": [8, -1.2, 8.6]},
			"faces": {
				"north": {"uv": [0.375, 0.375, 0.5, 0.625], "texture": "#0"},
				"east": {"uv": [0, 0.375, 0.375, 0.625], "texture": "#0"},
				"south": {"uv": [0.875, 0.375, 1, 0.625], "texture": "#0"},
				"west": {"uv": [0.5, 0.375, 0.875, 0.625], "texture": "#0"},
				"up": {"uv": [0.5, 0.375, 0.375, 0], "texture": "#0"},
				"down": {"uv": [0.625, 0, 0.5, 0.375], "texture": "#0"}
			}
		},
		{
			"name": "neck2",
			"from": [7.5, 4.4, 3.5],
			"to": [8.5, 5.4, 4.5],
			"rotation": {"angle": 0, "axis": "y", "origin": [8, -1.2, 8.6]},
			"faces": {
				"north": {"uv": [12.625, 7.125, 13.25, 7.75], "texture": "#0"},
				"east": {"uv": [12, 7.125, 12.625, 7.75], "texture": "#0"},
				"south": {"uv": [13.875, 7.125, 14.5, 7.75], "texture": "#0"},
				"west": {"uv": [13.25, 7.125, 13.875, 7.75], "texture": "#0"},
				"up": {"uv": [13.25, 7.125, 12.625, 6.5], "texture": "#0"},
				"down": {"uv": [13.875, 6.5, 13.25, 7.125], "texture": "#0"}
			}
		},
		{
			"name": "neck2",
			"from": [7.9, 5.4, 3.7],
			"to": [8.1, 5.8, 4.3],
			"rotation": {"angle": 0, "axis": "y", "origin": [8, -1.2, 7.6]},
			"faces": {
				"north": {"uv": [0.375, 0.375, 0.5, 0.625], "texture": "#0"},
				"east": {"uv": [0, 0.375, 0.375, 0.625], "texture": "#0"},
				"south": {"uv": [0.875, 0.375, 1, 0.625], "texture": "#0"},
				"west": {"uv": [0.5, 0.375, 0.875, 0.625], "texture": "#0"},
				"up": {"uv": [0.5, 0.375, 0.375, 0], "texture": "#0"},
				"down": {"uv": [0.625, 0, 0.5, 0.375], "texture": "#0"}
			}
		},
		{
			"name": "neck3",
			"from": [7.5, 4.4, 2.5],
			"to": [8.5, 5.4, 3.5],
			"rotation": {"angle": 0, "axis": "y", "origin": [8, -1.2, 8.6]},
			"faces": {
				"north": {"uv": [12.625, 7.125, 13.25, 7.75], "texture": "#0"},
				"east": {"uv": [12, 7.125, 12.625, 7.75], "texture": "#0"},
				"south": {"uv": [13.875, 7.125, 14.5, 7.75], "texture": "#0"},
				"west": {"uv": [13.25, 7.125, 13.875, 7.75], "texture": "#0"},
				"up": {"uv": [13.25, 7.125, 12.625, 6.5], "texture": "#0"},
				"down": {"uv": [13.875, 6.5, 13.25, 7.125], "texture": "#0"}
			}
		},
		{
			"name": "neck3",
			"from": [7.9, 5.4, 2.7],
			"to": [8.1, 5.8, 3.3],
			"rotation": {"angle": 0, "axis": "y", "origin": [8, -1.2, 6.6]},
			"faces": {
				"north": {"uv": [0.375, 0.375, 0.5, 0.625], "texture": "#0"},
				"east": {"uv": [0, 0.375, 0.375, 0.625], "texture": "#0"},
				"south": {"uv": [0.875, 0.375, 1, 0.625], "texture": "#0"},
				"west": {"uv": [0.5, 0.375, 0.875, 0.625], "texture": "#0"},
				"up": {"uv": [0.5, 0.375, 0.375, 0], "texture": "#0"},
				"down": {"uv": [0.625, 0, 0.5, 0.375], "texture": "#0"}
			}
		},
		{
			"name": "neck4",
			"from": [7.5, 4.4, 1.5],
			"to": [8.5, 5.4, 2.5],
			"rotation": {"angle": 0, "axis": "y", "origin": [8, -1.2, 8.6]},
			"faces": {
				"north": {"uv": [12.625, 7.125, 13.25, 7.75], "texture": "#0"},
				"east": {"uv": [12, 7.125, 12.625, 7.75], "texture": "#0"},
				"south": {"uv": [13.875, 7.125, 14.5, 7.75], "texture": "#0"},
				"west": {"uv": [13.25, 7.125, 13.875, 7.75], "texture": "#0"},
				"up": {"uv": [13.25, 7.125, 12.625, 6.5], "texture": "#0"},
				"down": {"uv": [13.875, 6.5, 13.25, 7.125], "texture": "#0"}
			}
		},
		{
			"name": "neck4",
			"from": [7.9, 5.4, 1.7],
			"to": [8.1, 5.8, 2.3],
			"rotation": {"angle": 0, "axis": "y", "origin": [8, -1.2, 5.6]},
			"faces": {
				"north": {"uv": [0.375, 0.375, 0.5, 0.625], "texture": "#0"},
				"east": {"uv": [0, 0.375, 0.375, 0.625], "texture": "#0"},
				"south": {"uv": [0.875, 0.375, 1, 0.625], "texture": "#0"},
				"west": {"uv": [0.5, 0.375, 0.875, 0.625], "texture": "#0"},
				"up": {"uv": [0.5, 0.375, 0.375, 0], "texture": "#0"},
				"down": {"uv": [0.625, 0, 0.5, 0.375], "texture": "#0"}
			}
		},
		{
			"name": "neck5",
			"from": [7.5, 4.4, 0.5],
			"to": [8.5, 5.4, 1.5],
			"rotation": {"angle": 0, "axis": "y", "origin": [8, -1.2, 8.6]},
			"faces": {
				"north": {"uv": [12.625, 7.125, 13.25, 7.75], "texture": "#0"},
				"east": {"uv": [12, 7.125, 12.625, 7.75], "texture": "#0"},
				"south": {"uv": [13.875, 7.125, 14.5, 7.75], "texture": "#0"},
				"west": {"uv": [13.25, 7.125, 13.875, 7.75], "texture": "#0"},
				"up": {"uv": [13.25, 7.125, 12.625, 6.5], "texture": "#0"},
				"down": {"uv": [13.875, 6.5, 13.25, 7.125], "texture": "#0"}
			}
		},
		{
			"name": "neck5",
			"from": [7.9, 5.4, 0.7],
			"to": [8.1, 5.8, 1.3],
			"rotation": {"angle": 0, "axis": "y", "origin": [8, -1.2, 4.6]},
			"faces": {
				"north": {"uv": [0.375, 0.375, 0.5, 0.625], "texture": "#0"},
				"east": {"uv": [0, 0.375, 0.375, 0.625], "texture": "#0"},
				"south": {"uv": [0.875, 0.375, 1, 0.625], "texture": "#0"},
				"west": {"uv": [0.5, 0.375, 0.875, 0.625], "texture": "#0"},
				"up": {"uv": [0.5, 0.375, 0.375, 0], "texture": "#0"},
				"down": {"uv": [0.625, 0, 0.5, 0.375], "texture": "#0"}
			}
		},
		{
			"name": "body",
			"from": [6.8, 4.2, 5.4],
			"to": [9.2, 6.6, 11.8],
			"rotation": {"angle": 0, "axis": "y", "origin": [8, -1.2, 8.6]},
			"faces": {
				"north": {"uv": [4, 4, 5.5, 5.5], "texture": "#0"},
				"east": {"uv": [0, 4, 4, 5.5], "texture": "#0"},
				"south": {"uv": [9.5, 4, 11, 5.5], "texture": "#0"},
				"west": {"uv": [5.5, 4, 9.5, 5.5], "texture": "#0"},
				"up": {"uv": [5.5, 4, 4, 0], "texture": "#0"},
				"down": {"uv": [7, 0, 5.5, 4], "texture": "#0"}
			}
		},
		{
			"name": "body",
			"from": [7.9, 6.6, 6],
			"to": [8.1, 7.2, 7.2],
			"rotation": {"angle": 0, "axis": "y", "origin": [8, -1.2, 8.6]},
			"faces": {
				"north": {"uv": [14.5, 4.0625, 14.625, 4.4375], "texture": "#0"},
				"east": {"uv": [13.75, 4.0625, 14.5, 4.4375], "texture": "#0"},
				"south": {"uv": [15.375, 4.0625, 15.5, 4.4375], "texture": "#0"},
				"west": {"uv": [14.625, 4.0625, 15.375, 4.4375], "texture": "#0"},
				"up": {"uv": [14.625, 4.0625, 14.5, 3.3125], "texture": "#0"},
				"down": {"uv": [14.75, 3.3125, 14.625, 4.0625], "texture": "#0"}
			}
		},
		{
			"name": "body",
			"from": [7.9, 6.6, 8],
			"to": [8.1, 7.2, 9.2],
			"rotation": {"angle": 0, "axis": "y", "origin": [8, -1.2, 8.6]},
			"faces": {
				"north": {"uv": [14.5, 4.0625, 14.625, 4.4375], "texture": "#0"},
				"east": {"uv": [13.75, 4.0625, 14.5, 4.4375], "texture": "#0"},
				"south": {"uv": [15.375, 4.0625, 15.5, 4.4375], "texture": "#0"},
				"west": {"uv": [14.625, 4.0625, 15.375, 4.4375], "texture": "#0"},
				"up": {"uv": [14.625, 4.0625, 14.5, 3.3125], "texture": "#0"},
				"down": {"uv": [14.75, 3.3125, 14.625, 4.0625], "texture": "#0"}
			}
		},
		{
			"name": "body",
			"from": [7.9, 6.6, 10],
			"to": [8.1, 7.2, 11.2],
			"rotation": {"angle": 0, "axis": "y", "origin": [8, -1.2, 8.6]},
			"faces": {
				"north": {"uv": [14.5, 4.0625, 14.625, 4.4375], "texture": "#0"},
				"east": {"uv": [13.75, 4.0625, 14.5, 4.4375], "texture": "#0"},
				"south": {"uv": [15.375, 4.0625, 15.5, 4.4375], "texture": "#0"},
				"west": {"uv": [14.625, 4.0625, 15.375, 4.4375], "texture": "#0"},
				"up": {"uv": [14.625, 4.0625, 14.5, 3.3125], "texture": "#0"},
				"down": {"uv": [14.75, 3.3125, 14.625, 4.0625], "texture": "#0"}
			}
		},
		{
			"name": "left_wing",
			"from": [-1.6, 5.9, 6],
			"to": [4, 6.7, 6.8],
			"rotation": {"angle": -22.5, "axis": "z", "origin": [5.2, -1.4, 8.6]},
			"faces": {
				"north": {"uv": [11, 6, 7.5, 6.5], "texture": "#0"},
				"east": {"uv": [11.5, 6, 11, 6.5], "texture": "#0"},
				"south": {"uv": [15, 6, 11.5, 6.5], "texture": "#0"},
				"west": {"uv": [7.5, 6, 7, 6.5], "texture": "#0"},
				"up": {"uv": [7.5, 6, 11, 5.5], "texture": "#0"},
				"down": {"uv": [11, 5.5, 14.5, 6], "texture": "#0"}
			}
		},
		{
			"name": "left_wing",
			"from": [-1.6, 6.3, 6.6],
			"to": [4, 6.3, 12.2],
			"rotation": {"angle": -22.5, "axis": "z", "origin": [5.2, -1.4, 8.6]},
			"faces": {
				"north": {"uv": [3.5, 9, 0, 9], "texture": "#0"},
				"east": {"uv": [7, 9, 3.5, 9], "texture": "#0"},
				"south": {"uv": [10.5, 9, 7, 9], "texture": "#0"},
				"west": {"uv": [0, 9, -3.5, 9], "texture": "#0"},
				"up": {"uv": [0, 9, 3.5, 5.5], "texture": "#0"},
				"down": {"uv": [3.5, 5.5, 7, 9], "texture": "#0"}
			}
		},
		{
			"name": "left_wing_tip",
			"from": [-1, 11.3, 6.2],
			"to": [4.6, 11.7, 6.6],
			"rotation": {"angle": 22.5, "axis": "z", "origin": [11.4, 3.8, 8.6]},
			"faces": {
				"north": {"uv": [10.75, 8.75, 7.25, 9], "texture": "#0"},
				"east": {"uv": [11, 8.75, 10.75, 9], "texture": "#0"},
				"south": {"uv": [14.5, 8.75, 11, 9], "texture": "#0"},
				"west": {"uv": [7.25, 8.75, 7, 9], "texture": "#0"},
				"up": {"uv": [7.25, 8.75, 10.75, 8.5], "texture": "#0"},
				"down": {"uv": [10.75, 8.5, 14.25, 8.75], "texture": "#0"}
			}
		},
		{
			"name": "left_wing_tip",
			"from": [-1, 11.5, 6.6],
			"to": [4.6, 11.5, 12.2],
			"rotation": {"angle": 22.5, "axis": "z", "origin": [11.4, 3.8, 8.6]},
			"faces": {
				"north": {"uv": [3.5, 12.5, 0, 12.5], "texture": "#0"},
				"east": {"uv": [7, 12.5, 3.5, 12.5], "texture": "#0"},
				"south": {"uv": [10.5, 12.5, 7, 12.5], "texture": "#0"},
				"west": {"uv": [0, 12.5, -3.5, 12.5], "texture": "#0"},
				"up": {"uv": [0, 12.5, 3.5, 9], "texture": "#0"},
				"down": {"uv": [3.5, 9, 7, 12.5], "texture": "#0"}
			}
		},
		{
			"name": "right_wing",
			"from": [12, 6.3, 6.6],
			"to": [17.6, 6.3, 12.2],
			"rotation": {"angle": 22.5, "axis": "z", "origin": [10.8, -1.4, 8.6]},
			"faces": {
				"north": {"uv": [0, 9, 3.5, 9], "texture": "#0"},
				"east": {"uv": [-3.5, 9, 0, 9], "texture": "#0"},
				"south": {"uv": [7, 9, 10.5, 9], "texture": "#0"},
				"west": {"uv": [3.5, 9, 7, 9], "texture": "#0"},
				"up": {"uv": [3.5, 9, 0, 5.5], "texture": "#0"},
				"down": {"uv": [7, 5.5, 3.5, 9], "texture": "#0"}
			}
		},
		{
			"name": "right_wing",
			"from": [12, 5.9, 6],
			"to": [17.6, 6.7, 6.8],
			"rotation": {"angle": 22.5, "axis": "z", "origin": [10.8, -1.4, 8.6]},
			"faces": {
				"north": {"uv": [7.5, 6, 11, 6.5], "texture": "#0"},
				"east": {"uv": [7, 6, 7.5, 6.5], "texture": "#0"},
				"south": {"uv": [11.5, 6, 15, 6.5], "texture": "#0"},
				"west": {"uv": [11, 6, 11.5, 6.5], "texture": "#0"},
				"up": {"uv": [11, 6, 7.5, 5.5], "texture": "#0"},
				"down": {"uv": [14.5, 5.5, 11, 6], "texture": "#0"}
			}
		},
		{
			"name": "right_wing_tip",
			"from": [11.5, 11.5, 6.6],
			"to": [17.1, 11.5, 12.2],
			"rotation": {"angle": -22.5, "axis": "z", "origin": [4.7, 3.8, 8.6]},
			"faces": {
				"north": {"uv": [0, 12.5, 3.5, 12.5], "texture": "#0"},
				"east": {"uv": [-3.5, 12.5, 0, 12.5], "texture": "#0"},
				"south": {"uv": [7, 12.5, 10.5, 12.5], "texture": "#0"},
				"west": {"uv": [3.5, 12.5, 7, 12.5], "texture": "#0"},
				"up": {"uv": [3.5, 12.5, 0, 9], "texture": "#0"},
				"down": {"uv": [7, 9, 3.5, 12.5], "texture": "#0"}
			}
		},
		{
			"name": "right_wing_tip",
			"from": [11.5, 11.3, 6.2],
			"to": [17.1, 11.7, 6.6],
			"rotation": {"angle": -22.5, "axis": "z", "origin": [4.7, 3.8, 8.6]},
			"faces": {
				"north": {"uv": [7.25, 8.75, 10.75, 9], "texture": "#0"},
				"east": {"uv": [7, 8.75, 7.25, 9], "texture": "#0"},
				"south": {"uv": [11, 8.75, 14.5, 9], "texture": "#0"},
				"west": {"uv": [10.75, 8.75, 11, 9], "texture": "#0"},
				"up": {"uv": [10.75, 8.75, 7.25, 8.5], "texture": "#0"},
				"down": {"uv": [14.25, 8.5, 10.75, 8.75], "texture": "#0"}
			}
		},
		{
			"name": "front_left_leg",
			"from": [6.4, 6.3, 9.7],
			"to": [7.2, 8.7, 10.5],
			"rotation": {"angle": -45, "axis": "x", "origin": [8, 2.1, 12.3]},
			"faces": {
				"north": {"uv": [7.5, 7, 8, 8.5], "texture": "#0"},
				"east": {"uv": [7, 7, 7.5, 8.5], "texture": "#0"},
				"south": {"uv": [8.5, 7, 9, 8.5], "texture": "#0"},
				"west": {"uv": [8, 7, 8.5, 8.5], "texture": "#0"},
				"up": {"uv": [8, 7, 7.5, 6.5], "texture": "#0"},
				"down": {"uv": [8.5, 6.5, 8, 7], "texture": "#0"}
			}
		},
		{
			"name": "front_left_shin",
			"from": [6.5, 2.4, 8.7],
			"to": [7.1, 4.8, 9.3],
			"rotation": {"angle": -22.5, "axis": "x", "origin": [8, 0.6, 11.2]},
			"faces": {
				"north": {"uv": [14.5, 9, 14.875, 10.5], "texture": "#0"},
				"east": {"uv": [14.125, 9, 14.5, 10.5], "texture": "#0"},
				"south": {"uv": [15.25, 9, 15.625, 10.5], "texture": "#0"},
				"west": {"uv": [14.875, 9, 15.25, 10.5], "texture": "#0"},
				"up": {"uv": [14.875, 9, 14.5, 8.625], "texture": "#0"},
				"down": {"uv": [15.25, 8.625, 14.875, 9], "texture": "#0"}
			}
		},
		{
			"name": "front_left_foot",
			"from": [6.4, 2, 7.8],
			"to": [7.2, 2.4, 9.4],
			"rotation": {"angle": -22.5, "axis": "x", "origin": [8, 0.6, 11.2]},
			"faces": {
				"north": {"uv": [10, 7.5, 10.5, 7.75], "texture": "#0"},
				"east": {"uv": [9, 7.5, 10, 7.75], "texture": "#0"},
				"south": {"uv": [11.5, 7.5, 12, 7.75], "texture": "#0"},
				"west": {"uv": [10.5, 7.5, 11.5, 7.75], "texture": "#0"},
				"up": {"uv": [10.5, 7.5, 10, 6.5], "texture": "#0"},
				"down": {"uv": [11, 6.5, 10.5, 7.5], "texture": "#0"}
			}
		},
		{
			"name": "front_right_leg",
			"from": [8.8, 6.4, 10],
			"to": [9.6, 8.8, 10.8],
			"rotation": {"angle": -45, "axis": "x", "origin": [8, 2.2, 12.6]},
			"faces": {
				"north": {"uv": [7.5, 7, 8, 8.5], "texture": "#0"},
				"east": {"uv": [7, 7, 7.5, 8.5], "texture": "#0"},
				"south": {"uv": [8.5, 7, 9, 8.5], "texture": "#0"},
				"west": {"uv": [8, 7, 8.5, 8.5], "texture": "#0"},
				"up": {"uv": [8, 7, 7.5, 6.5], "texture": "#0"},
				"down": {"uv": [8.5, 6.5, 8, 7], "texture": "#0"}
			}
		},
		{
			"name": "front_right_shin",
			"from": [8.9, 2.6, 9.1],
			"to": [9.5, 5, 9.7],
			"rotation": {"angle": -22.5, "axis": "x", "origin": [8, 0.8, 11.6]},
			"faces": {
				"north": {"uv": [14.5, 9, 14.875, 10.5], "texture": "#0"},
				"east": {"uv": [14.125, 9, 14.5, 10.5], "texture": "#0"},
				"south": {"uv": [15.25, 9, 15.625, 10.5], "texture": "#0"},
				"west": {"uv": [14.875, 9, 15.25, 10.5], "texture": "#0"},
				"up": {"uv": [14.875, 9, 14.5, 8.625], "texture": "#0"},
				"down": {"uv": [15.25, 8.625, 14.875, 9], "texture": "#0"}
			}
		},
		{
			"name": "front_right_foot",
			"from": [8.8, 2.2, 8.2],
			"to": [9.6, 2.6, 9.8],
			"rotation": {"angle": -22.5, "axis": "x", "origin": [8, 0.8, 11.6]},
			"faces": {
				"north": {"uv": [10, 7.5, 10.5, 7.75], "texture": "#0"},
				"east": {"uv": [9, 7.5, 10, 7.75], "texture": "#0"},
				"south": {"uv": [11.5, 7.5, 12, 7.75], "texture": "#0"},
				"west": {"uv": [10.5, 7.5, 11.5, 7.75], "texture": "#0"},
				"up": {"uv": [10.5, 7.5, 10, 6.5], "texture": "#0"},
				"down": {"uv": [11, 6.5, 10.5, 7.5], "texture": "#0"}
			}
		},
		{
			"name": "back_left_leg",
			"from": [5.6, 1.8, 8.6],
			"to": [7.2, 3.4, 11.8],
			"rotation": {"angle": 22.5, "axis": "x", "origin": [8, 0.8, 15.6]},
			"faces": {
				"north": {"uv": [2, 1, 1, 0], "rotation": 180, "texture": "#0"},
				"east": {"uv": [0, 1, 1, 3], "rotation": 90, "texture": "#0"},
				"south": {"uv": [3, 0, 2, 1], "texture": "#0"},
				"west": {"uv": [2, 1, 3, 3], "rotation": 270, "texture": "#0"},
				"up": {"uv": [3, 1, 4, 3], "texture": "#0"},
				"down": {"uv": [1, 1, 2, 3], "rotation": 180, "texture": "#0"}
			}
		},
		{
			"name": "back_left_shin",
			"from": [5.8, 0.8, 15],
			"to": [7, 4, 16.2],
			"rotation": {"angle": -45, "axis": "x", "origin": [8, 0.2, 13.8]},
			"faces": {
				"north": {"uv": [13, 0.75, 13.75, 2.75], "texture": "#0"},
				"east": {"uv": [12.25, 0.75, 13, 2.75], "texture": "#0"},
				"south": {"uv": [14.5, 0.75, 15.25, 2.75], "texture": "#0"},
				"west": {"uv": [13.75, 0.75, 14.5, 2.75], "texture": "#0"},
				"up": {"uv": [13.75, 0.75, 13, 0], "texture": "#0"},
				"down": {"uv": [14.5, 0, 13.75, 0.75], "texture": "#0"}
			}
		},
		{
			"name": "back_left_foot",
			"from": [5.5, 0.2, 13.8],
			"to": [7.3, 0.8, 16.2],
			"rotation": {"angle": -45, "axis": "x", "origin": [8, 0.2, 13.8]},
			"faces": {
				"north": {"uv": [8.5, 1.5, 9.625, 1.875], "texture": "#0"},
				"east": {"uv": [7, 1.5, 8.5, 1.875], "texture": "#0"},
				"south": {"uv": [11.125, 1.5, 12.25, 1.875], "texture": "#0"},
				"west": {"uv": [9.625, 1.5, 11.125, 1.875], "texture": "#0"},
				"up": {"uv": [9.625, 1.5, 8.5, 0], "texture": "#0"},
				"down": {"uv": [10.75, 0, 9.625, 1.5], "texture": "#0"}
			}
		},
		{
			"name": "back_right_leg",
			"from": [8.8, 1.8, 8.6],
			"to": [10.4, 3.4, 11.8],
			"rotation": {"angle": 22.5, "axis": "x", "origin": [8, 0.8, 15.6]},
			"faces": {
				"north": {"uv": [2, 1, 1, 0], "rotation": 180, "texture": "#0"},
				"east": {"uv": [0, 1, 1, 3], "rotation": 90, "texture": "#0"},
				"south": {"uv": [3, 0, 2, 1], "texture": "#0"},
				"west": {"uv": [2, 1, 3, 3], "rotation": 270, "texture": "#0"},
				"up": {"uv": [3, 1, 4, 3], "texture": "#0"},
				"down": {"uv": [1, 1, 2, 3], "rotation": 180, "texture": "#0"}
			}
		},
		{
			"name": "back_right_shin",
			"from": [9, 1.4, 10.1],
			"to": [10.2, 2.6, 13.3],
			"rotation": {"angle": 45, "axis": "x", "origin": [8, 0.2, 13.9]},
			"faces": {
				"north": {"uv": [13.75, 0.75, 13, 0], "rotation": 180, "texture": "#0"},
				"east": {"uv": [12.25, 0.75, 13, 2.75], "rotation": 90, "texture": "#0"},
				"south": {"uv": [14.5, 0, 13.75, 0.75], "texture": "#0"},
				"west": {"uv": [13.75, 0.75, 14.5, 2.75], "rotation": 270, "texture": "#0"},
				"up": {"uv": [14.5, 0.75, 15.25, 2.75], "texture": "#0"},
				"down": {"uv": [13, 0.75, 13.75, 2.75], "rotation": 180, "texture": "#0"}
			}
		},
		{
			"name": "back_right_foot",
			"from": [8.7, 0.2, 13.3],
			"to": [10.5, 2.6, 13.9],
			"rotation": {"angle": 45, "axis": "x", "origin": [8, 0.2, 13.9]},
			"faces": {
				"north": {"uv": [9.625, 1.5, 8.5, 0], "rotation": 180, "texture": "#0"},
				"east": {"uv": [7, 1.5, 8.5, 1.875], "rotation": 90, "texture": "#0"},
				"south": {"uv": [10.75, 0, 9.625, 1.5], "texture": "#0"},
				"west": {"uv": [9.625, 1.5, 11.125, 1.875], "rotation": 270, "texture": "#0"},
				"up": {"uv": [11.125, 1.5, 12.25, 1.875], "texture": "#0"},
				"down": {"uv": [8.5, 1.5, 9.625, 1.875], "rotation": 180, "texture": "#0"}
			}
		},
		{
			"name": "tail1",
			"from": [7.5, 5.4, 11.7],
			"to": [8.5, 6.4, 12.7],
			"rotation": {"angle": 0, "axis": "y", "origin": [8, -1.2, 8.6]},
			"faces": {
				"north": {"uv": [12.625, 7.125, 13.25, 7.75], "texture": "#0"},
				"east": {"uv": [12, 7.125, 12.625, 7.75], "texture": "#0"},
				"south": {"uv": [13.875, 7.125, 14.5, 7.75], "texture": "#0"},
				"west": {"uv": [13.25, 7.125, 13.875, 7.75], "texture": "#0"},
				"up": {"uv": [13.25, 7.125, 12.625, 6.5], "texture": "#0"},
				"down": {"uv": [13.875, 6.5, 13.25, 7.125], "texture": "#0"}
			}
		},
		{
			"name": "tail1",
			"from": [7.9, 6.4, 11.9],
			"to": [8.1, 6.8, 12.5],
			"rotation": {"angle": 0, "axis": "y", "origin": [8, -1.2, 8.6]},
			"faces": {
				"north": {"uv": [0.375, 0.375, 0.5, 0.625], "texture": "#0"},
				"east": {"uv": [0, 0.375, 0.375, 0.625], "texture": "#0"},
				"south": {"uv": [0.875, 0.375, 1, 0.625], "texture": "#0"},
				"west": {"uv": [0.5, 0.375, 0.875, 0.625], "texture": "#0"},
				"up": {"uv": [0.5, 0.375, 0.375, 0], "texture": "#0"},
				"down": {"uv": [0.625, 0, 0.5, 0.375], "texture": "#0"}
			}
		},
		{
			"name": "tail2",
			"from": [7.5, 5.4, 12.7],
			"to": [8.5, 6.4, 13.7],
			"rotation": {"angle": 0, "axis": "y", "origin": [8, -1.2, 8.6]},
			"faces": {
				"north": {"uv": [12.625, 7.125, 13.25, 7.75], "texture": "#0"},
				"east": {"uv": [12, 7.125, 12.625, 7.75], "texture": "#0"},
				"south": {"uv": [13.875, 7.125, 14.5, 7.75], "texture": "#0"},
				"west": {"uv": [13.25, 7.125, 13.875, 7.75], "texture": "#0"},
				"up": {"uv": [13.25, 7.125, 12.625, 6.5], "texture": "#0"},
				"down": {"uv": [13.875, 6.5, 13.25, 7.125], "texture": "#0"}
			}
		},
		{
			"name": "tail2",
			"from": [7.9, 6.4, 12.9],
			"to": [8.1, 6.8, 13.5],
			"rotation": {"angle": 0, "axis": "y", "origin": [8, -1.2, 9.6]},
			"faces": {
				"north": {"uv": [0.375, 0.375, 0.5, 0.625], "texture": "#0"},
				"east": {"uv": [0, 0.375, 0.375, 0.625], "texture": "#0"},
				"south": {"uv": [0.875, 0.375, 1, 0.625], "texture": "#0"},
				"west": {"uv": [0.5, 0.375, 0.875, 0.625], "texture": "#0"},
				"up": {"uv": [0.5, 0.375, 0.375, 0], "texture": "#0"},
				"down": {"uv": [0.625, 0, 0.5, 0.375], "texture": "#0"}
			}
		},
		{
			"name": "tail3",
			"from": [7.5, 5.4, 13.7],
			"to": [8.5, 6.4, 14.7],
			"rotation": {"angle": 0, "axis": "y", "origin": [8, -1.2, 8.6]},
			"faces": {
				"north": {"uv": [12.625, 7.125, 13.25, 7.75], "texture": "#0"},
				"east": {"uv": [12, 7.125, 12.625, 7.75], "texture": "#0"},
				"south": {"uv": [13.875, 7.125, 14.5, 7.75], "texture": "#0"},
				"west": {"uv": [13.25, 7.125, 13.875, 7.75], "texture": "#0"},
				"up": {"uv": [13.25, 7.125, 12.625, 6.5], "texture": "#0"},
				"down": {"uv": [13.875, 6.5, 13.25, 7.125], "texture": "#0"}
			}
		},
		{
			"name": "tail3",
			"from": [7.9, 6.4, 13.9],
			"to": [8.1, 6.8, 14.5],
			"rotation": {"angle": 0, "axis": "y", "origin": [8, -1.2, 10.6]},
			"faces": {
				"north": {"uv": [0.375, 0.375, 0.5, 0.625], "texture": "#0"},
				"east": {"uv": [0, 0.375, 0.375, 0.625], "texture": "#0"},
				"south": {"uv": [0.875, 0.375, 1, 0.625], "texture": "#0"},
				"west": {"uv": [0.5, 0.375, 0.875, 0.625], "texture": "#0"},
				"up": {"uv": [0.5, 0.375, 0.375, 0], "texture": "#0"},
				"down": {"uv": [0.625, 0, 0.5, 0.375], "texture": "#0"}
			}
		},
		{
			"name": "tail4",
			"from": [7.5, 5.4, 14.7],
			"to": [8.5, 6.4, 15.7],
			"rotation": {"angle": 0, "axis": "y", "origin": [8, -1.2, 8.6]},
			"faces": {
				"north": {"uv": [12.625, 7.125, 13.25, 7.75], "texture": "#0"},
				"east": {"uv": [12, 7.125, 12.625, 7.75], "texture": "#0"},
				"south": {"uv": [13.875, 7.125, 14.5, 7.75], "texture": "#0"},
				"west": {"uv": [13.25, 7.125, 13.875, 7.75], "texture": "#0"},
				"up": {"uv": [13.25, 7.125, 12.625, 6.5], "texture": "#0"},
				"down": {"uv": [13.875, 6.5, 13.25, 7.125], "texture": "#0"}
			}
		},
		{
			"name": "tail4",
			"from": [7.9, 6.4, 14.9],
			"to": [8.1, 6.8, 15.5],
			"rotation": {"angle": 0, "axis": "y", "origin": [8, -1.2, 11.6]},
			"faces": {
				"north": {"uv": [0.375, 0.375, 0.5, 0.625], "texture": "#0"},
				"east": {"uv": [0, 0.375, 0.375, 0.625], "texture": "#0"},
				"south": {"uv": [0.875, 0.375, 1, 0.625], "texture": "#0"},
				"west": {"uv": [0.5, 0.375, 0.875, 0.625], "texture": "#0"},
				"up": {"uv": [0.5, 0.375, 0.375, 0], "texture": "#0"},
				"down": {"uv": [0.625, 0, 0.5, 0.375], "texture": "#0"}
			}
		},
		{
			"name": "tail5",
			"from": [7.5, 5.4, 15.7],
			"to": [8.5, 6.4, 16.7],
			"rotation": {"angle": 0, "axis": "y", "origin": [8, -1.2, 8.6]},
			"faces": {
				"north": {"uv": [12.625, 7.125, 13.25, 7.75], "texture": "#0"},
				"east": {"uv": [12, 7.125, 12.625, 7.75], "texture": "#0"},
				"south": {"uv": [13.875, 7.125, 14.5, 7.75], "texture": "#0"},
				"west": {"uv": [13.25, 7.125, 13.875, 7.75], "texture": "#0"},
				"up": {"uv": [13.25, 7.125, 12.625, 6.5], "texture": "#0"},
				"down": {"uv": [13.875, 6.5, 13.25, 7.125], "texture": "#0"}
			}
		},
		{
			"name": "tail5",
			"from": [7.9, 6.4, 15.9],
			"to": [8.1, 6.8, 16.5],
			"rotation": {"angle": 0, "axis": "y", "origin": [8, -1.2, 12.6]},
			"faces": {
				"north": {"uv": [0.375, 0.375, 0.5, 0.625], "texture": "#0"},
				"east": {"uv": [0, 0.375, 0.375, 0.625], "texture": "#0"},
				"south": {"uv": [0.875, 0.375, 1, 0.625], "texture": "#0"},
				"west": {"uv": [0.5, 0.375, 0.875, 0.625], "texture": "#0"},
				"up": {"uv": [0.5, 0.375, 0.375, 0], "texture": "#0"},
				"down": {"uv": [0.625, 0, 0.5, 0.375], "texture": "#0"}
			}
		},
		{
			"name": "tail6",
			"from": [7.5, 5.4, 16.7],
			"to": [8.5, 6.4, 17.7],
			"rotation": {"angle": 0, "axis": "y", "origin": [8, -1.2, 8.6]},
			"faces": {
				"north": {"uv": [12.625, 7.125, 13.25, 7.75], "texture": "#0"},
				"east": {"uv": [12, 7.125, 12.625, 7.75], "texture": "#0"},
				"south": {"uv": [13.875, 7.125, 14.5, 7.75], "texture": "#0"},
				"west": {"uv": [13.25, 7.125, 13.875, 7.75], "texture": "#0"},
				"up": {"uv": [13.25, 7.125, 12.625, 6.5], "texture": "#0"},
				"down": {"uv": [13.875, 6.5, 13.25, 7.125], "texture": "#0"}
			}
		},
		{
			"name": "tail6",
			"from": [7.9, 6.4, 16.9],
			"to": [8.1, 6.8, 17.5],
			"rotation": {"angle": 0, "axis": "y", "origin": [8, -1.2, 13.6]},
			"faces": {
				"north": {"uv": [0.375, 0.375, 0.5, 0.625], "texture": "#0"},
				"east": {"uv": [0, 0.375, 0.375, 0.625], "texture": "#0"},
				"south": {"uv": [0.875, 0.375, 1, 0.625], "texture": "#0"},
				"west": {"uv": [0.5, 0.375, 0.875, 0.625], "texture": "#0"},
				"up": {"uv": [0.5, 0.375, 0.375, 0], "texture": "#0"},
				"down": {"uv": [0.625, 0, 0.5, 0.375], "texture": "#0"}
			}
		},
		{
			"name": "tail7",
			"from": [7.5, 5.4, 17.7],
			"to": [8.5, 6.4, 18.7],
			"rotation": {"angle": 0, "axis": "y", "origin": [8, -1.2, 8.6]},
			"faces": {
				"north": {"uv": [12.625, 7.125, 13.25, 7.75], "texture": "#0"},
				"east": {"uv": [12, 7.125, 12.625, 7.75], "texture": "#0"},
				"south": {"uv": [13.875, 7.125, 14.5, 7.75], "texture": "#0"},
				"west": {"uv": [13.25, 7.125, 13.875, 7.75], "texture": "#0"},
				"up": {"uv": [13.25, 7.125, 12.625, 6.5], "texture": "#0"},
				"down": {"uv": [13.875, 6.5, 13.25, 7.125], "texture": "#0"}
			}
		},
		{
			"name": "tail7",
			"from": [7.9, 6.4, 17.9],
			"to": [8.1, 6.8, 18.5],
			"rotation": {"angle": 0, "axis": "y", "origin": [8, -1.2, 14.6]},
			"faces": {
				"north": {"uv": [0.375, 0.375, 0.5, 0.625], "texture": "#0"},
				"east": {"uv": [0, 0.375, 0.375, 0.625], "texture": "#0"},
				"south": {"uv": [0.875, 0.375, 1, 0.625], "texture": "#0"},
				"west": {"uv": [0.5, 0.375, 0.875, 0.625], "texture": "#0"},
				"up": {"uv": [0.5, 0.375, 0.375, 0], "texture": "#0"},
				"down": {"uv": [0.625, 0, 0.5, 0.375], "texture": "#0"}
			}
		},
		{
			"name": "tail8",
			"from": [7.5, 5.4, 18.7],
			"to": [8.5, 6.4, 19.7],
			"rotation": {"angle": 0, "axis": "y", "origin": [8, -1.2, 8.6]},
			"faces": {
				"north": {"uv": [12.625, 7.125, 13.25, 7.75], "texture": "#0"},
				"east": {"uv": [12, 7.125, 12.625, 7.75], "texture": "#0"},
				"south": {"uv": [13.875, 7.125, 14.5, 7.75], "texture": "#0"},
				"west": {"uv": [13.25, 7.125, 13.875, 7.75], "texture": "#0"},
				"up": {"uv": [13.25, 7.125, 12.625, 6.5], "texture": "#0"},
				"down": {"uv": [13.875, 6.5, 13.25, 7.125], "texture": "#0"}
			}
		},
		{
			"name": "tail8",
			"from": [7.9, 6.4, 18.9],
			"to": [8.1, 6.8, 19.5],
			"rotation": {"angle": 0, "axis": "y", "origin": [8, -1.2, 15.6]},
			"faces": {
				"north": {"uv": [0.375, 0.375, 0.5, 0.625], "texture": "#0"},
				"east": {"uv": [0, 0.375, 0.375, 0.625], "texture": "#0"},
				"south": {"uv": [0.875, 0.375, 1, 0.625], "texture": "#0"},
				"west": {"uv": [0.5, 0.375, 0.875, 0.625], "texture": "#0"},
				"up": {"uv": [0.5, 0.375, 0.375, 0], "texture": "#0"},
				"down": {"uv": [0.625, 0, 0.5, 0.375], "texture": "#0"}
			}
		},
		{
			"name": "tail9",
			"from": [7.5, 5.4, 19.7],
			"to": [8.5, 6.4, 20.7],
			"rotation": {"angle": 0, "axis": "y", "origin": [8, -1.2, 8.6]},
			"faces": {
				"north": {"uv": [12.625, 7.125, 13.25, 7.75], "texture": "#0"},
				"east": {"uv": [12, 7.125, 12.625, 7.75], "texture": "#0"},
				"south": {"uv": [13.875, 7.125, 14.5, 7.75], "texture": "#0"},
				"west": {"uv": [13.25, 7.125, 13.875, 7.75], "texture": "#0"},
				"up": {"uv": [13.25, 7.125, 12.625, 6.5], "texture": "#0"},
				"down": {"uv": [13.875, 6.5, 13.25, 7.125], "texture": "#0"}
			}
		},
		{
			"name": "tail9",
			"from": [7.9, 6.4, 19.9],
			"to": [8.1, 6.8, 20.5],
			"rotation": {"angle": 0, "axis": "y", "origin": [8, -1.2, 16.6]},
			"faces": {
				"north": {"uv": [0.375, 0.375, 0.5, 0.625], "texture": "#0"},
				"east": {"uv": [0, 0.375, 0.375, 0.625], "texture": "#0"},
				"south": {"uv": [0.875, 0.375, 1, 0.625], "texture": "#0"},
				"west": {"uv": [0.5, 0.375, 0.875, 0.625], "texture": "#0"},
				"up": {"uv": [0.5, 0.375, 0.375, 0], "texture": "#0"},
				"down": {"uv": [0.625, 0, 0.5, 0.375], "texture": "#0"}
			}
		},
		{
			"name": "tail10",
			"from": [7.5, 5.4, 20.7],
			"to": [8.5, 6.4, 21.7],
			"rotation": {"angle": 0, "axis": "y", "origin": [8, -1.2, 8.6]},
			"faces": {
				"north": {"uv": [12.625, 7.125, 13.25, 7.75], "texture": "#0"},
				"east": {"uv": [12, 7.125, 12.625, 7.75], "texture": "#0"},
				"south": {"uv": [13.875, 7.125, 14.5, 7.75], "texture": "#0"},
				"west": {"uv": [13.25, 7.125, 13.875, 7.75], "texture": "#0"},
				"up": {"uv": [13.25, 7.125, 12.625, 6.5], "texture": "#0"},
				"down": {"uv": [13.875, 6.5, 13.25, 7.125], "texture": "#0"}
			}
		},
		{
			"name": "tail10",
			"from": [7.9, 6.4, 20.9],
			"to": [8.1, 6.8, 21.5],
			"rotation": {"angle": 0, "axis": "y", "origin": [8, -1.2, 17.6]},
			"faces": {
				"north": {"uv": [0.375, 0.375, 0.5, 0.625], "texture": "#0"},
				"east": {"uv": [0, 0.375, 0.375, 0.625], "texture": "#0"},
				"south": {"uv": [0.875, 0.375, 1, 0.625], "texture": "#0"},
				"west": {"uv": [0.5, 0.375, 0.875, 0.625], "texture": "#0"},
				"up": {"uv": [0.5, 0.375, 0.375, 0], "texture": "#0"},
				"down": {"uv": [0.625, 0, 0.5, 0.375], "texture": "#0"}
			}
		},
		{
			"name": "tail11",
			"from": [7.5, 5.4, 21.7],
			"to": [8.5, 6.4, 22.7],
			"rotation": {"angle": 0, "axis": "y", "origin": [8, -1.2, 8.6]},
			"faces": {
				"north": {"uv": [12.625, 7.125, 13.25, 7.75], "texture": "#0"},
				"east": {"uv": [12, 7.125, 12.625, 7.75], "texture": "#0"},
				"south": {"uv": [13.875, 7.125, 14.5, 7.75], "texture": "#0"},
				"west": {"uv": [13.25, 7.125, 13.875, 7.75], "texture": "#0"},
				"up": {"uv": [13.25, 7.125, 12.625, 6.5], "texture": "#0"},
				"down": {"uv": [13.875, 6.5, 13.25, 7.125], "texture": "#0"}
			}
		},
		{
			"name": "tail11",
			"from": [7.9, 6.4, 21.9],
			"to": [8.1, 6.8, 22.5],
			"rotation": {"angle": 0, "axis": "y", "origin": [8, -1.2, 18.6]},
			"faces": {
				"north": {"uv": [0.375, 0.375, 0.5, 0.625], "texture": "#0"},
				"east": {"uv": [0, 0.375, 0.375, 0.625], "texture": "#0"},
				"south": {"uv": [0.875, 0.375, 1, 0.625], "texture": "#0"},
				"west": {"uv": [0.5, 0.375, 0.875, 0.625], "texture": "#0"},
				"up": {"uv": [0.5, 0.375, 0.375, 0], "texture": "#0"},
				"down": {"uv": [0.625, 0, 0.5, 0.375], "texture": "#0"}
			}
		},
		{
			"name": "tail12",
			"from": [7.5, 5.4, 22.7],
			"to": [8.5, 6.4, 23.7],
			"rotation": {"angle": 0, "axis": "y", "origin": [8, -1.2, 8.6]},
			"faces": {
				"north": {"uv": [12.625, 7.125, 13.25, 7.75], "texture": "#0"},
				"east": {"uv": [12, 7.125, 12.625, 7.75], "texture": "#0"},
				"south": {"uv": [13.875, 7.125, 14.5, 7.75], "texture": "#0"},
				"west": {"uv": [13.25, 7.125, 13.875, 7.75], "texture": "#0"},
				"up": {"uv": [13.25, 7.125, 12.625, 6.5], "texture": "#0"},
				"down": {"uv": [13.875, 6.5, 13.25, 7.125], "texture": "#0"}
			}
		},
		{
			"name": "tail12",
			"from": [7.9, 6.4, 22.9],
			"to": [8.1, 6.8, 23.5],
			"rotation": {"angle": 0, "axis": "y", "origin": [8, -1.2, 19.6]},
			"faces": {
				"north": {"uv": [0.375, 0.375, 0.5, 0.625], "texture": "#0"},
				"east": {"uv": [0, 0.375, 0.375, 0.625], "texture": "#0"},
				"south": {"uv": [0.875, 0.375, 1, 0.625], "texture": "#0"},
				"west": {"uv": [0.5, 0.375, 0.875, 0.625], "texture": "#0"},
				"up": {"uv": [0.5, 0.375, 0.375, 0], "texture": "#0"},
				"down": {"uv": [0.625, 0, 0.5, 0.375], "texture": "#0"}
			}
		}
	],
	"gui_light": "front",
	"display": {
		"gui": {
			"rotation": [20, -140, 0],
			"translation": [0.25, 1.25, 0],
			"scale": [1.05, 1.05, 1.05]
		}
	},
	"groups": [
		{
			"name": "head",
			"origin": [8, 7, 0],
			"color": 0,
			"children": [
				0,
				1,
				2,
				3,
				{
					"name": "mirrored",
					"origin": [8, 6.4, 2.4],
					"color": 0,
					"children": [4, 5]
				}
			]
		},
		{
			"name": "jaw",
			"origin": [8, 6.6, -0.8],
			"color": 0,
			"children": [6]
		},
		{
			"name": "neck1",
			"origin": [8, 6.9, 5],
			"color": 0,
			"children": [7, 8]
		},
		{
			"name": "neck2",
			"origin": [8, 6.9, 4],
			"color": 0,
			"children": [9, 10]
		},
		{
			"name": "neck3",
			"origin": [8, 6.9, 3],
			"color": 0,
			"children": [11, 12]
		},
		{
			"name": "neck4",
			"origin": [8, 6.9, 2],
			"color": 0,
			"children": [13, 14]
		},
		{
			"name": "neck5",
			"origin": [8, 6.9, 1],
			"color": 0,
			"children": [15, 16]
		},
		{
			"name": "body",
			"origin": [8, 8.6, 7],
			"color": 0,
			"children": [17, 18, 19, 20]
		},
		{
			"name": "left_wing",
			"origin": [6.8, 8.5, 6.4],
			"color": 0,
			"children": [21, 22]
		},
		{
			"name": "left_wing_tip",
			"origin": [1.2, 8.5, 6.4],
			"color": 0,
			"children": [23, 24]
		},
		{
			"name": "right_wing",
			"origin": [9.2, 8.5, 6.4],
			"color": 0,
			"children": [25, 26]
		},
		{
			"name": "right_wing_tip",
			"origin": [14.8, 8.5, 6.4],
			"color": 0,
			"children": [27, 28]
		},
		{
			"name": "front_left_leg",
			"origin": [6.8, 7, 6.4],
			"color": 0,
			"children": [29]
		},
		{
			"name": "front_left_shin",
			"origin": [6.8, 4.9, 6.4],
			"color": 0,
			"children": [30]
		},
		{
			"name": "front_left_foot",
			"origin": [6.9, 2.6, 6.4],
			"color": 0,
			"children": [31]
		},
		{
			"name": "front_right_leg",
			"origin": [9.2, 7, 6.4],
			"color": 0,
			"children": [32]
		},
		{
			"name": "front_right_shin",
			"origin": [9.2, 4.9, 6.4],
			"color": 0,
			"children": [33]
		},
		{
			"name": "front_right_foot",
			"origin": [9.2, 2.6, 6.4],
			"color": 0,
			"children": [34]
		},
		{
			"name": "back_left_leg",
			"origin": [6.4, 7.4, 10.4],
			"color": 0,
			"children": [35]
		},
		{
			"name": "back_left_shin",
			"origin": [6.4, 4.4, 9.8],
			"color": 0,
			"children": [36]
		},
		{
			"name": "back_left_foot",
			"origin": [6.4, 1.4, 10.6],
			"color": 0,
			"children": [37]
		},
		{
			"name": "back_right_leg",
			"origin": [9.6, 7.4, 10.4],
			"color": 0,
			"children": [38]
		},
		{
			"name": "back_right_shin",
			"origin": [9.6, 4.4, 9.8],
			"color": 0,
			"children": [39]
		},
		{
			"name": "back_right_foot",
			"origin": [9.6, 1.4, 10.6],
			"color": 0,
			"children": [40]
		},
		{
			"name": "tail1",
			"origin": [8, 7.9, 12.2],
			"color": 0,
			"children": [41, 42]
		},
		{
			"name": "tail2",
			"origin": [8, 7.9, 13.2],
			"color": 0,
			"children": [43, 44]
		},
		{
			"name": "tail3",
			"origin": [8, 7.9, 14.2],
			"color": 0,
			"children": [45, 46]
		},
		{
			"name": "tail4",
			"origin": [8, 7.9, 15.2],
			"color": 0,
			"children": [47, 48]
		},
		{
			"name": "tail5",
			"origin": [8, 7.9, 16.2],
			"color": 0,
			"children": [49, 50]
		},
		{
			"name": "tail6",
			"origin": [8, 7.9, 17.2],
			"color": 0,
			"children": [51, 52]
		},
		{
			"name": "tail7",
			"origin": [8, 7.9, 18.2],
			"color": 0,
			"children": [53, 54]
		},
		{
			"name": "tail8",
			"origin": [8, 7.9, 19.2],
			"color": 0,
			"children": [55, 56]
		},
		{
			"name": "tail9",
			"origin": [8, 7.9, 20.2],
			"color": 0,
			"children": [57, 58]
		},
		{
			"name": "tail10",
			"origin": [8, 7.9, 21.2],
			"color": 0,
			"children": [59, 60]
		},
		{
			"name": "tail11",
			"origin": [8, 7.9, 22.2],
			"color": 0,
			"children": [61, 62]
		},
		{
			"name": "tail12",
			"origin": [8, 7.9, 23.2],
			"color": 0,
			"children": [63, 64]
		}
	]
}