{
	"credit": "Made with Blockbench",
	"texture_size": [64, 32],
	"textures": {
		"0": "mc_overhaul:item/compendium_icons/bestiary/evoker",
		"particle": "minecraft:item/emerald"
	},
	"elements": [
		{
			"name": "head",
			"from": [5.2, 18, 5.2],
			"to": [10.8, 25, 10.8],
			"rotation": {"angle": 0, "axis": "y", "origin": [8, 1.2, 8]},
			"faces": {
				"north": {"uv": [0, 4, 2, 9], "texture": "#0"},
				"east": {"uv": [2, 4, 4, 9], "texture": "#0"},
				"south": {"uv": [2, 0.5, 3.75, 4], "texture": "#0"},
				"west": {"uv": [2, 0.5, 3.75, 4], "texture": "#0"},
				"up": {"uv": [0, 0, 2, 4], "texture": "#0"},
				"down": {"uv": [2, 0.5, 3.75, 4], "texture": "#0"}
			}
		},
		{
			"name": "nose",
			"from": [7.3, 17.3, 3.8],
			"to": [8.7, 20.1, 5.2],
			"rotation": {"angle": 0, "axis": "y", "origin": [8, 1.2, 8]},
			"faces": {
				"north": {"uv": [3.75, 0, 4, 0.5], "texture": "#0"},
				"east": {"uv": [3.5, 0, 3.75, 0.5], "texture": "#0"},
				"south": {"uv": [3.25, 0, 3.5, 0.5], "texture": "#0"},
				"west": {"uv": [3.25, 0, 3.5, 0.5], "texture": "#0"},
				"up": {"uv": [3.5, 0, 3.75, 0.5], "texture": "#0"},
				"down": {"uv": [3.25, 0, 3.5, 0.5], "texture": "#0"}
			}
		},
		{
			"name": "body",
			"from": [5.2, 9.6, 5.9],
			"to": [10.8, 18, 10.1],
			"rotation": {"angle": 0, "axis": "y", "origin": [8, 1.2, 8]},
			"faces": {
				"north": {"uv": [4.25, 3, 6.25, 9], "texture": "#0"},
				"east": {"uv": [6.25, 3, 7.75, 9], "texture": "#0"},
				"south": {"uv": [4.25, 9, 7.75, 11], "texture": "#0"},
				"west": {"uv": [4.25, 9, 7.75, 11], "texture": "#0"},
				"up": {"uv": [4.25, 9, 7.75, 11], "texture": "#0"},
				"down": {"uv": [4.25, 9, 7.75, 11], "texture": "#0"}
			}
		},
		{
			"name": "body",
			"from": [5.025, 5.225, 5.725],
			"to": [10.975, 18.175, 10.275],
			"rotation": {"angle": 0, "axis": "y", "origin": [8, 1.2, 8]},
			"faces": {
				"north": {"uv": [11.75, 3, 13.75, 12], "texture": "#0"},
				"east": {"uv": [10.25, 3, 11.75, 12], "texture": "#0"},
				"south": {"uv": [10.25, 0, 11.75, 3], "texture": "#0"},
				"west": {"uv": [10.25, 0, 11.75, 3], "texture": "#0"},
				"up": {"uv": [11.75, 0, 13.75, 3], "texture": "#0"},
				"down": {"uv": [10.25, 0, 11.75, 3], "texture": "#0"}
			}
		},
		{
			"name": "arms_rotation",
			"from": [10.8, 15.35, -4.19],
			"to": [13.6, 20.95, -1.39],
			"rotation": {"angle": 45, "axis": "x", "origin": [8, 5.2, -3]},
			"faces": {
				"north": {"uv": [4.25, 0, 4.5, 0.5], "texture": "#0"},
				"east": {"uv": [4.25, 0, 4.5, 0.5], "texture": "#0"},
				"south": {"uv": [4, 0, 4.25, 0.5], "texture": "#0"},
				"west": {"uv": [4, 0, 4.25, 0.5], "texture": "#0"},
				"up": {"uv": [4, 0, 4.25, 0.5], "texture": "#0"},
				"down": {"uv": [4.25, 0, 4.5, 0.5], "texture": "#0"}
			}
		},
		{
			"name": "arms_rotation",
			"from": [5.2, 15.35, -4.19],
			"to": [10.8, 18.15, -1.39],
			"rotation": {"angle": 45, "axis": "x", "origin": [8, 5.2, -3]},
			"faces": {
				"north": {"uv": [5.25, 0, 7.25, 2], "texture": "#0"},
				"east": {"uv": [4.25, 0, 5.25, 2], "texture": "#0"},
				"south": {"uv": [9.25, 0, 10.25, 2], "texture": "#0"},
				"west": {"uv": [9.25, 0, 10.25, 2], "texture": "#0"},
				"up": {"uv": [9.25, 0, 10.25, 2], "texture": "#0"},
				"down": {"uv": [7.25, 0, 9.25, 2], "texture": "#0"}
			}
		},
		{
			"name": "arms_flipped",
			"from": [2.4, 15.35, -4.19],
			"to": [5.2, 20.95, -1.39],
			"rotation": {"angle": 45, "axis": "x", "origin": [8, 5.2, -3]},
			"faces": {
				"north": {"uv": [4.25, 0, 4.5, 0.5], "texture": "#0"},
				"east": {"uv": [4.25, 0, 4.5, 0.5], "texture": "#0"},
				"south": {"uv": [4, 0, 4.25, 0.5], "texture": "#0"},
				"west": {"uv": [4, 0, 4.25, 0.5], "texture": "#0"},
				"up": {"uv": [4, 0, 4.25, 0.5], "texture": "#0"},
				"down": {"uv": [4.25, 0, 4.5, 0.5], "texture": "#0"}
			}
		},
		{
			"name": "left_leg",
			"from": [5.2, 1.2, 6.6],
			"to": [8, 9.6, 9.4],
			"rotation": {"angle": 0, "axis": "y", "origin": [8, 1.2, 8]},
			"faces": {
				"north": {"uv": [8, 3, 9, 9], "texture": "#0"},
				"east": {"uv": [10, 3, 9, 9], "texture": "#0"},
				"south": {"uv": [10, 3, 10.25, 9], "texture": "#0"},
				"west": {"uv": [10, 3, 10.25, 9], "texture": "#0"},
				"up": {"uv": [10, 3, 10.25, 9], "texture": "#0"},
				"down": {"uv": [10, 3, 10.25, 9], "texture": "#0"}
			}
		},
		{
			"name": "right_leg",
			"from": [8, 1.2, 6.6],
			"to": [10.8, 9.6, 9.4],
			"rotation": {"angle": 0, "axis": "y", "origin": [10.8, 1.2, 8]},
			"faces": {
				"north": {"uv": [8, 3, 9, 9], "texture": "#0"},
				"east": {"uv": [10, 3, 9, 9], "texture": "#0"},
				"south": {"uv": [10, 3, 10.25, 9], "texture": "#0"},
				"west": {"uv": [10, 3, 10.25, 9], "texture": "#0"},
				"up": {"uv": [10, 3, 10.25, 9], "texture": "#0"},
				"down": {"uv": [10, 3, 10.25, 9], "texture": "#0"}
			}
		}
	],
	"gui_light": "front",
	"display": {
		"gui": {
			"rotation": [20, -140, 0],
			"translation": [-0.25, -4, 0],
			"scale": [0.85, 0.85, 0.85]
		}
	},
	"groups": [
		{
			"name": "head",
			"origin": [8, 18, 8],
			"color": 0,
			"children": [0]
		},
		{
			"name": "nose",
			"origin": [8, 19.4, 8],
			"color": 0,
			"children": [1]
		},
		{
			"name": "body",
			"origin": [8, 18, 8],
			"color": 0,
			"children": [2, 3]
		},
		{
			"name": "arms",
			"origin": [8, 15.55, 8.21],
			"color": 0,
			"children": [
				{
					"name": "arms_rotation",
					"origin": [8, 16.95, 8.245],
					"color": 0,
					"children": [
						4,
						5,
						{
							"name": "arms_flipped",
							"origin": [8, 0.15, 8.245],
							"color": 0,
							"children": [6]
						}
					]
				}
			]
		},
		{
			"name": "left_leg",
			"origin": [6.6, 9.6, 8],
			"color": 0,
			"children": [7]
		},
		{
			"name": "right_leg",
			"origin": [9.4, 9.6, 8],
			"color": 0,
			"children": [8]
		}
	]
}