{
	"credit": "Made with Blockbench",
	"texture_size": [64, 16],
	"textures": {
		"0": "mc_overhaul:item/compendium_icons/bestiary/fox",
		"particle": "minecraft:item/emerald"
	},
	"elements": [
		{
			"name": "head",
			"from": [4, 3.5, -2],
			"to": [12, 9.5, 4],
			"rotation": {"angle": 0, "axis": "y", "origin": [8, 0, 6]},
			"faces": {
				"north": {"uv": [1.5, 6, 3.5, 12], "texture": "#0"},
				"east": {"uv": [0, 6, 1.5, 12], "texture": "#0"},
				"south": {"uv": [1, 4, 1.5, 6], "texture": "#0"},
				"west": {"uv": [1, 4, 1.5, 6], "texture": "#0"},
				"up": {"uv": [1.5, 0, 3.5, 6], "texture": "#0"},
				"down": {"uv": [1, 4, 1.5, 6], "texture": "#0"}
			}
		},
		{
			"name": "head",
			"from": [4, 9.5, -1],
			"to": [6, 11.5, 0],
			"rotation": {"angle": 0, "axis": "y", "origin": [8, 0, 6]},
			"faces": {
				"north": {"uv": [1, 2, 0.5, 4], "texture": "#0"},
				"east": {"uv": [0.25, 2, 0.5, 4], "texture": "#0"},
				"south": {"uv": [0.25, 1, 0.5, 2], "texture": "#0"},
				"west": {"uv": [0.25, 1, 0.5, 2], "texture": "#0"},
				"up": {"uv": [0.5, 1, 1, 2], "texture": "#0"},
				"down": {"uv": [0.25, 1, 0.5, 2], "texture": "#0"}
			}
		},
		{
			"name": "head",
			"from": [6, 3.5, -5],
			"to": [10, 5.5, -2],
			"rotation": {"angle": 0, "axis": "y", "origin": [8, 0, 6]},
			"faces": {
				"north": {"uv": [10.25, 4, 11.25, 6], "texture": "#0"},
				"east": {"uv": [9.5, 4, 10.25, 6], "texture": "#0"},
				"south": {"uv": [9.5, 1, 10.25, 4], "texture": "#0"},
				"west": {"uv": [9.5, 1, 10.25, 4], "texture": "#0"},
				"up": {"uv": [10.25, 1, 11.25, 4], "texture": "#0"},
				"down": {"uv": [9.5, 1, 10.25, 4], "texture": "#0"}
			}
		},
		{
			"name": "head",
			"from": [10, 9.5, -1],
			"to": [12, 11.5, 0],
			"rotation": {"angle": 0, "axis": "y", "origin": [14, 0, 6]},
			"faces": {
				"north": {"uv": [0.5, 2, 1, 4], "texture": "#0"},
				"east": {"uv": [0.25, 2, 0.5, 4], "texture": "#0"},
				"south": {"uv": [0.25, 1, 0.5, 2], "texture": "#0"},
				"west": {"uv": [0.25, 1, 0.5, 2], "texture": "#0"},
				"up": {"uv": [0.5, 1, 1, 2], "texture": "#0"},
				"down": {"uv": [0.25, 1, 0.5, 2], "texture": "#0"}
			}
		},
		{
			"name": "body",
			"from": [5, 4.5, 4],
			"to": [11, 10.5, 15],
			"rotation": {"angle": 0, "axis": "x", "origin": [8, 14, 8]},
			"faces": {
				"north": {"uv": [7.75, 0, 9.25, 6], "rotation": 180, "texture": "#0"},
				"east": {"uv": [6.25, 6, 7.75, 16], "rotation": 90, "texture": "#0"},
				"south": {"uv": [6.25, 0, 7.75, 6], "texture": "#0"},
				"west": {"uv": [6.25, 0, 7.75, 6], "rotation": 270, "texture": "#0"},
				"up": {"uv": [7.75, 6, 9.25, 16], "texture": "#0"},
				"down": {"uv": [6.25, 0, 7.75, 6], "rotation": 180, "texture": "#0"}
			}
		},
		{
			"name": "leg1",
			"from": [9.001, 0, 12],
			"to": [11.001, 6, 14],
			"rotation": {"angle": 0, "axis": "y", "origin": [8, 0, 6]},
			"faces": {
				"north": {"uv": [12.5, 1, 12, 7], "texture": "#0"},
				"east": {"uv": [13, 1, 12.5, 7], "texture": "#0"},
				"south": {"uv": [13, 1, 13.5, 7], "texture": "#0"},
				"west": {"uv": [13, 1, 13.5, 7], "texture": "#0"},
				"up": {"uv": [13, 1, 13.5, 7], "texture": "#0"},
				"down": {"uv": [13, 1, 13.5, 7], "texture": "#0"}
			}
		},
		{
			"name": "leg2",
			"from": [5.001, 0, 12],
			"to": [7.001, 6, 14],
			"rotation": {"angle": 0, "axis": "y", "origin": [4, 0, 6]},
			"faces": {
				"north": {"uv": [12.5, 1, 12, 7], "texture": "#0"},
				"east": {"uv": [12, 1, 11.5, 7], "texture": "#0"},
				"south": {"uv": [13, 1, 13.5, 7], "texture": "#0"},
				"west": {"uv": [13, 1, 13.5, 7], "texture": "#0"},
				"up": {"uv": [13, 1, 13.5, 7], "texture": "#0"},
				"down": {"uv": [13, 1, 13.5, 7], "texture": "#0"}
			}
		},
		{
			"name": "leg3",
			"from": [9.001, 0, 5],
			"to": [11.001, 6, 7],
			"rotation": {"angle": 0, "axis": "y", "origin": [8, 0, -1]},
			"faces": {
				"north": {"uv": [12.5, 1, 12, 7], "texture": "#0"},
				"east": {"uv": [13, 1, 12.5, 7], "texture": "#0"},
				"south": {"uv": [13, 1, 13.5, 7], "texture": "#0"},
				"west": {"uv": [13, 1, 13.5, 7], "texture": "#0"},
				"up": {"uv": [13, 1, 13.5, 7], "texture": "#0"},
				"down": {"uv": [13, 1, 13.5, 7], "texture": "#0"}
			}
		},
		{
			"name": "leg4",
			"from": [5.001, 0, 5],
			"to": [7.001, 6, 7],
			"rotation": {"angle": 0, "axis": "y", "origin": [4, 0, -1]},
			"faces": {
				"north": {"uv": [12.5, 1, 12, 7], "texture": "#0"},
				"east": {"uv": [12, 1, 11.5, 7], "texture": "#0"},
				"south": {"uv": [13, 1, 13.5, 7], "texture": "#0"},
				"west": {"uv": [13, 1, 13.5, 7], "texture": "#0"},
				"up": {"uv": [13, 1, 13.5, 7], "texture": "#0"},
				"down": {"uv": [13, 1, 13.5, 7], "texture": "#0"}
			}
		},
		{
			"name": "tail",
			"from": [6, 5.9, 15],
			"to": [10, 10.9, 24],
			"rotation": {"angle": 0, "axis": "x", "origin": [8, -2.1, 22]},
			"faces": {
				"north": {"uv": [5, 0, 6, 5], "rotation": 180, "texture": "#0"},
				"east": {"uv": [3.75, 5, 5, 14], "rotation": 90, "texture": "#0"},
				"south": {"uv": [3.75, 0, 5, 5], "texture": "#0"},
				"west": {"uv": [3.75, 0, 5, 5], "rotation": 270, "texture": "#0"},
				"up": {"uv": [5, 5, 6, 14], "texture": "#0"},
				"down": {"uv": [3.75, 0, 5, 5], "rotation": 180, "texture": "#0"}
			}
		}
	],
	"display": {
		"gui": {
			"rotation": [20, -140, 0],
			"translation": [1, 0.25, 0],
			"scale": [0.8, 0.8, 0.8]
		}
	},
	"groups": [
		{
			"name": "head",
			"origin": [9, 7.5, 5],
			"color": 0,
			"children": [0, 1, 2, 3]
		},
		{
			"name": "body",
			"origin": [8, 8, 2],
			"color": 0,
			"children": [4]
		},
		{
			"name": "leg1",
			"origin": [13, 6.5, 15],
			"color": 0,
			"children": [5]
		},
		{
			"name": "leg2",
			"origin": [9, 6.5, 15],
			"color": 0,
			"children": [6]
		},
		{
			"name": "leg3",
			"origin": [13, 6.5, 8],
			"color": 0,
			"children": [7]
		},
		{
			"name": "leg4",
			"origin": [9, 6.5, 8],
			"color": 0,
			"children": [8]
		},
		{
			"name": "tail",
			"origin": [12, 7, 17],
			"color": 0,
			"children": [9]
		}
	]
}