{
	"credit": "Made with Blockbench",
	"texture_size": [16, 32],
	"textures": {
		"0": "mc_overhaul:item/compendium_icons/bestiary/frog",
		"particle": "minecraft:item/emerald"
	},
	"elements": [
		{
			"name": "head",
			"from": [4.5, 3, 4],
			"to": [11.5, 6, 13],
			"rotation": {"angle": 0, "axis": "y", "origin": [8, 0, 8]},
			"faces": {
				"north": {"uv": [9, 11, 16, 12.5], "texture": "#0"},
				"east": {"uv": [0, 11, 9, 12.5], "texture": "#0"},
				"south": {"uv": [6, 9.5, 9, 11], "texture": "#0"},
				"west": {"uv": [6, 9.5, 9, 11], "texture": "#0"},
				"up": {"uv": [9, 6.5, 16, 11], "texture": "#0"},
				"down": {"uv": [6, 9.5, 9, 11], "texture": "#0"}
			}
		},
		{
			"name": "eyes",
			"from": [8.5, 6, 5],
			"to": [11.5, 8, 8],
			"rotation": {"angle": 0, "axis": "y", "origin": [8, 0, 8]},
			"faces": {
				"north": {"uv": [3, 14.5, 6, 15.5], "texture": "#0"},
				"east": {"uv": [0, 14.5, 3, 15.5], "texture": "#0"},
				"south": {"uv": [0, 13, 3, 14.5], "texture": "#0"},
				"west": {"uv": [0, 13, 3, 14.5], "texture": "#0"},
				"up": {"uv": [3, 13, 6, 14.5], "texture": "#0"},
				"down": {"uv": [0, 13, 3, 14.5], "texture": "#0"}
			}
		},
		{
			"name": "eyes",
			"from": [4.5, 6, 5],
			"to": [7.5, 8, 8],
			"rotation": {"angle": 0, "axis": "y", "origin": [4, 0, 8]},
			"faces": {
				"north": {"uv": [6, 14.5, 3, 15.5], "texture": "#0"},
				"east": {"uv": [9, 14.5, 6, 15.5], "texture": "#0"},
				"south": {"uv": [0, 13, 3, 14.5], "texture": "#0"},
				"west": {"uv": [0, 13, 3, 14.5], "texture": "#0"},
				"up": {"uv": [3, 13, 6, 14.5], "texture": "#0"},
				"down": {"uv": [0, 13, 3, 14.5], "texture": "#0"}
			}
		},
		{
			"name": "body",
			"from": [4.5, 1, 4],
			"to": [11.5, 4, 13],
			"rotation": {"angle": 0, "axis": "y", "origin": [8, 0, 8]},
			"faces": {
				"north": {"uv": [9, 4.5, 16, 6], "texture": "#0"},
				"east": {"uv": [0, 4.5, 9, 6], "texture": "#0"},
				"south": {"uv": [9, 4, 16, 4.5], "texture": "#0"},
				"west": {"uv": [9, 4, 16, 4.5], "texture": "#0"},
				"up": {"uv": [9, 4, 16, 4.5], "texture": "#0"},
				"down": {"uv": [9, 4, 16, 4.5], "texture": "#0"}
			}
		},
		{
			"name": "left_arm",
			"from": [3, 0, 4.5],
			"to": [5, 3, 7.5],
			"rotation": {"angle": 0, "axis": "y", "origin": [8, 0, 8]},
			"faces": {
				"north": {"uv": [12, 2.5, 14, 4], "texture": "#0"},
				"east": {"uv": [9, 2.5, 12, 4], "texture": "#0"},
				"south": {"uv": [5, 5, 9, 7], "texture": "#0"},
				"west": {"uv": [5, 5, 9, 7], "texture": "#0"},
				"up": {"uv": [12, 1, 14, 2.5], "texture": "#0"},
				"down": {"uv": [5, 5, 9, 7], "texture": "#0"}
			}
		},
		{
			"name": "left_arm",
			"from": [3, -0.01, 2.5],
			"to": [7, -0.01, 6.5],
			"rotation": {"angle": 0, "axis": "y", "origin": [8, 0, 6]},
			"faces": {
				"north": {"uv": [2, 8.5, 6, 9], "texture": "#0"},
				"east": {"uv": [2, 8.5, 6, 9], "texture": "#0"},
				"south": {"uv": [2, 8.5, 6, 9], "texture": "#0"},
				"west": {"uv": [2, 8.5, 6, 9], "texture": "#0"},
				"up": {"uv": [2, 11, 6, 9], "texture": "#0"},
				"down": {"uv": [2, 8.5, 6, 9], "texture": "#0"}
			}
		},
		{
			"name": "right_arm",
			"from": [11, 0, 4.5],
			"to": [13, 3, 7.5],
			"rotation": {"angle": 0, "axis": "y", "origin": [8, 0, 8]},
			"faces": {
				"north": {"uv": [12, 2.5, 14, 4], "texture": "#0"},
				"east": {"uv": [9, 2.5, 12, 4], "texture": "#0"},
				"south": {"uv": [9, 1, 12, 2.5], "texture": "#0"},
				"west": {"uv": [9, 1, 12, 2.5], "texture": "#0"},
				"up": {"uv": [12, 1, 14, 2.5], "texture": "#0"},
				"down": {"uv": [9, 1, 12, 2.5], "texture": "#0"}
			}
		},
		{
			"name": "right_arm",
			"from": [9, -0.01, 2.5],
			"to": [13, -0.01, 6.5],
			"rotation": {"angle": 0, "axis": "y", "origin": [5, 0, 6]},
			"faces": {
				"north": {"uv": [2, 8.5, 6, 9], "texture": "#0"},
				"east": {"uv": [2, 8.5, 6, 9], "texture": "#0"},
				"south": {"uv": [2, 8.5, 6, 9], "texture": "#0"},
				"west": {"uv": [2, 8.5, 6, 9], "texture": "#0"},
				"up": {"uv": [6, 11, 2, 9], "texture": "#0"},
				"down": {"uv": [2, 8.5, 6, 9], "texture": "#0"}
			}
		},
		{
			"name": "right_leg",
			"from": [10.5, 0, 10],
			"to": [13.5, 3, 14],
			"rotation": {"angle": 0, "axis": "y", "origin": [8, 0, 8]},
			"faces": {
				"north": {"uv": [5, 2.5, 8, 4], "texture": "#0"},
				"east": {"uv": [1, 2.5, 5, 4], "texture": "#0"},
				"south": {"uv": [1, 0.5, 5, 2.5], "texture": "#0"},
				"west": {"uv": [1, 0.5, 5, 2.5], "texture": "#0"},
				"up": {"uv": [5, 0.5, 8, 2.5], "texture": "#0"},
				"down": {"uv": [1, 0.5, 5, 2.5], "texture": "#0"}
			}
		},
		{
			"name": "right_leg",
			"from": [11.5, -0.01, 10],
			"to": [15.5, -0.01, 14],
			"rotation": {"angle": 0, "axis": "y", "origin": [6, 0, 6]},
			"faces": {
				"north": {"uv": [2, 8.5, 6, 9], "texture": "#0"},
				"east": {"uv": [2, 8.5, 6, 9], "texture": "#0"},
				"south": {"uv": [2, 8.5, 6, 9], "texture": "#0"},
				"west": {"uv": [2, 8.5, 6, 9], "texture": "#0"},
				"up": {"uv": [2, 8.5, 6, 6], "texture": "#0"},
				"down": {"uv": [2, 8.5, 6, 9], "texture": "#0"}
			}
		}
	],
	"display": {
		"gui": {
			"rotation": [20, -140, 0],
			"translation": [1, 4, 0]
		}
	},
	"groups": [
		{
			"name": "head",
			"origin": [8, 4, 11],
			"color": 0,
			"children": [0]
		},
		{
			"name": "eyes",
			"origin": [8.5, 4, 13],
			"color": 0,
			"children": [1, 2]
		},
		{
			"name": "body",
			"origin": [8, 2, 12],
			"color": 0,
			"children": [3]
		},
		{
			"name": "left_arm",
			"origin": [4, 3, 5.5],
			"color": 0,
			"children": [4, 5]
		},
		{
			"name": "right_arm",
			"origin": [12, 3, 5.5],
			"color": 0,
			"children": [6, 7]
		},
		{
			"name": "right_leg",
			"origin": [11.5, 3, 12],
			"color": 0,
			"children": [8, 9]
		}
	]
}