{
	"credit": "Made with Blockbench",
	"texture_size": [32, 32],
	"textures": {
		"0": "mc_overhaul:item/compendium_icons/bestiary/ghast",
		"particle": "minecraft:item/emerald"
	},
	"elements": [
		{
			"name": "body",
			"from": [0, 12, 0],
			"to": [16, 28, 16],
			"rotation": {"angle": 0, "axis": "y", "origin": [8, 0, 8]},
			"faces": {
				"north": {"uv": [8, 8, 16, 16], "texture": "#0"},
				"east": {"uv": [0, 8, 8, 16], "texture": "#0"},
				"south": {"uv": [2, 2.5, 8, 8], "texture": "#0"},
				"west": {"uv": [2, 2.5, 8, 8], "texture": "#0"},
				"up": {"uv": [8, 0, 16, 8], "texture": "#0"},
				"down": {"uv": [2, 2.5, 8, 8], "texture": "#0"}
			}
		},
		{
			"name": "tentacle1",
			"from": [10.7, 7.3, 5],
			"to": [12.7, 15.3, 7],
			"rotation": {"angle": -22.5, "axis": "x", "origin": [8, 2.3, 11]},
			"faces": {
				"north": {"uv": [1, 1, 2, 8], "texture": "#0"},
				"east": {"uv": [0, 1, 1, 8], "texture": "#0"},
				"south": {"uv": [0, 0, 2, 1], "texture": "#0"},
				"west": {"uv": [0, 0, 2, 1], "texture": "#0"},
				"up": {"uv": [0, 0, 2, 1], "texture": "#0"},
				"down": {"uv": [0, 0, 2, 1], "texture": "#0"}
			}
		},
		{
			"name": "tentacle2",
			"from": [0.7, 6.2, 6],
			"to": [2.7, 15.2, 8],
			"rotation": {"angle": -22.5, "axis": "x", "origin": [8, 2.2, 12]},
			"faces": {
				"north": {"uv": [1, 1, 2, 8], "texture": "#0"},
				"east": {"uv": [0, 1, 1, 8], "texture": "#0"},
				"south": {"uv": [0, 0, 2, 1], "texture": "#0"},
				"west": {"uv": [0, 0, 2, 1], "texture": "#0"},
				"up": {"uv": [0, 0, 2, 1], "texture": "#0"},
				"down": {"uv": [0, 0, 2, 1], "texture": "#0"}
			}
		},
		{
			"name": "tentacle3",
			"from": [5.7, 2.4, 6],
			"to": [7.7, 15.4, 8],
			"rotation": {"angle": -22.5, "axis": "x", "origin": [8, 2.4, 12]},
			"faces": {
				"north": {"uv": [1, 1, 2, 8], "texture": "#0"},
				"east": {"uv": [0, 1, 1, 8], "texture": "#0"},
				"south": {"uv": [0, 0, 2, 1], "texture": "#0"},
				"west": {"uv": [0, 0, 2, 1], "texture": "#0"},
				"up": {"uv": [0, 0, 2, 1], "texture": "#0"},
				"down": {"uv": [0, 0, 2, 1], "texture": "#0"}
			}
		},
		{
			"name": "tentacle4",
			"from": [13.3, 2.7, 12],
			"to": [15.3, 13.7, 14],
			"rotation": {"angle": -22.5, "axis": "x", "origin": [8, 0.7, 13]},
			"faces": {
				"north": {"uv": [1, 1, 2, 8], "texture": "#0"},
				"east": {"uv": [0, 1, 1, 8], "texture": "#0"},
				"south": {"uv": [0, 0, 2, 1], "texture": "#0"},
				"west": {"uv": [0, 0, 2, 1], "texture": "#0"},
				"up": {"uv": [0, 0, 2, 1], "texture": "#0"},
				"down": {"uv": [0, 0, 2, 1], "texture": "#0"}
			}
		},
		{
			"name": "tentacle5",
			"from": [8.3, 2.6, 11],
			"to": [10.3, 13.6, 13],
			"rotation": {"angle": -22.5, "axis": "x", "origin": [8, 0.6, 12]},
			"faces": {
				"north": {"uv": [1, 1, 2, 8], "texture": "#0"},
				"east": {"uv": [0, 1, 1, 8], "texture": "#0"},
				"south": {"uv": [0, 0, 2, 1], "texture": "#0"},
				"west": {"uv": [0, 0, 2, 1], "texture": "#0"},
				"up": {"uv": [0, 0, 2, 1], "texture": "#0"},
				"down": {"uv": [0, 0, 2, 1], "texture": "#0"}
			}
		},
		{
			"name": "tentacle6",
			"from": [3.3, 3.5, 12],
			"to": [5.3, 13.5, 14],
			"rotation": {"angle": -22.5, "axis": "x", "origin": [8, 0.5, 13]},
			"faces": {
				"north": {"uv": [1, 1, 2, 8], "texture": "#0"},
				"east": {"uv": [0, 1, 1, 8], "texture": "#0"},
				"south": {"uv": [0, 0, 2, 1], "texture": "#0"},
				"west": {"uv": [0, 0, 2, 1], "texture": "#0"},
				"up": {"uv": [0, 0, 2, 1], "texture": "#0"},
				"down": {"uv": [0, 0, 2, 1], "texture": "#0"}
			}
		},
		{
			"name": "tentacle7",
			"from": [10.7, 1, 15],
			"to": [12.7, 13, 17],
			"rotation": {"angle": -22.5, "axis": "x", "origin": [8, 0, 11]},
			"faces": {
				"north": {"uv": [1, 1, 2, 8], "texture": "#0"},
				"east": {"uv": [0, 1, 1, 8], "texture": "#0"},
				"south": {"uv": [0, 0, 2, 1], "texture": "#0"},
				"west": {"uv": [0, 0, 2, 1], "texture": "#0"},
				"up": {"uv": [0, 0, 2, 1], "texture": "#0"},
				"down": {"uv": [0, 0, 2, 1], "texture": "#0"}
			}
		},
		{
			"name": "tentacle8",
			"from": [0.7, 1, 17],
			"to": [2.7, 13, 19],
			"rotation": {"angle": -22.5, "axis": "x", "origin": [8, 0, 13]},
			"faces": {
				"north": {"uv": [1, 1, 2, 8], "texture": "#0"},
				"east": {"uv": [0, 1, 1, 8], "texture": "#0"},
				"south": {"uv": [0, 0, 2, 1], "texture": "#0"},
				"west": {"uv": [0, 0, 2, 1], "texture": "#0"},
				"up": {"uv": [0, 0, 2, 1], "texture": "#0"},
				"down": {"uv": [0, 0, 2, 1], "texture": "#0"}
			}
		},
		{
			"name": "tentacle9",
			"from": [5.7, 4, 16],
			"to": [7.7, 13, 18],
			"rotation": {"angle": -22.5, "axis": "x", "origin": [8, 0, 12]},
			"faces": {
				"north": {"texture": "#0"},
				"east": {"texture": "#0"},
				"south": {"texture": "#0"},
				"west": {"texture": "#0"},
				"up": {"texture": "#0"},
				"down": {"texture": "#0"}
			}
		}
	],
	"display": {
		"gui": {
			"rotation": [20, -140, 0],
			"translation": [0, -4.5, 0],
			"scale": [0.6, 0.6, 0.6]
		}
	},
	"groups": [
		{
			"name": "body",
			"origin": [8, 20, 8],
			"color": 0,
			"children": [0]
		},
		{
			"name": "tentacle1",
			"origin": [11.7, 13, 3],
			"color": 0,
			"children": [1]
		},
		{
			"name": "tentacle2",
			"origin": [6.7, 13, 3],
			"color": 0,
			"children": [2]
		},
		{
			"name": "tentacle3",
			"origin": [1.7, 13, 3],
			"color": 0,
			"children": [3]
		},
		{
			"name": "tentacle4",
			"origin": [14.3, 13, 8],
			"color": 0,
			"children": [4]
		},
		{
			"name": "tentacle5",
			"origin": [9.3, 13, 8],
			"color": 0,
			"children": [5]
		},
		{
			"name": "tentacle6",
			"origin": [4.3, 13, 8],
			"color": 0,
			"children": [6]
		},
		{
			"name": "tentacle7",
			"origin": [11.7, 13, 13],
			"color": 0,
			"children": [7]
		},
		{
			"name": "tentacle8",
			"origin": [6.7, 13, 13],
			"color": 0,
			"children": [8]
		},
		{
			"name": "tentacle9",
			"origin": [1.7, 13, 13],
			"color": 0,
			"children": [9]
		}
	]
}