{
	"credit": "Made with Blockbench",
	"texture_size": [32, 32],
	"textures": {
		"0": "mc_overhaul:item/compendium_icons/bestiary/glow_squid",
		"particle": "minecraft:item/emerald"
	},
	"elements": [
		{
			"name": "body",
			"from": [3.8, 1.3, -6.1],
			"to": [12.2, 9.7, 5.1],
			"rotation": {"angle": 0, "axis": "y", "origin": [8, 5.5, 17]},
			"faces": {
				"north": {"uv": [6, 0, 12, 6], "rotation": 180, "texture": "#0"},
				"east": {"uv": [6, 0, 12, 6], "rotation": 90, "texture": "#0"},
				"south": {"uv": [0, 0, 6, 6], "texture": "#0"},
				"west": {"uv": [0, 6, 6, 14], "rotation": 270, "texture": "#0"},
				"up": {"uv": [6, 6, 12, 14], "texture": "#0"},
				"down": {"uv": [6, 0, 12, 6], "rotation": 180, "texture": "#0"}
			}
		},
		{
			"name": "tentacle1",
			"from": [3.8, 4.8, 4.4],
			"to": [5.2, 6.2, 17],
			"rotation": {"angle": 0, "axis": "y", "origin": [8, 5.5, 17]},
			"faces": {
				"north": {"uv": [13, 0, 16, 1], "rotation": 180, "texture": "#0"},
				"east": {"uv": [13, 0, 16, 1], "rotation": 90, "texture": "#0"},
				"south": {"uv": [15, 9, 16, 10], "texture": "#0"},
				"west": {"uv": [14, 1, 15, 10], "rotation": 270, "texture": "#0"},
				"up": {"uv": [15, 1, 16, 10], "texture": "#0"},
				"down": {"uv": [13, 0, 16, 1], "rotation": 180, "texture": "#0"}
			}
		},
		{
			"name": "tentacle2",
			"from": [5.85, 9.25, 4.4],
			"to": [7.25, 10.65, 17],
			"rotation": {"angle": 45, "axis": "z", "origin": [9, 7.5, 17]},
			"faces": {
				"north": {"uv": [13, 0, 16, 1], "rotation": 180, "texture": "#0"},
				"east": {"uv": [13, 0, 16, 1], "rotation": 90, "texture": "#0"},
				"south": {"uv": [14.5, 9, 16, 10], "texture": "#0"},
				"west": {"uv": [14, 1, 15, 10], "rotation": 270, "texture": "#0"},
				"up": {"uv": [15, 1, 16, 10], "texture": "#0"},
				"down": {"uv": [13, 0, 16, 1], "rotation": 180, "texture": "#0"}
			}
		},
		{
			"name": "tentacle3",
			"from": [7.3, 8.3, 4.4],
			"to": [8.7, 9.7, 17],
			"rotation": {"angle": 0, "axis": "y", "origin": [8, 5.5, 17]},
			"faces": {
				"north": {"uv": [13, 0, 16, 1], "rotation": 180, "texture": "#0"},
				"east": {"uv": [13, 0, 16, 1], "rotation": 90, "texture": "#0"},
				"south": {"uv": [14.5, 9, 16, 10], "texture": "#0"},
				"west": {"uv": [14, 1, 15, 10], "rotation": 270, "texture": "#0"},
				"up": {"uv": [15, 1, 16, 10], "texture": "#0"},
				"down": {"uv": [13, 0, 16, 1], "rotation": 180, "texture": "#0"}
			}
		},
		{
			"name": "tentacle4",
			"from": [8.75, 9.25, 4.4],
			"to": [10.15, 10.65, 17],
			"rotation": {"angle": -45, "axis": "z", "origin": [7, 7.5, 17]},
			"faces": {
				"north": {"uv": [13, 0, 16, 1], "rotation": 180, "texture": "#0"},
				"east": {"uv": [13, 0, 16, 1], "rotation": 90, "texture": "#0"},
				"south": {"uv": [15, 9, 16, 10], "texture": "#0"},
				"west": {"uv": [14, 1, 15, 10], "rotation": 270, "texture": "#0"},
				"up": {"uv": [13, 0, 16, 1], "texture": "#0"},
				"down": {"uv": [15, 1, 16, 10], "rotation": 180, "texture": "#0"}
			}
		},
		{
			"name": "tentacle5",
			"from": [10.8, 4.8, 4.4],
			"to": [12.2, 6.2, 17],
			"rotation": {"angle": 0, "axis": "y", "origin": [8, 5.5, 17]},
			"faces": {
				"north": {"uv": [13, 0, 16, 1], "rotation": 180, "texture": "#0"},
				"east": {"uv": [13, 0, 16, 1], "rotation": 90, "texture": "#0"},
				"south": {"uv": [15, 9, 16, 10], "texture": "#0"},
				"west": {"uv": [14, 1, 15, 10], "rotation": 270, "texture": "#0"},
				"up": {"uv": [15, 1, 16, 10], "texture": "#0"},
				"down": {"uv": [13, 0, 16, 1], "rotation": 180, "texture": "#0"}
			}
		},
		{
			"name": "tentacle6",
			"from": [8.75, 0.35, 4.4],
			"to": [10.15, 1.75, 17],
			"rotation": {"angle": 45, "axis": "z", "origin": [7, 3.5, 17]},
			"faces": {
				"north": {"uv": [13, 0, 16, 1], "rotation": 180, "texture": "#0"},
				"east": {"uv": [13, 0, 16, 1], "rotation": 90, "texture": "#0"},
				"south": {"uv": [15, 9, 16, 10], "texture": "#0"},
				"west": {"uv": [14, 1, 15, 10], "rotation": 270, "texture": "#0"},
				"up": {"uv": [15, 1, 16, 10], "texture": "#0"},
				"down": {"uv": [13, 0, 16, 1], "rotation": 180, "texture": "#0"}
			}
		},
		{
			"name": "tentacle7",
			"from": [7.3, 1.3, 4.4],
			"to": [8.7, 2.7, 17],
			"rotation": {"angle": 0, "axis": "y", "origin": [8, 5.5, 17]},
			"faces": {
				"north": {"uv": [13, 0, 16, 1], "rotation": 180, "texture": "#0"},
				"east": {"uv": [13, 0, 16, 1], "rotation": 90, "texture": "#0"},
				"south": {"uv": [15, 9, 16, 10], "texture": "#0"},
				"west": {"uv": [14, 1, 15, 10], "rotation": 270, "texture": "#0"},
				"up": {"uv": [15, 1, 16, 10], "texture": "#0"},
				"down": {"uv": [13, 0, 16, 1], "rotation": 180, "texture": "#0"}
			}
		},
		{
			"name": "tentacle8",
			"from": [5.85, 0.35, 4.4],
			"to": [7.25, 1.75, 17],
			"rotation": {"angle": -45, "axis": "z", "origin": [9, 3.5, 17]},
			"faces": {
				"north": {"uv": [9.5, 3, 12, 5.5], "rotation": 180, "texture": "#0"},
				"east": {"uv": [9.5, 3, 12, 5.5], "rotation": 90, "texture": "#0"},
				"south": {"uv": [15, 9, 16, 10], "texture": "#0"},
				"west": {"uv": [14, 1, 15, 10], "rotation": 270, "texture": "#0"},
				"up": {"uv": [9.5, 3, 12, 5.5], "texture": "#0"},
				"down": {"uv": [15, 1, 16, 10], "rotation": 180, "texture": "#0"}
			}
		}
	],
	"gui_light": "front",
	"display": {
		"gui": {
			"rotation": [20, 45, 0],
			"translation": [1.5, 0.75, 0],
			"scale": [0.85, 0.85, 0.85]
		}
	},
	"groups": [
		{
			"name": "body",
			"origin": [8, 18, 8],
			"color": 0,
			"children": [0]
		},
		{
			"name": "tentacle1",
			"origin": [4.5, 13.1, 8],
			"color": 0,
			"children": [1]
		},
		{
			"name": "tentacle2",
			"origin": [5.55, 13.1, 10.45],
			"color": 0,
			"children": [2]
		},
		{
			"name": "tentacle3",
			"origin": [8, 13.1, 11.5],
			"color": 0,
			"children": [3]
		},
		{
			"name": "tentacle4",
			"origin": [10.45, 13.1, 10.45],
			"color": 0,
			"children": [4]
		},
		{
			"name": "tentacle5",
			"origin": [11.5, 13.1, 8],
			"color": 0,
			"children": [5]
		},
		{
			"name": "tentacle6",
			"origin": [10.45, 13.1, 5.55],
			"color": 0,
			"children": [6]
		},
		{
			"name": "tentacle7",
			"origin": [8, 13.1, 4.5],
			"color": 0,
			"children": [7]
		},
		{
			"name": "tentacle8",
			"origin": [5.55, 13.1, 5.55],
			"color": 0,
			"children": [8]
		}
	]
}