{
	"credit": "Made with Blockbench",
	"texture_size": [64, 32],
	"textures": {
		"0": "mc_overhaul:item/compendium_icons/bestiary/goat",
		"particle": "minecraft:item/emerald"
	},
	"elements": [
		{
			"name": "head",
			"from": [7.995, 6.15, -5.2],
			"to": [7.995, 13.08, -0.25],
			"rotation": {"angle": 0, "axis": "y", "origin": [7.995, 0.21, 8.66]},
			"faces": {
				"north": {"uv": [10.25, 0, 11.5, 1.5], "texture": "#0"},
				"east": {"uv": [10.25, 1.5, 11.5, 5], "texture": "#0"},
				"south": {"uv": [10.25, 0, 11.5, 1.5], "texture": "#0"},
				"west": {"uv": [10.25, 0, 11.5, 1.5], "texture": "#0"},
				"up": {"uv": [10.25, 0, 11.5, 1.5], "texture": "#0"},
				"down": {"uv": [10.25, 0, 11.5, 1.5], "texture": "#0"}
			}
		},
		{
			"name": "head",
			"from": [10.47, 18.91, -1.9],
			"to": [13.44, 20.89, -0.91],
			"rotation": {"angle": 0, "axis": "y", "origin": [7.995, 0.1, 8]},
			"faces": {
				"north": {"uv": [1.5, 1, 2.25, 2], "texture": "#0"},
				"east": {"uv": [1.25, 1, 1.5, 2], "texture": "#0"},
				"south": {"uv": [1.25, 0.5, 1.5, 1], "texture": "#0"},
				"west": {"uv": [1.25, 0.5, 1.5, 1], "texture": "#0"},
				"up": {"uv": [1.5, 0.5, 2.25, 1], "texture": "#0"},
				"down": {"uv": [1.25, 0.5, 1.5, 1], "texture": "#0"}
			}
		},
		{
			"name": "mirror",
			"from": [2.55, 18.91, -1.9],
			"to": [5.52, 20.89, -0.91],
			"rotation": {"angle": 0, "axis": "y", "origin": [0.075, 0.1, 8]},
			"faces": {
				"north": {"uv": [2.25, 1, 1.5, 2], "texture": "#0"},
				"east": {"uv": [1.25, 1, 1.5, 2], "texture": "#0"},
				"south": {"uv": [1.25, 0.5, 1.5, 1], "texture": "#0"},
				"west": {"uv": [1.25, 0.5, 1.5, 1], "texture": "#0"},
				"up": {"uv": [1.5, 0.5, 2.25, 1], "texture": "#0"},
				"down": {"uv": [1.25, 0.5, 1.5, 1], "texture": "#0"}
			}
		},
		{
			"name": "nose",
			"from": [5.52, -5.18, -3.55],
			"to": [10.47, 4.72, 3.38],
			"rotation": {"angle": 45, "axis": "x", "origin": [7.995, 10.66, 18.23]},
			"faces": {
				"north": {"uv": [8.75, 11, 10, 6], "rotation": 180, "texture": "#0"},
				"east": {"uv": [6.25, 11, 8.75, 14.5], "rotation": 90, "texture": "#0"},
				"south": {"uv": [7, 7.5, 8.75, 11], "texture": "#0"},
				"west": {"uv": [7, 7.5, 8.75, 11], "rotation": 270, "texture": "#0"},
				"up": {"uv": [7, 7.5, 8.75, 11], "texture": "#0"},
				"down": {"uv": [8.75, 11, 10, 14.5], "rotation": 180, "texture": "#0"}
			}
		},
		{
			"name": "left_horn",
			"from": [5.5299, 18.91, -1.9],
			"to": [7.5099, 25.84, 0.08],
			"rotation": {"angle": 0, "axis": "y", "origin": [7.995, 0.1, 8]},
			"faces": {
				"north": {"uv": [12.5, 2, 13, 5.5], "texture": "#0"},
				"east": {"uv": [12, 2, 12.5, 5.5], "texture": "#0"},
				"south": {"uv": [12, 1, 12.5, 2], "texture": "#0"},
				"west": {"uv": [12, 1, 12.5, 2], "texture": "#0"},
				"up": {"uv": [12.5, 1, 13, 2], "texture": "#0"},
				"down": {"uv": [12, 1, 12.5, 2], "texture": "#0"}
			}
		},
		{
			"name": "right_horn",
			"from": [8.4999, 18.91, -1.9],
			"to": [10.4799, 25.84, 0.08],
			"rotation": {"angle": 0, "axis": "y", "origin": [10.965, 0.1, 8]},
			"faces": {
				"north": {"uv": [12.5, 2, 13, 5.5], "texture": "#0"},
				"east": {"uv": [12, 2, 12.5, 5.5], "texture": "#0"},
				"south": {"uv": [12, 1, 12.5, 2], "texture": "#0"},
				"west": {"uv": [12, 1, 12.5, 2], "texture": "#0"},
				"up": {"uv": [12.5, 1, 13, 2], "texture": "#0"},
				"down": {"uv": [12, 1, 12.5, 2], "texture": "#0"}
			}
		},
		{
			"name": "body",
			"from": [3.54, 6.04, 1.07],
			"to": [12.45, 16.93, 16.91],
			"rotation": {"angle": 0, "axis": "y", "origin": [7.995, 0.1, 8]},
			"faces": {
				"north": {"uv": [2.5, 0.5, 4.25, 3], "texture": "#0"},
				"east": {"uv": [0.25, 3, 4.25, 8.5], "texture": "#0"},
				"south": {"uv": [2.5, 0.5, 4.25, 3], "texture": "#0"},
				"west": {"uv": [2.5, 0.5, 4.25, 3], "texture": "#0"},
				"up": {"uv": [4.25, 0.5, 6.5, 8.5], "texture": "#0"},
				"down": {"uv": [2.5, 0.5, 4.25, 3], "texture": "#0"}
			}
		},
		{
			"name": "body",
			"from": [2.55, 4.06, 0.08],
			"to": [13.44, 17.92, 10.97],
			"rotation": {"angle": 0, "axis": "y", "origin": [7.995, 0.1, 8]},
			"faces": {
				"north": {"uv": [13.25, 5.5, 16, 12.5], "texture": "#0"},
				"east": {"uv": [10.5, 5.5, 13.25, 12.5], "texture": "#0"},
				"south": {"uv": [10.5, 12.5, 16, 16], "texture": "#0"},
				"west": {"uv": [10.5, 12.5, 16, 16], "texture": "#0"},
				"up": {"uv": [13.25, 0, 16, 5.5], "texture": "#0"},
				"down": {"uv": [10.5, 12.5, 16, 16], "texture": "#0"}
			}
		},
		{
			"name": "leg1",
			"from": [8.49, 0.1, 11.96],
			"to": [11.46, 6.04, 14.93],
			"rotation": {"angle": 0, "axis": "y", "origin": [7.995, 0.1, 8]},
			"faces": {
				"north": {"uv": [9.25, 2.5, 10, 5.5], "texture": "#0"},
				"east": {"uv": [8.5, 2.5, 9.25, 5.5], "texture": "#0"},
				"south": {"uv": [8.5, 0, 10, 2.5], "texture": "#0"},
				"west": {"uv": [8.5, 0, 10, 2.5], "texture": "#0"},
				"up": {"uv": [8.5, 0, 10, 2.5], "texture": "#0"},
				"down": {"uv": [8.5, 0, 10, 2.5], "texture": "#0"}
			}
		},
		{
			"name": "leg2",
			"from": [4.53, 0.1, 11.96],
			"to": [7.5, 6.04, 14.93],
			"rotation": {"angle": 0, "axis": "y", "origin": [7.995, 0.1, 8]},
			"faces": {
				"north": {"uv": [9.25, 2.5, 10, 5.5], "texture": "#0"},
				"east": {"uv": [8.5, 2.5, 9.25, 5.5], "texture": "#0"},
				"south": {"uv": [8.5, 0, 10, 2.5], "texture": "#0"},
				"west": {"uv": [8.5, 0, 10, 2.5], "texture": "#0"},
				"up": {"uv": [8.5, 0, 10, 2.5], "texture": "#0"},
				"down": {"uv": [8.5, 0, 10, 2.5], "texture": "#0"}
			}
		},
		{
			"name": "leg3",
			"from": [8.49, 0.1, 2.06],
			"to": [11.46, 10, 5.03],
			"rotation": {"angle": 0, "axis": "y", "origin": [7.995, 0.1, 8]},
			"faces": {
				"north": {"uv": [7.5, 0.5, 8.25, 5.5], "texture": "#0"},
				"east": {"uv": [6.75, 0.5, 7.5, 5.5], "texture": "#0"},
				"south": {"uv": [6.75, 5.5, 8.25, 7.5], "texture": "#0"},
				"west": {"uv": [6.75, 5.5, 8.25, 7.5], "texture": "#0"},
				"up": {"uv": [6.75, 5.5, 8.25, 7.5], "texture": "#0"},
				"down": {"uv": [6.75, 5.5, 8.25, 7.5], "texture": "#0"}
			}
		},
		{
			"name": "leg4",
			"from": [4.53, 0.1, 2.06],
			"to": [7.5, 10, 5.03],
			"rotation": {"angle": 0, "axis": "y", "origin": [7.995, 0.1, 8]},
			"faces": {
				"north": {"uv": [7.5, 0.5, 8.25, 5.5], "texture": "#0"},
				"east": {"uv": [6.75, 0.5, 7.5, 5.5], "texture": "#0"},
				"south": {"uv": [6.75, 5.5, 8.25, 7.5], "texture": "#0"},
				"west": {"uv": [6.75, 5.5, 8.25, 7.5], "texture": "#0"},
				"up": {"uv": [6.75, 5.5, 8.25, 7.5], "texture": "#0"},
				"down": {"uv": [6.75, 5.5, 8.25, 7.5], "texture": "#0"}
			}
		}
	],
	"gui_light": "front",
	"display": {
		"gui": {
			"rotation": [20, -140, 0],
			"translation": [-1.25, -2.25, 0],
			"scale": [0.75, 0.75, 0.75]
		}
	},
	"groups": [
		{
			"name": "head",
			"origin": [7.5, 10, 8],
			"color": 0,
			"children": [
				0,
				1,
				{
					"name": "mirror",
					"origin": [8, 0, 8],
					"color": 0,
					"children": [2]
				}
			]
		},
		{
			"name": "nose",
			"origin": [7.5, 18, 0],
			"color": 0,
			"children": [3]
		},
		{
			"name": "left_horn",
			"origin": [7.5, 10, 8],
			"color": 0,
			"children": [4]
		},
		{
			"name": "right_horn",
			"origin": [7.5, 10, 8],
			"color": 0,
			"children": [5]
		},
		{
			"name": "body",
			"origin": [8.5, 0, 8],
			"color": 0,
			"children": [6, 7]
		},
		{
			"name": "leg1",
			"origin": [11.5, 10, 12],
			"color": 0,
			"children": [8]
		},
		{
			"name": "leg2",
			"origin": [7.5, 10, 12],
			"color": 0,
			"children": [9]
		},
		{
			"name": "leg3",
			"origin": [11.5, 10, 2],
			"color": 0,
			"children": [10]
		},
		{
			"name": "leg4",
			"origin": [7.5, 10, 2],
			"color": 0,
			"children": [11]
		}
	]
}