{
	"credit": "Made with Blockbench",
	"texture_size": [32, 32],
	"textures": {
		"0": "mc_overhaul:item/compendium_icons/bestiary/gray_wolf",
		"particle": "minecraft:item/emerald"
	},
	"elements": [
		{
			"name": "head",
			"from": [5, 7.5, 0],
			"to": [11, 13.5, 4],
			"rotation": {"angle": 0, "axis": "y", "origin": [8, 0, 9]},
			"faces": {
				"north": {"uv": [2, 2, 5, 5], "texture": "#0"},
				"east": {"uv": [0, 2, 2, 5], "texture": "#0"},
				"south": {"uv": [0, 1, 2, 2], "texture": "#0"},
				"west": {"uv": [0, 1, 2, 2], "texture": "#0"},
				"up": {"uv": [5, 2, 2, 0], "texture": "#0"},
				"down": {"uv": [0, 1, 2, 2], "texture": "#0"}
			}
		},
		{
			"name": "head",
			"from": [5, 13.5, 2],
			"to": [7, 15.5, 3],
			"rotation": {"angle": 0, "axis": "y", "origin": [8, 0, 9]},
			"faces": {
				"north": {"uv": [0.5, 0, 1.5, 1], "texture": "#0"},
				"east": {"uv": [0, 0.5, 0.5, 1], "texture": "#0"},
				"south": {"uv": [0, 0, 0.5, 0.5], "texture": "#0"},
				"west": {"uv": [0, 0, 0.5, 0.5], "texture": "#0"},
				"up": {"uv": [0.5, 1, 0, 0.5], "texture": "#0"},
				"down": {"uv": [0, 0, 0.5, 0.5], "texture": "#0"}
			}
		},
		{
			"name": "head",
			"from": [6.5, 7.52, -3],
			"to": [9.5, 10.52, 1],
			"rotation": {"angle": 0, "axis": "y", "origin": [8, 0, 9]},
			"faces": {
				"north": {"uv": [9, 4, 10.5, 5.5], "texture": "#0"},
				"east": {"uv": [7, 4, 9, 5.5], "texture": "#0"},
				"south": {"uv": [9, 0, 10.5, 2], "texture": "#0"},
				"west": {"uv": [9, 0, 10.5, 2], "texture": "#0"},
				"up": {"uv": [10.5, 4, 9, 2], "texture": "#0"},
				"down": {"uv": [9, 0, 10.5, 2], "texture": "#0"}
			}
		},
		{
			"name": "head",
			"from": [9, 13.5, 2],
			"to": [11, 15.5, 3],
			"rotation": {"angle": 0, "axis": "y", "origin": [12, 0, 9]},
			"faces": {
				"north": {"uv": [0.5, 0, 1.5, 1], "texture": "#0"},
				"east": {"uv": [0, 0.5, 0.5, 1], "texture": "#0"},
				"south": {"uv": [0, 0, 0.5, 0.5], "texture": "#0"},
				"west": {"uv": [0, 0, 0.5, 0.5], "texture": "#0"},
				"up": {"uv": [0.5, 1, 0, 0.5], "texture": "#0"},
				"down": {"uv": [0, 0, 0.5, 0.5], "texture": "#0"}
			}
		},
		{
			"name": "mane",
			"from": [4, 7, 3],
			"to": [12, 14, 9],
			"rotation": {"angle": 0, "axis": "x", "origin": [8, 13, 16]},
			"faces": {
				"north": {"uv": [14.5, 5.5, 10.5, 2], "rotation": 180, "texture": "#0"},
				"east": {"uv": [7, 5.5, 10.5, 8.5], "rotation": 90, "texture": "#0"},
				"south": {"uv": [10.5, 0, 14.5, 2], "texture": "#0"},
				"west": {"uv": [10.5, 0, 14.5, 2], "rotation": 270, "texture": "#0"},
				"up": {"uv": [10.5, 5.5, 14.5, 8.5], "texture": "#0"},
				"down": {"uv": [10.5, 0, 14.5, 2], "rotation": 180, "texture": "#0"}
			}
		},
		{
			"name": "body",
			"from": [5, 7, 9],
			"to": [11, 13, 18],
			"rotation": {"angle": 0, "axis": "x", "origin": [8, 8, 21]},
			"faces": {
				"north": {"uv": [0, 9.5, 6, 11.5], "rotation": 180, "texture": "#0"},
				"east": {"uv": [0, 5, 3, 9.5], "rotation": 90, "texture": "#0"},
				"south": {"uv": [0, 9.5, 6, 11.5], "texture": "#0"},
				"west": {"uv": [0, 9.5, 6, 11.5], "rotation": 270, "texture": "#0"},
				"up": {"uv": [3, 5, 6, 9.5], "texture": "#0"},
				"down": {"uv": [0, 9.5, 6, 11.5], "rotation": 180, "texture": "#0"}
			}
		},
		{
			"name": "leg1",
			"from": [8.5, 0, 15],
			"to": [10.5, 8, 17],
			"rotation": {"angle": 0, "axis": "y", "origin": [8, 0, 9]},
			"faces": {
				"north": {"uv": [6, 0, 7, 4], "texture": "#0"},
				"east": {"uv": [5, 0, 6, 4], "texture": "#0"},
				"south": {"uv": [5, 4, 7, 5], "texture": "#0"},
				"west": {"uv": [5, 4, 7, 5], "texture": "#0"},
				"up": {"uv": [5, 4, 7, 5], "texture": "#0"},
				"down": {"uv": [5, 4, 7, 5], "texture": "#0"}
			}
		},
		{
			"name": "leg2",
			"from": [5.5, 0, 15],
			"to": [7.5, 8, 17],
			"rotation": {"angle": 0, "axis": "y", "origin": [8, 0, 9]},
			"faces": {
				"north": {"uv": [6, 0, 7, 4], "texture": "#0"},
				"east": {"uv": [5, 0, 6, 4], "texture": "#0"},
				"south": {"uv": [5, 4, 7, 5], "texture": "#0"},
				"west": {"uv": [5, 4, 7, 5], "texture": "#0"},
				"up": {"uv": [5, 4, 7, 5], "texture": "#0"},
				"down": {"uv": [5, 4, 7, 5], "texture": "#0"}
			}
		},
		{
			"name": "leg3",
			"from": [8.5, 0, 4],
			"to": [10.5, 8, 6],
			"rotation": {"angle": 0, "axis": "y", "origin": [11, 0, -2]},
			"faces": {
				"north": {"uv": [6, 0, 7, 4], "texture": "#0"},
				"east": {"uv": [5, 0, 6, 4], "texture": "#0"},
				"south": {"uv": [5, 4, 7, 5], "texture": "#0"},
				"west": {"uv": [5, 4, 7, 5], "texture": "#0"},
				"up": {"uv": [5, 4, 7, 5], "texture": "#0"},
				"down": {"uv": [5, 4, 7, 5], "texture": "#0"}
			}
		},
		{
			"name": "leg4",
			"from": [5.5, 0, 4],
			"to": [7.5, 8, 6],
			"rotation": {"angle": 0, "axis": "y", "origin": [8, 0, -2]},
			"faces": {
				"north": {"uv": [6, 0, 7, 4], "texture": "#0"},
				"east": {"uv": [5, 0, 6, 4], "texture": "#0"},
				"south": {"uv": [5, 4, 7, 5], "texture": "#0"},
				"west": {"uv": [5, 4, 7, 5], "texture": "#0"},
				"up": {"uv": [5, 4, 7, 5], "texture": "#0"},
				"down": {"uv": [5, 4, 7, 5], "texture": "#0"}
			}
		},
		{
			"name": "tail",
			"from": [7, 5.2, 6.6],
			"to": [9, 7.2, 14.6],
			"rotation": {"angle": 45, "axis": "x", "origin": [8, -3.8, 18.6]},
			"faces": {
				"north": {"uv": [9, 0, 10, 2], "rotation": 180, "texture": "#0"},
				"east": {"uv": [7, 0, 8, 4], "rotation": 90, "texture": "#0"},
				"south": {"uv": [9, 0, 10, 2], "texture": "#0"},
				"west": {"uv": [9, 0, 10, 2], "rotation": 270, "texture": "#0"},
				"up": {"uv": [9, 0, 10, 2], "texture": "#0"},
				"down": {"uv": [8, 0, 9, 4], "rotation": 180, "texture": "#0"}
			}
		}
	],
	"gui_light": "front",
	"display": {
		"gui": {
			"rotation": [20, -140, 0],
			"translation": [1, 0.5, 0]
		}
	},
	"groups": [
		{
			"name": "head",
			"origin": [9, 10.5, 1],
			"color": 0,
			"children": [0, 1, 2, 3]
		},
		4,
		5,
		6,
		7,
		8,
		9,
		10
	]
}