{
	"credit": "Made with Blockbench",
	"texture_size": [64, 32],
	"textures": {
		"0": "mc_overhaul:item/compendium_icons/bestiary/guardian",
		"particle": "minecraft:item/emerald"
	},
	"elements": [
		{
			"name": "body",
			"from": [1.994, 3.478, -7.008],
			"to": [14.006, 15.49, 9.008],
			"rotation": {"angle": 0, "axis": "y", "origin": [8, 1.476, 1]},
			"faces": {
				"north": {"uv": [4, 8, 7, 14], "texture": "#0"},
				"east": {"uv": [0, 8, 4, 14], "texture": "#0"},
				"south": {"uv": [2.75, 5.5, 4, 8], "texture": "#0"},
				"west": {"uv": [2.75, 5.5, 4, 8], "texture": "#0"},
				"up": {"uv": [4, 8, 7, 0], "texture": "#0"},
				"down": {"uv": [2.75, 5.5, 4, 8], "texture": "#0"}
			}
		},
		{
			"name": "body",
			"from": [1.994, 15.49, -5.006],
			"to": [14.006, 17.492, 7.006],
			"rotation": {"angle": 0, "axis": "y", "origin": [8, 1.476, 1]},
			"faces": {
				"north": {"uv": [11.5, 8.5, 14.5, 9.5], "texture": "#0"},
				"east": {"uv": [8.5, 8.5, 11.5, 9.5], "texture": "#0"},
				"south": {"uv": [11.5, 1, 14.5, 2.5], "texture": "#0"},
				"west": {"uv": [11.5, 1, 14.5, 2.5], "texture": "#0"},
				"up": {"uv": [11.5, 2.5, 14.5, 8.5], "texture": "#0"},
				"down": {"uv": [11.5, 1, 14.5, 2.5], "texture": "#0"}
			}
		},
		{
			"name": "body",
			"from": [1.994, 1.476, -5.006],
			"to": [14.006, 3.478, 7.006],
			"rotation": {"angle": 0, "axis": "y", "origin": [8, 1.476, 1]},
			"faces": {
				"north": {"uv": [11.5, 8.5, 14.5, 9.5], "texture": "#0"},
				"east": {"uv": [8.5, 8.5, 11.5, 9.5], "texture": "#0"},
				"south": {"uv": [11.5, 1, 14.5, 2.5], "texture": "#0"},
				"west": {"uv": [11.5, 1, 14.5, 2.5], "texture": "#0"},
				"up": {"uv": [11.5, 1, 14.5, 2.5], "texture": "#0"},
				"down": {"uv": [11.5, 1, 14.5, 2.5], "texture": "#0"}
			}
		},
		{
			"name": "body",
			"from": [14.006, 3.478, -5.006],
			"to": [16.008, 15.49, 7.006],
			"rotation": {"angle": 0, "axis": "y", "origin": [8, 1.476, 1]},
			"faces": {
				"north": {"uv": [14.75, 9.5, 15.25, 15.5], "texture": "#0"},
				"east": {"uv": [11.75, 9.5, 14.75, 15.5], "texture": "#0"},
				"south": {"uv": [9.25, 7.5, 11.25, 13.5], "texture": "#0"},
				"west": {"uv": [9.25, 7.5, 11.25, 13.5], "texture": "#0"},
				"up": {"uv": [15.25, 9.5, 14.75, 3.5], "texture": "#0"},
				"down": {"uv": [9.25, 7.5, 11.25, 13.5], "texture": "#0"}
			}
		},
		{
			"name": "body_sub_1",
			"from": [-0.008, 3.478, -5.006],
			"to": [1.994, 15.49, 7.006],
			"rotation": {"angle": 0, "axis": "y", "origin": [8, 1.476, 1]},
			"faces": {
				"north": {"uv": [15.25, 9.5, 14.75, 15.5], "texture": "#0"},
				"east": {"uv": [11.75, 9.5, 14.75, 15.5], "texture": "#0"},
				"south": {"uv": [8.5, 7, 10.75, 12], "texture": "#0"},
				"west": {"uv": [8.5, 7, 10.75, 12], "texture": "#0"},
				"up": {"uv": [14.75, 3.5, 15.25, 9.5], "texture": "#0"},
				"down": {"uv": [8.5, 7, 10.75, 12], "texture": "#0"}
			}
		},
		{
			"name": "eye",
			"from": [6.999, 7.9825, -7.25825],
			"to": [9.001, 9.9845, -6.25725],
			"rotation": {"angle": 0, "axis": "y", "origin": [8, 1.476, 1]},
			"faces": {
				"north": {"uv": [2.25, 0.5, 2.75, 1.5], "texture": "#0"},
				"east": {"uv": [2, 0.5, 2.25, 1.5], "texture": "#0"},
				"south": {"uv": [2, 0, 2.25, 0.5], "texture": "#0"},
				"west": {"uv": [2, 0, 2.25, 0.5], "texture": "#0"},
				"up": {"uv": [2.25, 0, 2.75, 0.5], "texture": "#0"},
				"down": {"uv": [2, 0, 2.25, 0.5], "texture": "#0"}
			}
		},
		{
			"name": "tail1",
			"from": [5.998, 7.482, 8.007],
			"to": [10.002, 11.486, 16.015],
			"rotation": {"angle": 0, "axis": "y", "origin": [8, 1.476, 1]},
			"faces": {
				"north": {"uv": [11, 2.5, 11.5, 8.5], "texture": "#0"},
				"east": {"uv": [9, 6.5, 11, 8.5], "texture": "#0"},
				"south": {"uv": [11, 2.5, 11.5, 8.5], "texture": "#0"},
				"west": {"uv": [11, 2.5, 11.5, 8.5], "texture": "#0"},
				"up": {"uv": [10, 2.5, 11, 6.5], "texture": "#0"},
				"down": {"uv": [11, 2.5, 11.5, 8.5], "texture": "#0"}
			}
		},
		{
			"name": "tail2",
			"from": [6.4985, 7.9825, 15.014],
			"to": [9.5015, 10.9855, 22.021],
			"rotation": {"angle": 0, "axis": "y", "origin": [8, 1.476, 1]},
			"faces": {
				"north": {"uv": [9.75, 1.5, 10, 6.5], "texture": "#0"},
				"east": {"uv": [8, 5, 9.75, 6.5], "texture": "#0"},
				"south": {"uv": [9.75, 1.5, 10, 6.5], "texture": "#0"},
				"west": {"uv": [9.75, 1.5, 10, 6.5], "texture": "#0"},
				"up": {"uv": [9.75, 1.5, 9, 5], "texture": "#0"},
				"down": {"uv": [9.75, 1.5, 10, 6.5], "texture": "#0"}
			}
		},
		{
			"name": "tail3",
			"from": [6.999, 8.483, 21.02],
			"to": [9.001, 10.485, 27.026],
			"rotation": {"angle": 0, "axis": "y", "origin": [8, 1.476, 1]},
			"faces": {
				"north": {"uv": [8.75, 0.5, 9, 5], "texture": "#0"},
				"east": {"uv": [7.25, 3.5, 8.75, 4.5], "texture": "#0"},
				"south": {"uv": [8.75, 0.5, 9, 5], "texture": "#0"},
				"west": {"uv": [8.75, 0.5, 9, 5], "texture": "#0"},
				"up": {"uv": [8.25, 0.5, 8.75, 3.5], "texture": "#0"},
				"down": {"uv": [8.75, 0.5, 9, 5], "texture": "#0"}
			}
		},
		{
			"name": "tail3",
			"from": [6.999, 4.9795, 24.023],
			"to": [8, 13.9885, 32],
			"rotation": {"angle": 0, "axis": "y", "origin": [8, 1.476, 1]},
			"faces": {
				"north": {"uv": [8.5, 10, 9.25, 14.5], "texture": "#0"},
				"east": {"uv": [9.25, 10, 11.5, 14.5], "texture": "#0"},
				"south": {"uv": [8.5, 10, 9.25, 14.5], "texture": "#0"},
				"west": {"uv": [8.5, 10, 9.25, 14.5], "texture": "#0"},
				"up": {"uv": [8.5, 10, 9.25, 14.5], "texture": "#0"},
				"down": {"uv": [8.5, 10, 9.25, 14.5], "texture": "#0"}
			}
		},
		{
			"name": "spine1_rotation",
			"from": [6.999, 19.065, -1.288],
			"to": [9.001, 28.074, 0.714],
			"rotation": {"angle": 45, "axis": "x", "origin": [8, 11.057, -7.294]},
			"faces": {
				"north": {"uv": [0.5, 1, 1, 5.5], "texture": "#0"},
				"east": {"uv": [0, 1, 0.5, 5.5], "texture": "#0"},
				"south": {"uv": [0, 0, 0.5, 1], "texture": "#0"},
				"west": {"uv": [0, 0, 0.5, 1], "texture": "#0"},
				"up": {"uv": [0, 0, 0.5, 1], "texture": "#0"},
				"down": {"uv": [0, 0, 0.5, 1], "texture": "#0"}
			}
		},
		{
			"name": "spine2_rotation",
			"from": [6.999, 19.065, 1.429],
			"to": [9.001, 28.074, 3.431],
			"rotation": {"angle": -45, "axis": "x", "origin": [8, 11.057, 9.437]},
			"faces": {
				"north": {"uv": [0.5, 1, 1, 5.5], "texture": "#0"},
				"east": {"uv": [0, 1, 0.5, 5.5], "texture": "#0"},
				"south": {"uv": [0, 0, 0.5, 1], "texture": "#0"},
				"west": {"uv": [0, 0, 0.5, 1], "texture": "#0"},
				"up": {"uv": [0.5, 0, 1, 1], "texture": "#0"},
				"down": {"uv": [0, 0, 0.5, 1], "texture": "#0"}
			}
		},
		{
			"name": "spine3_rotation",
			"from": [8.429, 18.922, -0.001],
			"to": [10.431, 27.931, 2.001],
			"rotation": {"angle": 45, "axis": "z", "origin": [16.437, 10.914, 1]},
			"faces": {
				"north": {"uv": [0.5, 1, 1, 5.5], "texture": "#0"},
				"east": {"uv": [0, 1, 0.5, 5.5], "texture": "#0"},
				"south": {"uv": [0, 0, 0.5, 1], "texture": "#0"},
				"west": {"uv": [0, 0, 0.5, 1], "texture": "#0"},
				"up": {"uv": [0, 0, 0.5, 1], "texture": "#0"},
				"down": {"uv": [0, 0, 0.5, 1], "texture": "#0"}
			}
		},
		{
			"name": "spine4_rotation",
			"from": [5.569, 18.922, -0.001],
			"to": [7.571, 27.931, 2.001],
			"rotation": {"angle": -45, "axis": "z", "origin": [-0.437, 10.914, 1]},
			"faces": {
				"north": {"uv": [0.5, 1, 1, 5.5], "texture": "#0"},
				"east": {"uv": [0, 1, 0.5, 5.5], "texture": "#0"},
				"south": {"uv": [0, 0, 0.5, 1], "texture": "#0"},
				"west": {"uv": [0, 0, 0.5, 1], "texture": "#0"},
				"up": {"uv": [0.5, 0, 1, 1], "texture": "#0"},
				"down": {"uv": [0, 0, 0.5, 1], "texture": "#0"}
			}
		},
		{
			"name": "spine5_rotation",
			"from": [15.293, 8.483, -3.29],
			"to": [24.302, 10.485, -1.288],
			"rotation": {"angle": 45, "axis": "y", "origin": [14.292, 16.491, 4.718]},
			"faces": {
				"north": {"uv": [0.5, 1, 1, 5.5], "rotation": 270, "texture": "#0"},
				"east": {"uv": [0.5, 0, 1, 1], "rotation": 90, "texture": "#0"},
				"south": {"uv": [0, 0, 0.5, 1], "rotation": 90, "texture": "#0"},
				"west": {"uv": [0, 0, 0.5, 1], "rotation": 90, "texture": "#0"},
				"up": {"uv": [1, 1, 1.5, 5.5], "rotation": 90, "texture": "#0"},
				"down": {"uv": [0, 0, 0.5, 1], "rotation": 90, "texture": "#0"}
			}
		},
		{
			"name": "spine6_rotation",
			"from": [-8.159, 8.483, -3.29],
			"to": [0.85, 10.485, -1.288],
			"rotation": {"angle": -45, "axis": "y", "origin": [1.851, 16.491, 4.718]},
			"faces": {
				"north": {"uv": [0.5, 1, 1, 5.5], "rotation": 90, "texture": "#0"},
				"east": {"uv": [2.75, 2, 4.5, 5.5], "rotation": 270, "texture": "#0"},
				"south": {"uv": [2.75, 2, 4.5, 5.5], "rotation": 270, "texture": "#0"},
				"west": {"uv": [0.5, 0, 1, 1], "rotation": 270, "texture": "#0"},
				"up": {"uv": [0, 1, 0.5, 5.5], "rotation": 270, "texture": "#0"},
				"down": {"uv": [2.75, 2, 4.5, 5.5], "rotation": 270, "texture": "#0"}
			}
		},
		{
			"name": "spine8_rotation",
			"from": [15.436, 8.34, 3.574],
			"to": [24.445, 10.342, 5.576],
			"rotation": {"angle": -45, "axis": "y", "origin": [14.435, 16.348, -2.432]},
			"faces": {
				"north": {"uv": [0.5, 1, 1, 5.5], "rotation": 270, "texture": "#0"},
				"east": {"uv": [0, 0, 0.5, 1], "rotation": 90, "texture": "#0"},
				"south": {"uv": [0, 0, 0.5, 1], "rotation": 90, "texture": "#0"},
				"west": {"uv": [0, 0, 0.5, 1], "rotation": 90, "texture": "#0"},
				"up": {"uv": [1, 1, 1.5, 5.5], "rotation": 90, "texture": "#0"},
				"down": {"uv": [0, 0, 0.5, 1], "rotation": 90, "texture": "#0"}
			}
		},
		{
			"name": "spine10_rotation",
			"from": [6.999, -0.24, -13.443],
			"to": [9.001, 1.762, -4.434],
			"rotation": {"angle": -45, "axis": "x", "origin": [8, 7.768, -10.44]},
			"faces": {
				"north": {"uv": [0.5, 0, 1, 1], "rotation": 180, "texture": "#0"},
				"east": {"uv": [0, 1, 0.5, 5.5], "rotation": 90, "texture": "#0"},
				"south": {"uv": [0, 0, 0.5, 1], "texture": "#0"},
				"west": {"uv": [0, 0, 0.5, 1], "rotation": 270, "texture": "#0"},
				"up": {"uv": [1.5, 1, 2, 5.5], "texture": "#0"},
				"down": {"uv": [0, 0, 0.5, 1], "rotation": 180, "texture": "#0"}
			}
		},
		{
			"name": "spine12_rotation",
			"from": [13.434, -0.097, -0.001],
			"to": [22.443, 1.905, 2.001],
			"rotation": {"angle": -45, "axis": "z", "origin": [19.44, 7.911, 1]},
			"faces": {
				"north": {"uv": [0.5, 1, 1, 5.5], "rotation": 270, "texture": "#0"},
				"east": {"uv": [0.5, 0, 1, 1], "rotation": 90, "texture": "#0"},
				"south": {"uv": [0, 0, 0.5, 1], "rotation": 90, "texture": "#0"},
				"west": {"uv": [0, 0, 0.5, 1], "rotation": 90, "texture": "#0"},
				"up": {"uv": [1, 1, 1.5, 5.5], "rotation": 90, "texture": "#0"},
				"down": {"uv": [0, 0, 0.5, 1], "rotation": 90, "texture": "#0"}
			}
		}
	],
	"gui_light": "front",
	"display": {
		"gui": {
			"rotation": [20, -140, 0],
			"translation": [-0.5, -0.25, 0],
			"scale": [0.55, 0.55, 0.55]
		}
	},
	"groups": [
		{
			"name": "body",
			"origin": [8, 18, 1],
			"color": 0,
			"children": [
				0,
				1,
				2,
				3,
				{
					"name": "body_flipped",
					"origin": [8, 1.2, 1],
					"color": 0,
					"children": [
						{
							"name": "body_sub_1",
							"origin": [8, 1.2, 1],
							"color": 0,
							"children": [4]
						}
					]
				}
			]
		},
		{
			"name": "eye",
			"origin": [8, 17.65, -4.775],
			"color": 0,
			"children": [5]
		},
		{
			"name": "tail1",
			"origin": [8, 18, 1],
			"color": 0,
			"children": [6]
		},
		{
			"name": "tail2",
			"origin": [9.05, 17.65, 10.8],
			"color": 0,
			"children": [7]
		},
		{
			"name": "tail3",
			"origin": [8.7, 17.3, 15],
			"color": 0,
			"children": [8, 9]
		},
		{
			"name": "spine1",
			"origin": [8, 9.95, 5.9],
			"color": 0,
			"children": [
				{
					"name": "spine1_rotation",
					"origin": [8, 11.7, 5.9],
					"color": 0,
					"children": [10]
				}
			]
		},
		{
			"name": "spine2",
			"origin": [8, 9.95, -3.9],
			"color": 0,
			"children": [
				{
					"name": "spine2_rotation",
					"origin": [8, 11.7, -3.9],
					"color": 0,
					"children": [11]
				}
			]
		},
		{
			"name": "spine3",
			"origin": [3.1, 9.95, 1],
			"color": 0,
			"children": [
				{
					"name": "spine3_rotation",
					"origin": [3.1, 11.7, 1],
					"color": 0,
					"children": [12]
				}
			]
		},
		{
			"name": "spine4",
			"origin": [12.9, 9.95, 1],
			"color": 0,
			"children": [
				{
					"name": "spine4_rotation",
					"origin": [12.9, 11.7, 1],
					"color": 0,
					"children": [13]
				}
			]
		},
		{
			"name": "spine5",
			"origin": [12.9, 5.05, -3.9],
			"color": 0,
			"children": [
				{
					"name": "spine5_rotation",
					"origin": [12.9, 6.8, -3.9],
					"color": 0,
					"children": [14]
				}
			]
		},
		{
			"name": "spine6",
			"origin": [3.1, 5.05, -3.9],
			"color": 0,
			"children": [
				{
					"name": "spine6_rotation",
					"origin": [3.1, 6.8, -3.9],
					"color": 0,
					"children": [15]
				}
			]
		},
		{
			"name": "spine8",
			"origin": [12.9, 5.05, 5.9],
			"color": 0,
			"children": [
				{
					"name": "spine8_rotation",
					"origin": [12.9, 6.8, 5.9],
					"color": 0,
					"children": [16]
				}
			]
		},
		{
			"name": "spine10",
			"origin": [8, 0.15, -3.9],
			"color": 0,
			"children": [
				{
					"name": "spine10_rotation",
					"origin": [8, 1.9, -3.9],
					"color": 0,
					"children": [17]
				}
			]
		},
		{
			"name": "spine12",
			"origin": [12.9, 0.15, 1],
			"color": 0,
			"children": [
				{
					"name": "spine12_rotation",
					"origin": [12.9, 1.9, 1],
					"color": 0,
					"children": [18]
				}
			]
		}
	]
}