{
	"credit": "Made with Blockbench",
	"texture_size": [64, 64],
	"textures": {
		"0": "mc_overhaul:item/compendium_icons/bestiary/hoglin",
		"particle": "minecraft:item/emerald"
	},
	"elements": [
		{
			"name": "head_rotation",
			"from": [3.8, 20.2, -3.9],
			"to": [12.2, 23.8, 7.5],
			"rotation": {"angle": -45, "axis": "x", "origin": [8, 9.4, 12.6]},
			"faces": {
				"north": {"uv": [11, 11.25, 14.5, 12.75], "texture": "#0"},
				"east": {"uv": [6.25, 11.25, 11, 12.75], "texture": "#0"},
				"south": {"uv": [6.25, 10.25, 11, 11.25], "texture": "#0"},
				"west": {"uv": [6.25, 10.25, 11, 11.25], "texture": "#0"},
				"up": {"uv": [11, 11.25, 14.5, 6.5], "texture": "#0"},
				"down": {"uv": [6.25, 10.25, 11, 11.25], "texture": "#0"}
			}
		},
		{
			"name": "head_rotation",
			"from": [3.2, 20.8, -0.3],
			"to": [4.4, 27.4, 0.9],
			"rotation": {"angle": -45, "axis": "x", "origin": [8, 9.4, 12.6]},
			"faces": {
				"north": {"uv": [11.5, 3.5, 12, 6.25], "texture": "#0"},
				"east": {"uv": [11, 3.5, 11.5, 6.25], "texture": "#0"},
				"south": {"uv": [11, 3, 11.5, 3.5], "texture": "#0"},
				"west": {"uv": [11, 3, 11.5, 3.5], "texture": "#0"},
				"up": {"uv": [11.5, 3, 12, 3.5], "texture": "#0"},
				"down": {"uv": [11, 3, 11.5, 3.5], "texture": "#0"}
			}
		},
		{
			"name": "head_rotation",
			"from": [11.6, 20.8, -0.3],
			"to": [12.8, 27.4, 0.9],
			"rotation": {"angle": -45, "axis": "x", "origin": [16.4, 9.4, 12.6]},
			"faces": {
				"north": {"uv": [11.5, 3.5, 12, 6.25], "texture": "#0"},
				"east": {"uv": [11, 3.5, 11.5, 6.25], "texture": "#0"},
				"south": {"uv": [11, 3, 11.5, 3.5], "texture": "#0"},
				"west": {"uv": [11, 3, 11.5, 3.5], "texture": "#0"},
				"up": {"uv": [11.5, 3, 12, 3.5], "texture": "#0"},
				"down": {"uv": [11, 3, 11.5, 3.5], "texture": "#0"}
			}
		},
		{
			"name": "left_ear_rotation2",
			"from": [9.4, 19.8, -3.5],
			"to": [13, 20.4, -1.1],
			"rotation": {"angle": 45, "axis": "z", "origin": [16.6, 6, 4.6]},
			"faces": {
				"north": {"uv": [1, 1.25, 2.5, 1.5], "texture": "#0"},
				"east": {"uv": [0, 1.25, 1, 1.5], "texture": "#0"},
				"south": {"uv": [0, 0.25, 1, 1.25], "texture": "#0"},
				"west": {"uv": [0, 0.25, 1, 1.25], "texture": "#0"},
				"up": {"uv": [0, 0.25, 1, 1.25], "texture": "#0"},
				"down": {"uv": [2.5, 0.25, 4, 1.25], "texture": "#0"}
			}
		},
		{
			"name": "right_ear_rotation2",
			"from": [3, 19.8, -3.5],
			"to": [6.6, 20.4, -1.1],
			"rotation": {"angle": -45, "axis": "z", "origin": [-0.6, 6, 4.6]},
			"faces": {
				"north": {"uv": [1, 1.25, 2.5, 1.5], "texture": "#0"},
				"east": {"uv": [0, 1.25, 1, 1.5], "texture": "#0"},
				"south": {"uv": [0, 0.25, 1, 1.25], "texture": "#0"},
				"west": {"uv": [0, 0.25, 1, 1.25], "texture": "#0"},
				"up": {"uv": [1, 0.25, 2.5, 1.25], "texture": "#0"},
				"down": {"uv": [0, 0.25, 1, 1.25], "texture": "#0"}
			}
		},
		{
			"name": "body",
			"from": [3.2, 7.4, -0.5],
			"to": [12.8, 15.8, 15.1],
			"rotation": {"angle": 0, "axis": "y", "origin": [8, 1.4, 4.6]},
			"faces": {
				"north": {"uv": [6.75, 6.75, 10.75, 10.25], "texture": "#0"},
				"east": {"uv": [0.25, 6.75, 6.75, 10.25], "texture": "#0"},
				"south": {"uv": [0.25, 10.25, 10.75, 11.25], "texture": "#0"},
				"west": {"uv": [0.25, 10.25, 10.75, 11.25], "texture": "#0"},
				"up": {"uv": [10.75, 6.75, 6.75, 0.25], "texture": "#0"},
				"down": {"uv": [0.25, 10.25, 10.75, 11.25], "texture": "#0"}
			}
		},
		{
			"name": "mane",
			"from": [8, 14, -2.3],
			"to": [8, 20, 9.1],
			"rotation": {"angle": 0, "axis": "y", "origin": [8, 1.4, 4.6]},
			"faces": {
				"north": {"uv": [12.75, 2.75, 15.75, 3.5], "texture": "#0"},
				"east": {"uv": [11, 0.25, 15.75, 2.75], "texture": "#0"},
				"south": {"uv": [12.75, 2.75, 15.75, 3.5], "texture": "#0"},
				"west": {"uv": [12.75, 2.75, 15.75, 3.5], "texture": "#0"},
				"up": {"uv": [12.75, 2.75, 15.75, 3.5], "texture": "#0"},
				"down": {"uv": [12.75, 2.75, 15.75, 3.5], "texture": "#0"}
			}
		},
		{
			"name": "front_left_leg",
			"from": [3.8, 1.4, 0.1],
			"to": [7.4, 9.8, 3.7],
			"rotation": {"angle": 0, "axis": "y", "origin": [8, 1.4, 4.6]},
			"faces": {
				"north": {"uv": [1.75, 3, 3.25, 6.5], "texture": "#0"},
				"east": {"uv": [0.25, 3, 1.75, 6.5], "texture": "#0"},
				"south": {"uv": [0.25, 2, 3.25, 3], "texture": "#0"},
				"west": {"uv": [0.25, 2, 3.25, 3], "texture": "#0"},
				"up": {"uv": [0.25, 2, 3.25, 3], "texture": "#0"},
				"down": {"uv": [0.25, 2, 3.25, 3], "texture": "#0"}
			}
		},
		{
			"name": "front_right_leg",
			"from": [8.6, 1.4, 0.1],
			"to": [12.2, 9.8, 3.7],
			"rotation": {"angle": 0, "axis": "y", "origin": [8, 1.4, 4.6]},
			"faces": {
				"north": {"uv": [5, 3, 6.5, 6.5], "texture": "#0"},
				"east": {"uv": [3.5, 3, 5, 6.5], "texture": "#0"},
				"south": {"uv": [3.75, 7.25, 6.5, 9.5], "texture": "#0"},
				"west": {"uv": [3.75, 7.25, 6.5, 9.5], "texture": "#0"},
				"up": {"uv": [3.75, 7.25, 6.5, 9.5], "texture": "#0"},
				"down": {"uv": [3.75, 7.25, 6.5, 9.5], "texture": "#0"}
			}
		},
		{
			"name": "back_left_leg",
			"from": [3.8, 1.4, 11.5],
			"to": [6.8, 8, 14.5],
			"rotation": {"angle": 0, "axis": "y", "origin": [8, 1.4, 4.6]},
			"faces": {
				"north": {"uv": [5.25, 0, 6.5, 2.75], "texture": "#0"},
				"east": {"uv": [4, 0, 5.25, 2.75], "texture": "#0"},
				"south": {"uv": [3.5, 3.25, 6.75, 4.75], "texture": "#0"},
				"west": {"uv": [3.5, 3.25, 6.75, 4.75], "texture": "#0"},
				"up": {"uv": [3.5, 3.25, 6.75, 4.75], "texture": "#0"},
				"down": {"uv": [3.5, 3.25, 6.75, 4.75], "texture": "#0"}
			}
		},
		{
			"name": "back_right_leg",
			"from": [9.2, 1.4, 11.5],
			"to": [12.2, 8, 14.5],
			"rotation": {"angle": 0, "axis": "y", "origin": [8, 1.4, 4.6]},
			"faces": {
				"north": {"uv": [5.25, 0, 6.5, 2.75], "texture": "#0"},
				"east": {"uv": [4, 0, 5.25, 2.75], "texture": "#0"},
				"south": {"uv": [4, 2.75, 6.5, 3], "texture": "#0"},
				"west": {"uv": [4, 2.75, 6.5, 3], "texture": "#0"},
				"up": {"uv": [4, 2.75, 6.5, 3], "texture": "#0"},
				"down": {"uv": [4, 2.75, 6.5, 3], "texture": "#0"}
			}
		}
	],
	"gui_light": "front",
	"display": {
		"gui": {
			"rotation": [20, -140, 0],
			"translation": [-2.75, -0.5, 0],
			"scale": [0.85, 0.85, 0.85]
		}
	},
	"groups": [
		{
			"name": "head",
			"origin": [8, 14, -0.5],
			"color": 0,
			"children": [
				{
					"name": "head_rotation",
					"origin": [8, 14, -0.5],
					"color": 0,
					"children": [0, 1, 2]
				}
			]
		},
		{
			"name": "left_ear",
			"origin": [4.4, 15.2, -2.3],
			"color": 0,
			"children": [
				{
					"name": "left_ear_rotation",
					"origin": [8.3, 14.15, -0.5],
					"color": 0,
					"children": [
						{
							"name": "left_ear_rotation2",
							"origin": [4.4, 15.2, -2.3],
							"color": 0,
							"children": [3]
						}
					]
				}
			]
		},
		{
			"name": "right_ear",
			"origin": [11.6, 15.2, -2.3],
			"color": 0,
			"children": [
				{
					"name": "right_ear_rotation",
					"origin": [7.7, 14.15, -0.5],
					"color": 0,
					"children": [
						{
							"name": "right_ear_rotation2",
							"origin": [11.6, 15.2, -2.3],
							"color": 0,
							"children": [4]
						}
					]
				}
			]
		},
		{
			"name": "body",
			"origin": [8, 11.6, 7.3],
			"color": 0,
			"children": [5]
		},
		{
			"name": "mane",
			"origin": [8, 20, 3.1],
			"color": 0,
			"children": [6]
		},
		{
			"name": "front_left_leg",
			"origin": [5.6, 9.8, 1.75],
			"color": 0,
			"children": [7]
		},
		{
			"name": "front_right_leg",
			"origin": [10.4, 9.8, 1.9],
			"color": 0,
			"children": [8]
		},
		{
			"name": "back_left_leg",
			"origin": [5.3, 8, 13],
			"color": 0,
			"children": [9]
		},
		{
			"name": "back_right_leg",
			"origin": [10.7, 8, 13],
			"color": 0,
			"children": [10]
		}
	]
}