{
	"credit": "Made with Blockbench",
	"texture_size": [64, 32],
	"textures": {
		"0": "mc_overhaul:item/compendium_icons/bestiary/horse",
		"particle": "minecraft:item/emerald"
	},
	"elements": [
		{
			"name": "head",
			"from": [5.921, 22.828, 4.574],
			"to": [10.079, 26.293, 9.425],
			"rotation": {"angle": -22.5, "axis": "x", "origin": [8, 3.424, 12.197]},
			"faces": {
				"north": {"uv": [1.75, 3.5, 3.25, 6], "texture": "#0"},
				"east": {"uv": [0, 3.5, 1.75, 6], "texture": "#0"},
				"south": {"uv": [0, 6, 3.25, 8.5], "texture": "#0"},
				"west": {"uv": [0, 6, 3.25, 8.5], "texture": "#0"},
				"up": {"uv": [3.25, 3.5, 1.75, 0], "texture": "#0"},
				"down": {"uv": [0, 6, 3.25, 8.5], "texture": "#0"}
			}
		},
		{
			"name": "mouth",
			"from": [6.614, 22.828, 1.109],
			"to": [9.386, 26.293, 4.574],
			"rotation": {"angle": -22.5, "axis": "x", "origin": [8, 3.424, 12.197]},
			"faces": {
				"north": {"uv": [11, 3.5, 12, 6], "texture": "#0"},
				"east": {"uv": [9.75, 3.5, 11, 6], "texture": "#0"},
				"south": {"uv": [9.75, 1, 11, 3.5], "texture": "#0"},
				"west": {"uv": [9.75, 1, 11, 3.5], "texture": "#0"},
				"up": {"uv": [11, 3.5, 12, 1], "texture": "#0"},
				"down": {"uv": [9.75, 1, 11, 3.5], "texture": "#0"}
			}
		},
		{
			"name": "left_ear",
			"from": [6.23285, 26.293, 8.72507],
			"to": [7.22285, 28.372, 9.41807],
			"rotation": {"angle": -22.5, "axis": "x", "origin": [8, 3.424, 12.197]},
			"faces": {
				"north": {"uv": [0.89286, 1.5, 1.25, 3], "texture": "#0"},
				"east": {"uv": [0.5, 1.5, 0.75, 3], "texture": "#0"},
				"south": {"uv": [0.5, 1, 0.67857, 1.5], "texture": "#0"},
				"west": {"uv": [0.5, 1, 0.75, 1.5], "texture": "#0"},
				"up": {"uv": [0.75, 1, 1.10714, 1.5], "texture": "#0"},
				"down": {"uv": [0.5, 1, 0.67857, 1.5], "texture": "#0"}
			}
		},
		{
			"name": "left_ear",
			"from": [9.40085, 26.293, 8.72507],
			"to": [9.79685, 28.372, 9.41807],
			"rotation": {"angle": -22.5, "axis": "x", "origin": [10.178, 3.424, 12.197]},
			"faces": {
				"north": {"uv": [0.75, 1.5, 0.89286, 3], "texture": "#0"},
				"east": {"uv": [0.5, 1.5, 0.75, 3], "texture": "#0"},
				"south": {"uv": [0.67857, 1, 0.75, 1.5], "texture": "#0"},
				"west": {"uv": [0.5, 1, 0.75, 1.5], "texture": "#0"},
				"up": {"uv": [1.10714, 1, 1.25, 1.5], "texture": "#0"},
				"down": {"uv": [0.67857, 1, 0.75, 1.5], "texture": "#0"}
			}
		},
		{
			"name": "right_ear",
			"from": [8.41085, 26.293, 8.72507],
			"to": [9.79685, 28.372, 9.41807],
			"rotation": {"angle": -22.5, "axis": "x", "origin": [10.178, 3.424, 12.197]},
			"faces": {
				"north": {"uv": [0.75, 1.5, 1.25, 3], "texture": "#0"},
				"east": {"uv": [0.5, 1.5, 0.75, 3], "texture": "#0"},
				"south": {"uv": [0.5, 1, 0.75, 1.5], "texture": "#0"},
				"west": {"uv": [0.5, 1, 0.75, 1.5], "texture": "#0"},
				"up": {"uv": [0.75, 1, 1.25, 1.5], "texture": "#0"},
				"down": {"uv": [0.5, 1, 0.75, 1.5], "texture": "#0"}
			}
		},
		{
			"name": "neck",
			"from": [6.64865, 14.512, 4.574],
			"to": [9.42065, 22.828, 9.425],
			"rotation": {"angle": -22.5, "axis": "x", "origin": [8, 3.424, 12.197]},
			"faces": {
				"north": {"uv": [8.5, 0, 9.5, 6], "texture": "#0"},
				"east": {"uv": [6.75, 0, 8.5, 6], "texture": "#0"},
				"south": {"uv": [6.5, 0, 6.75, 6], "texture": "#0"},
				"west": {"uv": [6.5, 0, 6.75, 6], "texture": "#0"},
				"up": {"uv": [6.5, 0, 6.75, 6], "texture": "#0"},
				"down": {"uv": [6.5, 0, 6.75, 6], "texture": "#0"}
			}
		},
		{
			"name": "mane",
			"from": [7.307, 15.205, 9.425],
			"to": [8.693, 26.293, 10.811],
			"rotation": {"angle": -22.5, "axis": "x", "origin": [8, 3.424, 12.197]},
			"faces": {
				"north": {"uv": [4.75, 6, 5.25, 7], "texture": "#0"},
				"east": {"uv": [4.75, 7, 5.25, 15], "texture": "#0"},
				"south": {"uv": [4.75, 6, 5.25, 7], "texture": "#0"},
				"west": {"uv": [4.75, 6, 5.25, 7], "texture": "#0"},
				"up": {"uv": [4.75, 6, 5.25, 7], "texture": "#0"},
				"down": {"uv": [4.75, 6, 5.25, 7], "texture": "#0"}
			}
		},
		{
			"name": "body",
			"from": [4.50035, 8.04235, 0.57935],
			"to": [11.49965, 15.04165, 15.89465],
			"rotation": {"angle": 0, "axis": "y", "origin": [8, 0.454, 8.237]},
			"faces": {
				"north": {"uv": [12.75, 11, 15.25, 16], "texture": "#0"},
				"east": {"uv": [7.25, 11, 12.75, 16], "texture": "#0"},
				"south": {"uv": [15.25, 0, 16, 16], "texture": "#0"},
				"west": {"uv": [15.25, 0, 16, 16], "texture": "#0"},
				"up": {"uv": [15.25, 11, 12.75, 0], "texture": "#0"},
				"down": {"uv": [15.25, 0, 16, 16], "texture": "#0"}
			}
		},
		{
			"name": "tail",
			"from": [6.9605, 1.741, 19.82],
			"to": [9.0395, 11.443, 22.592],
			"rotation": {"angle": -22.5, "axis": "x", "origin": [8, -3.11, 12.197]},
			"faces": {
				"north": {"uv": [5.75, 6, 6.75, 7], "texture": "#0"},
				"east": {"uv": [5.75, 7, 6.75, 14], "texture": "#0"},
				"south": {"uv": [5.75, 6, 6.75, 7], "texture": "#0"},
				"west": {"uv": [5.75, 6, 6.75, 7], "texture": "#0"},
				"up": {"uv": [5.75, 6, 6.75, 7], "texture": "#0"},
				"down": {"uv": [5.75, 6, 6.75, 7], "texture": "#0"}
			}
		},
		{
			"name": "front_left_leg",
			"from": [4.535, 0.454, 0.6833],
			"to": [7.307, 8.077, 3.4553],
			"rotation": {"angle": 0, "axis": "y", "origin": [8, 0.454, 8.237]},
			"faces": {
				"north": {"uv": [5.5, 0.5, 4.5, 6], "texture": "#0"},
				"east": {"uv": [5.5, 0.5, 6.5, 6], "texture": "#0"},
				"south": {"uv": [3.5, 0, 6.5, 0.5], "texture": "#0"},
				"west": {"uv": [3.5, 0, 6.5, 0.5], "texture": "#0"},
				"up": {"uv": [3.5, 0, 6.5, 0.5], "texture": "#0"},
				"down": {"uv": [3.5, 0, 6.5, 0.5], "texture": "#0"}
			}
		},
		{
			"name": "front_right_leg",
			"from": [8.693, 0.454, 0.6833],
			"to": [11.465, 8.077, 3.4553],
			"rotation": {"angle": 0, "axis": "y", "origin": [8, 0.454, 8.237]},
			"faces": {
				"north": {"uv": [4.5, 0.5, 5.5, 6], "texture": "#0"},
				"east": {"uv": [3.5, 0.5, 4.5, 6], "texture": "#0"},
				"south": {"uv": [3.5, 0, 6.5, 0.5], "texture": "#0"},
				"west": {"uv": [3.5, 0, 6.5, 0.5], "texture": "#0"},
				"up": {"uv": [3.5, 0, 6.5, 0.5], "texture": "#0"},
				"down": {"uv": [3.5, 0, 6.5, 0.5], "texture": "#0"}
			}
		},
		{
			"name": "back_left_leg",
			"from": [4.535, 0.454, 13.088],
			"to": [7.307, 8.077, 15.86],
			"rotation": {"angle": 0, "axis": "y", "origin": [8, 0.454, 8.237]},
			"faces": {
				"north": {"uv": [4.5, 0.5, 5.5, 6], "texture": "#0"},
				"east": {"uv": [5.5, 0.5, 6.5, 6], "texture": "#0"},
				"south": {"uv": [3.5, 0, 6.5, 0.5], "texture": "#0"},
				"west": {"uv": [3.5, 0, 6.5, 0.5], "texture": "#0"},
				"up": {"uv": [3.5, 0, 6.5, 0.5], "texture": "#0"},
				"down": {"uv": [3.5, 0, 6.5, 0.5], "texture": "#0"}
			}
		},
		{
			"name": "back_right_leg",
			"from": [8.693, 0.454, 13.088],
			"to": [11.465, 8.077, 15.86],
			"rotation": {"angle": 0, "axis": "y", "origin": [8, 0.454, 8.237]},
			"faces": {
				"north": {"uv": [4.5, 0.5, 5.5, 6], "texture": "#0"},
				"east": {"uv": [3.5, 0.5, 4.5, 6], "texture": "#0"},
				"south": {"uv": [3.5, 0, 6.5, 0.5], "texture": "#0"},
				"west": {"uv": [3.5, 0, 6.5, 0.5], "texture": "#0"},
				"up": {"uv": [3.5, 0, 6.5, 0.5], "texture": "#0"},
				"down": {"uv": [3.5, 0, 6.5, 0.5], "texture": "#0"}
			}
		}
	],
	"gui_light": "front",
	"display": {
		"gui": {
			"rotation": [20, -140, 0],
			"translation": [-0.75, -1.75, 0],
			"scale": [0.75, 0.75, 0.75]
		}
	},
	"groups": [
		{
			"name": "head",
			"origin": [8, 17, 2],
			"color": 0,
			"children": [0]
		},
		{
			"name": "mouth",
			"origin": [8, 17, 2],
			"color": 0,
			"children": [1]
		},
		{
			"name": "left_ear",
			"origin": [8, 17.7, 1.993],
			"color": 0,
			"children": [2, 3]
		},
		{
			"name": "right_ear",
			"origin": [8, 17.7, 1.993],
			"color": 0,
			"children": [4]
		},
		{
			"name": "neck",
			"origin": [8, 17, 2],
			"color": 0,
			"children": [5]
		},
		{
			"name": "mane",
			"origin": [8, 17, 1.993],
			"color": 0,
			"children": [6]
		},
		{
			"name": "body",
			"origin": [8, 10.7, 12.5],
			"color": 0,
			"children": [7]
		},
		{
			"name": "tail",
			"origin": [8, 16.3, 16],
			"color": 0,
			"children": [8]
		},
		{
			"name": "front_left_leg",
			"origin": [5.2, 8.6, 2],
			"color": 0,
			"children": [9]
		},
		{
			"name": "front_right_leg",
			"origin": [10.8, 8.6, 2],
			"color": 0,
			"children": [10]
		},
		{
			"name": "back_left_leg",
			"origin": [5.2, 8.6, 13.9],
			"color": 0,
			"children": [11]
		},
		{
			"name": "back_right_leg",
			"origin": [10.8, 8.6, 13.9],
			"color": 0,
			"children": [12]
		}
	]
}