{
	"credit": "Made with Blockbench",
	"texture_size": [64, 16],
	"textures": {
		"0": "mc_overhaul:item/compendium_icons/bestiary/husk",
		"particle": "minecraft:item/emerald"
	},
	"elements": [
		{
			"name": "head",
			"from": [5.2, 18, 5.2],
			"to": [10.8, 23.6, 10.8],
			"rotation": {"angle": 0, "axis": "y", "origin": [8, 1.2, 8]},
			"faces": {
				"north": {"uv": [2, 8, 4, 16], "texture": "#0"},
				"east": {"uv": [0, 8, 2, 16], "texture": "#0"},
				"south": {"uv": [0, 0, 2, 8], "texture": "#0"},
				"west": {"uv": [0, 0, 2, 8], "texture": "#0"},
				"up": {"uv": [2, 0, 4, 8], "texture": "#0"},
				"down": {"uv": [0, 0, 2, 8], "texture": "#0"}
			}
		},
		{
			"name": "body",
			"from": [5.2, 9.6, 6.6],
			"to": [10.8, 18, 9.4],
			"rotation": {"angle": 0, "axis": "y", "origin": [8, 1.2, 8]},
			"faces": {
				"north": {"uv": [5.25, 0, 7.25, 12], "texture": "#0"},
				"east": {"uv": [4.25, 0, 5.25, 12], "texture": "#0"},
				"south": {"uv": [4, 0, 4.25, 12], "texture": "#0"},
				"west": {"uv": [4, 0, 4.25, 12], "texture": "#0"},
				"up": {"uv": [4, 0, 4.25, 12], "texture": "#0"},
				"down": {"uv": [4, 0, 4.25, 12], "texture": "#0"}
			}
		},
		{
			"name": "left_arm",
			"from": [2.4, 15.1, 1],
			"to": [5.2, 17.9, 9.4],
			"rotation": {"angle": 0, "axis": "x", "origin": [8, 16.5, -7.4]},
			"faces": {
				"north": {"uv": [9.5, 0, 10.5, 4], "rotation": 180, "texture": "#0"},
				"east": {"uv": [10.5, 4, 9.5, 16], "rotation": 270, "texture": "#0"},
				"south": {"uv": [8.5, 0, 9.5, 4], "texture": "#0"},
				"west": {"uv": [8.5, 0, 9.5, 4], "rotation": 90, "texture": "#0"},
				"up": {"uv": [8.5, 4, 9.5, 16], "rotation": 180, "texture": "#0"},
				"down": {"uv": [8.5, 0, 9.5, 4], "texture": "#0"}
			}
		},
		{
			"name": "right_arm",
			"from": [10.8, 15.1, 1],
			"to": [13.6, 17.9, 9.4],
			"rotation": {"angle": 0, "axis": "x", "origin": [8, 16.5, -7.4]},
			"faces": {
				"north": {"uv": [10.5, 0, 9.5, 4], "rotation": 180, "texture": "#0"},
				"east": {"uv": [7.5, 4, 8.5, 16], "rotation": 270, "texture": "#0"},
				"south": {"uv": [8.5, 0, 9.5, 4], "texture": "#0"},
				"west": {"uv": [8.5, 0, 9.5, 4], "rotation": 90, "texture": "#0"},
				"up": {"uv": [8.5, 4, 9.5, 16], "rotation": 180, "texture": "#0"},
				"down": {"uv": [8.5, 0, 9.5, 4], "texture": "#0"}
			}
		},
		{
			"name": "left_leg",
			"from": [5.2, 1.2, 6.6],
			"to": [8, 9.6, 9.4],
			"rotation": {"angle": 0, "axis": "y", "origin": [8, 1.2, 8]},
			"faces": {
				"north": {"uv": [12.75, 0, 11.75, 12], "texture": "#0"},
				"east": {"uv": [10.75, 0, 11.75, 12], "texture": "#0"},
				"south": {"uv": [10.5, 0, 10.75, 12], "texture": "#0"},
				"west": {"uv": [10.5, 0, 10.75, 12], "texture": "#0"},
				"up": {"uv": [10.5, 0, 10.75, 12], "texture": "#0"},
				"down": {"uv": [10.5, 0, 10.75, 12], "texture": "#0"}
			}
		},
		{
			"name": "right_leg",
			"from": [8, 1.2, 6.6],
			"to": [10.8, 9.6, 9.4],
			"rotation": {"angle": 0, "axis": "y", "origin": [8, 1.2, 8]},
			"faces": {
				"north": {"uv": [11.75, 0, 12.75, 12], "texture": "#0"},
				"east": {"uv": [10.75, 0, 11.75, 12], "texture": "#0"},
				"south": {"uv": [10.5, 0, 10.75, 12], "texture": "#0"},
				"west": {"uv": [10.5, 0, 10.75, 12], "texture": "#0"},
				"up": {"uv": [10.5, 0, 10.75, 12], "texture": "#0"},
				"down": {"uv": [10.5, 0, 10.75, 12], "texture": "#0"}
			}
		}
	],
	"gui_light": "front",
	"display": {
		"gui": {
			"rotation": [20, -140, 0],
			"translation": [-0.75, -3.75, 0],
			"scale": [0.85, 0.85, 0.85]
		}
	},
	"groups": [
		{
			"name": "head",
			"origin": [8, 18, 8],
			"color": 0,
			"children": [0]
		},
		{
			"name": "body",
			"origin": [8, 18, 8],
			"color": 0,
			"children": [1]
		},
		{
			"name": "left_arm",
			"origin": [4.5, 16.6, 8],
			"color": 0,
			"children": [2]
		},
		{
			"name": "right_arm",
			"origin": [11.5, 16.6, 8],
			"color": 0,
			"children": [3]
		},
		{
			"name": "left_leg",
			"origin": [6.67, 9.6, 8],
			"color": 0,
			"children": [4]
		},
		{
			"name": "right_leg",
			"origin": [9.33, 9.6, 8],
			"color": 0,
			"children": [5]
		}
	]
}