{
	"credit": "Made with Blockbench",
	"texture_size": [64, 32],
	"textures": {
		"0": "mc_overhaul:item/compendium_icons/bestiary/illusioner",
		"particle": "minecraft:item/emerald"
	},
	"elements": [
		{
			"name": "head",
			"from": [5.2, 18, 5.2],
			"to": [10.8, 25, 10.8],
			"rotation": {"angle": 0, "axis": "y", "origin": [8, 1.2, 8]},
			"faces": {
				"north": {"uv": [2, 4, 4, 9], "texture": "#0"},
				"east": {"uv": [0, 4, 2, 9], "texture": "#0"},
				"south": {"uv": [1.5, 0, 2, 4], "texture": "#0"},
				"west": {"uv": [1.5, 0, 2, 4], "texture": "#0"},
				"up": {"uv": [2, 0, 4, 4], "texture": "#0"},
				"down": {"uv": [1.5, 0, 2, 4], "texture": "#0"}
			}
		},
		{
			"name": "nose",
			"from": [7.3, 17.3, 3.8],
			"to": [8.7, 20.1, 5.2],
			"rotation": {"angle": 0, "axis": "y", "origin": [8, 1.2, 8]},
			"faces": {
				"north": {"uv": [1, 1.5, 1.5, 3.5], "texture": "#0"},
				"east": {"uv": [0.5, 1.5, 1, 3.5], "texture": "#0"},
				"south": {"uv": [0.5, 0.5, 1, 1.5], "texture": "#0"},
				"west": {"uv": [0.5, 0.5, 1, 1.5], "texture": "#0"},
				"up": {"uv": [1, 0.5, 1.5, 1.5], "texture": "#0"},
				"down": {"uv": [0.5, 0.5, 1, 1.5], "texture": "#0"}
			}
		},
		{
			"name": "hat",
			"from": [4.885, 16.985, 4.885],
			"to": [11.115, 25.315, 11.115],
			"rotation": {"angle": 0, "axis": "y", "origin": [8, 1.2, 8]},
			"faces": {
				"north": {"uv": [14, 10.5, 16, 16], "texture": "#0"},
				"east": {"uv": [12, 10.5, 14, 16], "texture": "#0"},
				"south": {"uv": [9, 10.5, 11.25, 16], "texture": "#0"},
				"west": {"uv": [9, 10.5, 11.25, 16], "texture": "#0"},
				"up": {"uv": [14, 6.5, 16, 10.5], "texture": "#0"},
				"down": {"uv": [9, 10.5, 11.25, 16], "texture": "#0"}
			}
		},
		{
			"name": "body",
			"from": [5.2, 9.6, 5.9],
			"to": [10.8, 18, 10.1],
			"rotation": {"angle": 0, "axis": "y", "origin": [8, 1.2, 8]},
			"faces": {
				"north": {"uv": [6.5, 0, 8.5, 6], "texture": "#0"},
				"east": {"uv": [6.25, 0, 6.5, 6], "texture": "#0"},
				"south": {"uv": [6.25, 0, 6.5, 6], "texture": "#0"},
				"west": {"uv": [6.25, 0, 6.5, 6], "texture": "#0"},
				"up": {"uv": [6.25, 0, 6.5, 6], "texture": "#0"},
				"down": {"uv": [6.25, 0, 6.5, 6], "texture": "#0"}
			}
		},
		{
			"name": "body",
			"from": [4.85, 3.65, 5.55],
			"to": [11.15, 18.35, 10.45],
			"rotation": {"angle": 0, "axis": "y", "origin": [8, 1.2, 8]},
			"faces": {
				"north": {"uv": [10, 0, 12, 10], "texture": "#0"},
				"east": {"uv": [8.5, 0, 10, 10], "texture": "#0"},
				"south": {"uv": [12, 0, 12.25, 7], "texture": "#0"},
				"west": {"uv": [12, 0, 12.25, 7], "texture": "#0"},
				"up": {"uv": [12, 0, 12.25, 7], "texture": "#0"},
				"down": {"uv": [12, 0, 12.25, 7], "texture": "#0"}
			}
		},
		{
			"name": "arms",
			"from": [5.2, 14.735, -5.135],
			"to": [10.8, 17.535, -2.335],
			"rotation": {"angle": 45, "axis": "x", "origin": [8, 4.2, -3]},
			"faces": {
				"north": {"uv": [4.25, 8.5, 6.25, 10.5], "texture": "#0"},
				"east": {"uv": [4, 6.5, 4.25, 10.5], "texture": "#0"},
				"south": {"uv": [4, 6.5, 4.25, 10.5], "texture": "#0"},
				"west": {"uv": [4, 6.5, 4.25, 10.5], "texture": "#0"},
				"up": {"uv": [4, 6.5, 4.25, 10.5], "texture": "#0"},
				"down": {"uv": [6.25, 6.5, 4.25, 8.5], "texture": "#0"}
			}
		},
		{
			"name": "arms",
			"from": [10.8, 14.735, -5.135],
			"to": [13.6, 20.335, -2.335],
			"rotation": {"angle": 45, "axis": "x", "origin": [8, 4.2, -3]},
			"faces": {
				"north": {"uv": [13.25, 2.5, 14.25, 6.5], "texture": "#0"},
				"east": {"uv": [12.25, 2.5, 13.25, 6.5], "texture": "#0"},
				"south": {"uv": [13.25, 0.5, 14.25, 2.5], "texture": "#0"},
				"west": {"uv": [13.25, 0.5, 14.25, 2.5], "texture": "#0"},
				"up": {"uv": [13.25, 0.5, 14.25, 2.5], "texture": "#0"},
				"down": {"uv": [15.25, 0.5, 14.25, 2.5], "texture": "#0"}
			}
		},
		{
			"name": "mirrored",
			"from": [2.4, 14.735, -5.135],
			"to": [5.2, 20.335, -2.335],
			"rotation": {"angle": 45, "axis": "x", "origin": [8, 4.2, -3]},
			"faces": {
				"north": {"uv": [14.25, 2.5, 13.25, 6.5], "texture": "#0"},
				"east": {"uv": [14.25, 2.5, 15.25, 6.5], "texture": "#0"},
				"south": {"uv": [9.5, 2, 11.25, 8], "texture": "#0"},
				"west": {"uv": [9.5, 2, 11.25, 8], "texture": "#0"},
				"up": {"uv": [9.5, 2, 11.25, 8], "texture": "#0"},
				"down": {"uv": [14.25, 0.5, 15.25, 2.5], "texture": "#0"}
			}
		},
		{
			"name": "left_leg",
			"from": [5.2, 1.2, 6.6],
			"to": [8, 9.6, 9.4],
			"rotation": {"angle": 0, "axis": "y", "origin": [8, 1.2, 8]},
			"faces": {
				"north": {"uv": [5.25, 0, 6.25, 6], "texture": "#0"},
				"east": {"uv": [4, 0, 4.25, 6], "texture": "#0"},
				"south": {"uv": [4, 0, 4.25, 6], "texture": "#0"},
				"west": {"uv": [4, 0, 4.25, 6], "texture": "#0"},
				"up": {"uv": [4, 0, 4.25, 6], "texture": "#0"},
				"down": {"uv": [4, 0, 4.25, 6], "texture": "#0"}
			}
		},
		{
			"name": "right_leg",
			"from": [8, 1.2, 6.6],
			"to": [10.8, 9.6, 9.4],
			"rotation": {"angle": 0, "axis": "y", "origin": [8, 1.2, 8]},
			"faces": {
				"north": {"uv": [5.25, 0, 6.25, 6], "texture": "#0"},
				"east": {"uv": [4.25, 0, 5.25, 6], "texture": "#0"},
				"south": {"uv": [4, 0, 4.25, 6], "texture": "#0"},
				"west": {"uv": [4, 0, 4.25, 6], "texture": "#0"},
				"up": {"uv": [4, 0, 4.25, 6], "texture": "#0"},
				"down": {"uv": [4, 0, 4.25, 6], "texture": "#0"}
			}
		}
	],
	"gui_light": "front",
	"display": {
		"gui": {
			"rotation": [20, -140, 0],
			"translation": [-0.5, -4.25, 0],
			"scale": [0.84, 0.84, 0.84]
		}
	},
	"groups": [
		{
			"name": "head",
			"origin": [8, 18, 8],
			"color": 0,
			"children": [0]
		},
		{
			"name": "nose",
			"origin": [8, 19.4, 8],
			"color": 0,
			"children": [1]
		},
		{
			"name": "hat",
			"origin": [8, 18, 8],
			"color": 0,
			"children": [2]
		},
		{
			"name": "body",
			"origin": [8, 18, 8],
			"color": 0,
			"children": [3, 4]
		},
		{
			"name": "arms",
			"origin": [8, 15.935, 7.265],
			"color": 0,
			"children": [
				5,
				6,
				{
					"name": "mirrored",
					"origin": [8, 1.2, 8],
					"color": 0,
					"children": [7]
				}
			]
		},
		{
			"name": "left_leg",
			"origin": [6.6, 9.6, 8],
			"color": 0,
			"children": [8]
		},
		{
			"name": "right_leg",
			"origin": [9.4, 9.6, 8],
			"color": 0,
			"children": [9]
		}
	]
}