{
	"credit": "Made with Blockbench",
	"texture_size": [128, 64],
	"textures": {
		"0": "mc_overhaul:item/compendium_icons/bestiary/iron_golem",
		"particle": "minecraft:item/emerald"
	},
	"elements": [
		{
			"name": "body",
			"from": [3.59, 11.1, 5.06],
			"to": [12.41, 16.98, 10.45],
			"rotation": {"angle": 0, "axis": "y", "origin": [8, 0.81, 8]},
			"faces": {
				"north": {"uv": [9.875, 2.75, 12.125, 5.75], "texture": "#0"},
				"east": {"uv": [8.5, 2.75, 9.875, 5.75], "texture": "#0"},
				"south": {"uv": [12.125, 0, 12.75, 5.75], "texture": "#0"},
				"west": {"uv": [12.125, 0, 12.75, 5.75], "texture": "#0"},
				"up": {"uv": [12.125, 2.75, 9.875, 0], "texture": "#0"},
				"down": {"uv": [12.125, 0, 12.75, 5.75], "texture": "#0"}
			}
		},
		{
			"name": "body",
			"from": [5.55, 8.405, 6.285],
			"to": [10.45, 11.345, 9.715],
			"rotation": {"angle": 0, "axis": "y", "origin": [8, 0.81, 8]},
			"faces": {
				"north": {"uv": [8.625, 0, 9.75, 1.25], "texture": "#0"},
				"east": {"uv": [7.875, 0, 8.625, 1.25], "texture": "#0"},
				"south": {"uv": [7.875, 1.25, 9.75, 2.25], "texture": "#0"},
				"west": {"uv": [7.875, 1.25, 9.75, 2.25], "texture": "#0"},
				"up": {"uv": [7.875, 1.25, 9.75, 2.25], "texture": "#0"},
				"down": {"uv": [7.875, 1.25, 9.75, 2.25], "texture": "#0"}
			}
		},
		{
			"name": "head",
			"from": [6.04, 16.98, 4.325],
			"to": [9.96, 21.88, 8.245],
			"rotation": {"angle": 0, "axis": "y", "origin": [8, 0.81, 8]},
			"faces": {
				"north": {"uv": [1, 2, 2, 4.5], "texture": "#0"},
				"east": {"uv": [0, 2, 1, 4.5], "texture": "#0"},
				"south": {"uv": [2.25, 1.5, 4.125, 4.25], "texture": "#0"},
				"west": {"uv": [2.25, 1.5, 4.125, 4.25], "texture": "#0"},
				"up": {"uv": [1, 2, 2, 0], "texture": "#0"},
				"down": {"uv": [2.25, 1.5, 4.125, 4.25], "texture": "#0"}
			}
		},
		{
			"name": "head",
			"from": [7.51, 16.49, 3.345],
			"to": [8.49, 18.45, 4.325],
			"rotation": {"angle": 0, "axis": "y", "origin": [8, 0.81, 8]},
			"faces": {
				"north": {"uv": [0.5, 0.75, 0.75, 1.75], "texture": "#0"},
				"east": {"uv": [0.25, 0.75, 0.5, 1.75], "texture": "#0"},
				"south": {"uv": [0.25, 0.25, 0.5, 0.75], "texture": "#0"},
				"west": {"uv": [0.25, 0.25, 0.5, 0.75], "texture": "#0"},
				"up": {"uv": [0.5, 0.75, 0.75, 0.25], "texture": "#0"},
				"down": {"uv": [0.25, 0.25, 0.5, 0.75], "texture": "#0"}
			}
		},
		{
			"name": "right_arm",
			"from": [12.41, 2.525, 6.53],
			"to": [14.37, 17.225, 9.47],
			"rotation": {"angle": 0, "axis": "y", "origin": [8, 0.81, 8]},
			"faces": {
				"north": {"uv": [5.875, 1.5, 6.375, 9], "texture": "#0"},
				"east": {"uv": [5.125, 1.5, 5.875, 9], "texture": "#0"},
				"south": {"uv": [5.125, 0, 5.875, 1.5], "texture": "#0"},
				"west": {"uv": [5.125, 0, 5.875, 1.5], "texture": "#0"},
				"up": {"uv": [5.875, 0, 6.375, 1.5], "texture": "#0"},
				"down": {"uv": [5.125, 0, 5.875, 1.5], "texture": "#0"}
			}
		},
		{
			"name": "left_arm",
			"from": [1.63, 2.525, 6.53],
			"to": [3.59, 17.225, 9.47],
			"rotation": {"angle": 0, "axis": "y", "origin": [8, 0.81, 8]},
			"faces": {
				"north": {"uv": [7.25, 1.5, 7.75, 9], "texture": "#0"},
				"east": {"uv": [6.5, 1.5, 7.25, 9], "texture": "#0"},
				"south": {"uv": [8.25, 1.5, 9.875, 5.25], "texture": "#0"},
				"west": {"uv": [8.25, 1.5, 9.875, 5.25], "texture": "#0"},
				"up": {"uv": [7.75, 0, 7.25, 1.5], "texture": "#0"},
				"down": {"uv": [8.25, 1.5, 9.875, 5.25], "texture": "#0"}
			}
		},
		{
			"name": "right_leg",
			"from": [8.735, 0.81, 6.53],
			"to": [11.675, 8.65, 8.98],
			"rotation": {"angle": 0, "axis": "y", "origin": [8, 0.81, 8]},
			"faces": {
				"north": {"uv": [2.75, 1.25, 3.5, 5.25], "texture": "#0"},
				"east": {"uv": [2.125, 1.25, 2.75, 5.25], "texture": "#0"},
				"south": {"uv": [2.125, 0, 2.75, 1.25], "texture": "#0"},
				"west": {"uv": [2.125, 0, 2.75, 1.25], "texture": "#0"},
				"up": {"uv": [2.75, 0, 3.5, 1.25], "texture": "#0"},
				"down": {"uv": [2.125, 0, 2.75, 1.25], "texture": "#0"}
			}
		},
		{
			"name": "left_leg",
			"from": [4.325, 0.81, 6.53],
			"to": [7.265, 8.65, 8.98],
			"rotation": {"angle": 0, "axis": "y", "origin": [8, 0.81, 8]},
			"faces": {
				"north": {"uv": [4.25, 1.25, 5, 5.25], "texture": "#0"},
				"east": {"uv": [3.625, 1.25, 4.25, 5.25], "texture": "#0"},
				"south": {"uv": [5.25, 1, 6.625, 4.5], "texture": "#0"},
				"west": {"uv": [5.25, 1, 6.625, 4.5], "texture": "#0"},
				"up": {"uv": [4.25, 0, 5, 1.25], "texture": "#0"},
				"down": {"uv": [5.25, 1, 6.625, 4.5], "texture": "#0"}
			}
		}
	],
	"gui_light": "front",
	"display": {
		"gui": {
			"rotation": [20, -140, 0],
			"translation": [0, -2.25, 0],
			"scale": [0.95, 0.95, 0.95]
		}
	},
	"groups": [
		{
			"name": "body",
			"origin": [8, 16, 8],
			"color": 0,
			"children": [0, 1]
		},
		{
			"name": "head",
			"origin": [8, 16, 7.02],
			"color": 0,
			"children": [2, 3]
		},
		{
			"name": "right_arm",
			"origin": [8, 16, 8],
			"color": 0,
			"children": [4]
		},
		{
			"name": "left_arm",
			"origin": [8, 16, 8],
			"color": 0,
			"children": [5]
		},
		{
			"name": "right_leg",
			"origin": [9.96, 7.18, 8],
			"color": 0,
			"children": [6]
		},
		{
			"name": "left_leg",
			"origin": [5.55, 7.18, 8],
			"color": 0,
			"children": [7]
		}
	]
}