{
	"credit": "Made with Blockbench",
	"texture_size": [64, 32],
	"textures": {
		"0": "mc_overhaul:item/compendium_icons/bestiary/llama",
		"particle": "minecraft:item/emerald"
	},
	"elements": [
		{
			"name": "head",
			"from": [6.6, 20, -3],
			"to": [9.4, 22.8, 3.3],
			"rotation": {"angle": 0, "axis": "y", "origin": [8, 1.1, 8.2]},
			"faces": {
				"north": {"uv": [2.25, 4.5, 3.25, 6.5], "texture": "#0"},
				"east": {"uv": [0, 4.5, 2.25, 6.5], "texture": "#0"},
				"south": {"uv": [1.5, 0, 2.25, 4.5], "texture": "#0"},
				"west": {"uv": [1.5, 0, 2.25, 4.5], "texture": "#0"},
				"up": {"uv": [2.25, 0, 3.25, 4.5], "texture": "#0"},
				"down": {"uv": [1.5, 0, 2.25, 4.5], "texture": "#0"}
			}
		},
		{
			"name": "head",
			"from": [5.2, 11.6, -0.2],
			"to": [10.8, 24.2, 4],
			"rotation": {"angle": 0, "axis": "y", "origin": [8, 1.1, 8.2]},
			"faces": {
				"north": {"uv": [5, 3, 7, 12], "texture": "#0"},
				"east": {"uv": [3.5, 3, 5.25, 12], "texture": "#0"},
				"south": {"uv": [3.5, 0, 5, 3], "texture": "#0"},
				"west": {"uv": [3.5, 0, 5, 3], "texture": "#0"},
				"up": {"uv": [5, 0, 7, 3], "texture": "#0"},
				"down": {"uv": [3.5, 0, 5, 3], "texture": "#0"}
			}
		},
		{
			"name": "head",
			"from": [5.2, 24.2, 1.2],
			"to": [7.3, 26.3, 2.6],
			"rotation": {"angle": 0, "axis": "y", "origin": [8, 1.1, 8.2]},
			"faces": {
				"north": {"uv": [0.75, 1.5, 1.5, 3], "texture": "#0"},
				"east": {"uv": [0.25, 1.5, 0.75, 3], "texture": "#0"},
				"south": {"uv": [0.25, 0.5, 0.75, 1.5], "texture": "#0"},
				"west": {"uv": [0.25, 0.5, 0.75, 1.5], "texture": "#0"},
				"up": {"uv": [0.75, 0.5, 1.5, 1.5], "texture": "#0"},
				"down": {"uv": [0.25, 0.5, 0.75, 1.5], "texture": "#0"}
			}
		},
		{
			"name": "head",
			"from": [8.7, 24.2, 1.2],
			"to": [10.8, 26.3, 2.6],
			"rotation": {"angle": 0, "axis": "y", "origin": [11.5, 1.1, 8.2]},
			"faces": {
				"north": {"uv": [0.75, 1.5, 1.5, 3], "texture": "#0"},
				"east": {"uv": [0.25, 1.5, 0.75, 3], "texture": "#0"},
				"south": {"uv": [0.25, 0.5, 0.75, 1.5], "texture": "#0"},
				"west": {"uv": [0.25, 0.5, 0.75, 1.5], "texture": "#0"},
				"up": {"uv": [0.75, 0.5, 1.5, 1.5], "texture": "#0"},
				"down": {"uv": [0.25, 0.5, 0.75, 1.5], "texture": "#0"}
			}
		},
		{
			"name": "body",
			"from": [3.8, 9.6, 2.6],
			"to": [12.2, 16.6, 15.2],
			"rotation": {"angle": 0, "axis": "x", "origin": [8, 13.1, 22.9]},
			"faces": {
				"north": {"uv": [9.75, 5, 12.75, 14], "rotation": 180, "texture": "#0"},
				"east": {"uv": [7.25, 5, 9.75, 14], "rotation": 90, "texture": "#0"},
				"south": {"uv": [7.25, 0, 9.75, 5], "texture": "#0"},
				"west": {"uv": [7.25, 0, 9.75, 5], "rotation": 270, "texture": "#0"},
				"up": {"uv": [9.75, 0, 12.75, 5], "texture": "#0"},
				"down": {"uv": [7.25, 0, 9.75, 5], "rotation": 180, "texture": "#0"}
			}
		},
		{
			"name": "leg1",
			"from": [9.05, 1.1, 11],
			"to": [11.85, 10.9, 13.8],
			"rotation": {"angle": 0, "axis": "y", "origin": [8, 1.1, 8.2]},
			"faces": {
				"north": {"uv": [14, 0, 15, 7], "texture": "#0"},
				"east": {"uv": [13, 0, 14, 7], "texture": "#0"},
				"south": {"uv": [12.75, 0, 13, 7], "texture": "#0"},
				"west": {"uv": [12.75, 0, 13, 7], "texture": "#0"},
				"up": {"uv": [12.75, 0, 13, 7], "texture": "#0"},
				"down": {"uv": [12.75, 0, 13, 7], "texture": "#0"}
			}
		},
		{
			"name": "leg2",
			"from": [4.15, 1.1, 11],
			"to": [6.95, 10.9, 13.8],
			"rotation": {"angle": 0, "axis": "y", "origin": [3.1, 1.1, 8.2]},
			"faces": {
				"north": {"uv": [14, 0, 15, 7], "texture": "#0"},
				"east": {"uv": [13, 0, 14, 7], "texture": "#0"},
				"south": {"uv": [12.75, 0, 13, 7], "texture": "#0"},
				"west": {"uv": [12.75, 0, 13, 7], "texture": "#0"},
				"up": {"uv": [12.75, 0, 13, 7], "texture": "#0"},
				"down": {"uv": [12.75, 0, 13, 7], "texture": "#0"}
			}
		},
		{
			"name": "leg3",
			"from": [9.05, 1.1, 3.3],
			"to": [11.85, 10.9, 6.1],
			"rotation": {"angle": 0, "axis": "y", "origin": [8, 1.1, 0.5]},
			"faces": {
				"north": {"uv": [14, 0, 15, 7], "texture": "#0"},
				"east": {"uv": [13, 0, 14, 7], "texture": "#0"},
				"south": {"uv": [12.75, 0, 13, 7], "texture": "#0"},
				"west": {"uv": [12.75, 0, 13, 7], "texture": "#0"},
				"up": {"uv": [12.75, 0, 13, 7], "texture": "#0"},
				"down": {"uv": [12.75, 0, 13, 7], "texture": "#0"}
			}
		},
		{
			"name": "leg4",
			"from": [4.15, 1.1, 3.3],
			"to": [6.95, 10.9, 6.1],
			"rotation": {"angle": 0, "axis": "y", "origin": [3.1, 1.1, 0.5]},
			"faces": {
				"north": {"uv": [14, 0, 15, 7], "texture": "#0"},
				"east": {"uv": [13, 0, 14, 7], "texture": "#0"},
				"south": {"uv": [12.75, 0, 13, 7], "texture": "#0"},
				"west": {"uv": [12.75, 0, 13, 7], "texture": "#0"},
				"up": {"uv": [12.75, 0, 13, 7], "texture": "#0"},
				"down": {"uv": [12.75, 0, 13, 7], "texture": "#0"}
			}
		}
	],
	"gui_light": "front",
	"display": {
		"gui": {
			"rotation": [20, -140, 0],
			"translation": [0, -2.75, 0],
			"scale": [0.8, 0.8, 0.8]
		}
	},
	"groups": [
		{
			"name": "head",
			"origin": [8, 13, 4],
			"color": 0,
			"children": [0, 1, 2, 3]
		},
		{
			"name": "body",
			"origin": [8, 14.4, 9.6],
			"color": 0,
			"children": [4]
		},
		{
			"name": "leg1",
			"origin": [10.45, 10.9, 12.4],
			"color": 0,
			"children": [5]
		},
		{
			"name": "leg2",
			"origin": [5.55, 10.9, 12.4],
			"color": 0,
			"children": [6]
		},
		{
			"name": "leg3",
			"origin": [10.45, 10.9, 4.7],
			"color": 0,
			"children": [7]
		},
		{
			"name": "leg4",
			"origin": [5.55, 10.9, 4.7],
			"color": 0,
			"children": [8]
		}
	]
}