{
	"credit": "Made with Blockbench",
	"texture_size": [32, 32],
	"textures": {
		"0": "mc_overhaul:item/compendium_icons/bestiary/magma_cube",
		"particle": "minecraft:item/emerald"
	},
	"elements": [
		{
			"name": "segment1",
			"from": [4, 16, 4],
			"to": [12, 17, 12],
			"rotation": {"angle": 0, "axis": "y", "origin": [8, 9, 8]},
			"faces": {
				"north": {"uv": [4, 4, 8, 4.5], "texture": "#0"},
				"east": {"uv": [0, 4, 4, 4.5], "texture": "#0"},
				"south": {"uv": [0, 3, 4, 4], "texture": "#0"},
				"west": {"uv": [0, 3, 4, 4], "texture": "#0"},
				"up": {"uv": [8, 4, 4, 0], "texture": "#0"},
				"down": {"uv": [0, 3, 4, 4], "texture": "#0"}
			}
		},
		{
			"name": "segment2",
			"from": [4, 14, 4],
			"to": [12, 15, 12],
			"rotation": {"angle": 0, "axis": "y", "origin": [8, 7, 8]},
			"faces": {
				"north": {"uv": [4, 4, 8, 4.5], "texture": "#0"},
				"east": {"uv": [0, 4, 4, 4.5], "texture": "#0"},
				"south": {"uv": [0, 3, 4, 4], "texture": "#0"},
				"west": {"uv": [0, 3, 4, 4], "texture": "#0"},
				"up": {"uv": [8, 4, 4, 0], "texture": "#0"},
				"down": {"uv": [0, 3, 4, 4], "texture": "#0"}
			}
		},
		{
			"name": "segment3",
			"from": [4, 12, 4],
			"to": [12, 13, 12],
			"rotation": {"angle": 0, "axis": "y", "origin": [8, 7, 8]},
			"faces": {
				"north": {"uv": [12, 4, 16, 4.5], "texture": "#0"},
				"east": {"uv": [8, 4, 12, 4.5], "texture": "#0"},
				"south": {"uv": [8, 0, 12, 4], "texture": "#0"},
				"west": {"uv": [8, 0, 12, 4], "texture": "#0"},
				"up": {"uv": [16, 4, 12, 0], "texture": "#0"},
				"down": {"uv": [8, 0, 12, 4], "texture": "#0"}
			}
		},
		{
			"name": "segment4",
			"from": [4, 10, 4],
			"to": [12, 11, 12],
			"rotation": {"angle": 0, "axis": "y", "origin": [8, 6, 8]},
			"faces": {
				"north": {"uv": [12, 8.5, 16, 9], "texture": "#0"},
				"east": {"uv": [8, 8.5, 12, 9], "texture": "#0"},
				"south": {"uv": [5, 6.5, 7, 9.5], "texture": "#0"},
				"west": {"uv": [5, 6.5, 7, 9.5], "texture": "#0"},
				"up": {"uv": [16, 8.5, 12, 4.5], "texture": "#0"},
				"down": {"uv": [5, 6.5, 7, 9.5], "texture": "#0"}
			}
		},
		{
			"name": "segment5",
			"from": [4, 7, 4],
			"to": [12, 8, 12],
			"rotation": {"angle": 0, "axis": "y", "origin": [8, 0, 8]},
			"faces": {
				"north": {"uv": [4, 4, 8, 4.5], "texture": "#0"},
				"east": {"uv": [0, 4, 4, 4.5], "texture": "#0"},
				"south": {"uv": [0, 3, 4, 4], "texture": "#0"},
				"west": {"uv": [0, 3, 4, 4], "texture": "#0"},
				"up": {"uv": [8, 4, 4, 0], "texture": "#0"},
				"down": {"uv": [0, 3, 4, 4], "texture": "#0"}
			}
		},
		{
			"name": "segment6",
			"from": [4, 4, 4],
			"to": [12, 5, 12],
			"rotation": {"angle": 0, "axis": "y", "origin": [8, -3, 8]},
			"faces": {
				"north": {"uv": [4, 4, 8, 4.5], "texture": "#0"},
				"east": {"uv": [0, 4, 4, 4.5], "texture": "#0"},
				"south": {"uv": [0, 3, 4, 4], "texture": "#0"},
				"west": {"uv": [0, 3, 4, 4], "texture": "#0"},
				"up": {"uv": [8, 4, 4, 0], "texture": "#0"},
				"down": {"uv": [0, 3, 4, 4], "texture": "#0"}
			}
		},
		{
			"name": "segment7",
			"from": [4, 2, 4],
			"to": [12, 3, 12],
			"rotation": {"angle": 0, "axis": "y", "origin": [8, -5, 8]},
			"faces": {
				"north": {"uv": [4, 4, 8, 4.5], "texture": "#0"},
				"east": {"uv": [0, 4, 4, 4.5], "texture": "#0"},
				"south": {"uv": [0, 3, 4, 4], "texture": "#0"},
				"west": {"uv": [0, 3, 4, 4], "texture": "#0"},
				"up": {"uv": [8, 4, 4, 0], "texture": "#0"},
				"down": {"uv": [0, 3, 4, 4], "texture": "#0"}
			}
		},
		{
			"name": "segment8",
			"from": [4, 0, 4],
			"to": [12, 1, 12],
			"rotation": {"angle": 0, "axis": "y", "origin": [8, -7, 8]},
			"faces": {
				"north": {"uv": [4, 4, 8, 4.5], "texture": "#0"},
				"east": {"uv": [0, 4, 4, 4.5], "texture": "#0"},
				"south": {"uv": [0, 3, 4, 4], "texture": "#0"},
				"west": {"uv": [0, 3, 4, 4], "texture": "#0"},
				"up": {"uv": [8, 4, 4, 0], "texture": "#0"},
				"down": {"uv": [0, 3, 4, 4], "texture": "#0"}
			}
		},
		{
			"name": "core",
			"from": [6, 5, 6],
			"to": [10, 9, 10],
			"rotation": {"angle": 0, "axis": "y", "origin": [8, 3, 8]},
			"faces": {
				"north": {"uv": [2, 1, 4, 3], "texture": "#0"},
				"east": {"uv": [0, 1, 2, 3], "texture": "#0"},
				"south": {"uv": [0, 0, 4, 1], "texture": "#0"},
				"west": {"uv": [0, 0, 4, 1], "texture": "#0"},
				"up": {"uv": [0, 0, 4, 1], "texture": "#0"},
				"down": {"uv": [0, 0, 4, 1], "texture": "#0"}
			}
		}
	],
	"gui_light": "front",
	"display": {
		"gui": {
			"rotation": [20, -140, 0],
			"translation": [0.25, -0.5, 0],
			"scale": [1, 1, 1]
		}
	},
	"groups": [
		{
			"name": "segment1",
			"origin": [8, 24, 8],
			"color": 0,
			"children": [0]
		},
		{
			"name": "segment2",
			"origin": [8, 24, 8],
			"color": 0,
			"children": [1]
		},
		{
			"name": "segment3",
			"origin": [8, 24, 8],
			"color": 0,
			"children": [2]
		},
		{
			"name": "segment4",
			"origin": [8, 24, 8],
			"color": 0,
			"children": [3]
		},
		{
			"name": "segment5",
			"origin": [8, 24, 8],
			"color": 0,
			"children": [4]
		},
		{
			"name": "segment6",
			"origin": [8, 24, 8],
			"color": 0,
			"children": [5]
		},
		{
			"name": "segment7",
			"origin": [8, 24, 8],
			"color": 0,
			"children": [6]
		},
		{
			"name": "segment8",
			"origin": [8, 24, 8],
			"color": 0,
			"children": [7]
		},
		{
			"name": "core",
			"origin": [8, 24, 8],
			"color": 0,
			"children": [8]
		}
	]
}