{
	"credit": "Made with Blockbench",
	"texture_size": [64, 32],
	"textures": {
		"0": "mc_overhaul:item/compendium_icons/bestiary/mooshroom",
		"particle": "minecraft:item/emerald"
	},
	"elements": [
		{
			"name": "head1",
			"from": [7, 17.7, -2],
			"to": [7, 21.7, 4],
			"rotation": {"angle": 0, "axis": "y", "origin": [10, -10.3, -2]},
			"faces": {
				"north": {"uv": [10, 0.5, 10, 4], "texture": "#0"},
				"east": {"uv": [8, 0.5, 10, 4], "texture": "#0"},
				"south": {"uv": [10, 0.5, 10, 4], "texture": "#0"},
				"west": {"uv": [10, 0.5, 10, 4], "texture": "#0"},
				"up": {"uv": [10, 4, 10, 0.5], "texture": "#0"},
				"down": {"uv": [10, 0.5, 10, 4], "texture": "#0"}
			}
		},
		{
			"name": "head2",
			"from": [4, 17.7, 1],
			"to": [10, 21.7, 1],
			"rotation": {"angle": 0, "axis": "y", "origin": [4, -10.3, -2]},
			"faces": {
				"north": {"uv": [8, 0.5, 10, 4], "texture": "#0"},
				"east": {"uv": [10, 0.5, 10, 4], "texture": "#0"},
				"south": {"uv": [10, 0.5, 10, 4], "texture": "#0"},
				"west": {"uv": [10, 0.5, 10, 4], "texture": "#0"},
				"up": {"uv": [10, 4, 10, 0.5], "texture": "#0"},
				"down": {"uv": [10, 4, 10, 0.5], "texture": "#0"}
			}
		},
		{
			"name": "torso1",
			"from": [5, 16.4, 9],
			"to": [5, 20.4, 15],
			"rotation": {"angle": 22.5, "axis": "y", "origin": [8, -11.6, 9]},
			"faces": {
				"north": {"uv": [10, 0.5, 10, 4], "texture": "#0"},
				"east": {"uv": [8, 0.5, 10, 4], "texture": "#0"},
				"south": {"uv": [10, 0.5, 10, 4], "texture": "#0"},
				"west": {"uv": [10, 0.5, 10, 4], "texture": "#0"},
				"up": {"uv": [10, 4, 10, 0.5], "texture": "#0"},
				"down": {"uv": [10, 0.5, 10, 4], "texture": "#0"}
			}
		},
		{
			"name": "torso2",
			"from": [2.4, 16.4, 14.3],
			"to": [8.4, 20.4, 14.3],
			"rotation": {"angle": 22.5, "axis": "y", "origin": [2.4, -11.6, 11.3]},
			"faces": {
				"north": {"uv": [8, 0.5, 10, 4], "texture": "#0"},
				"east": {"uv": [10, 0.5, 10, 4], "texture": "#0"},
				"south": {"uv": [10, 0.5, 10, 4], "texture": "#0"},
				"west": {"uv": [10, 0.5, 10, 4], "texture": "#0"},
				"up": {"uv": [10, 4, 10, 0.5], "texture": "#0"},
				"down": {"uv": [10, 4, 10, 0.5], "texture": "#0"}
			}
		},
		{
			"name": "torso3",
			"from": [8, 16.4, 2],
			"to": [8, 20.4, 8],
			"rotation": {"angle": 45, "axis": "y", "origin": [11, -11.6, 2]},
			"faces": {
				"north": {"uv": [10, 0.5, 10, 4], "texture": "#0"},
				"east": {"uv": [8, 0.5, 10, 4], "texture": "#0"},
				"south": {"uv": [10, 0.5, 10, 4], "texture": "#0"},
				"west": {"uv": [10, 0.5, 10, 4], "texture": "#0"},
				"up": {"uv": [10, 4, 10, 0.5], "texture": "#0"},
				"down": {"uv": [10, 0.5, 10, 4], "texture": "#0"}
			}
		},
		{
			"name": "torso4",
			"from": [6.7, 16.4, 9.3],
			"to": [12.7, 20.4, 9.3],
			"rotation": {"angle": 45, "axis": "y", "origin": [6.7, -11.6, 6.3]},
			"faces": {
				"north": {"uv": [8, 0.5, 10, 4], "texture": "#0"},
				"east": {"uv": [10, 0.5, 10, 4], "texture": "#0"},
				"south": {"uv": [10, 0.5, 10, 4], "texture": "#0"},
				"west": {"uv": [10, 0.5, 10, 4], "texture": "#0"},
				"up": {"uv": [10, 4, 10, 0.5], "texture": "#0"},
				"down": {"uv": [10, 4, 10, 0.5], "texture": "#0"}
			}
		},
		{
			"name": "head",
			"from": [5.2, 12.2, -1.2],
			"to": [10.8, 17.8, 3],
			"rotation": {"angle": 0, "axis": "y", "origin": [8, 1, 8.6]},
			"faces": {
				"north": {"uv": [1.5, 3, 3.5, 7], "texture": "#0"},
				"east": {"uv": [0, 3, 1.5, 7], "texture": "#0"},
				"south": {"uv": [1, 0, 1.5, 3], "texture": "#0"},
				"west": {"uv": [1, 0, 1.5, 3], "texture": "#0"},
				"up": {"uv": [3.5, 3, 1.5, 0], "texture": "#0"},
				"down": {"uv": [1.5, 0, 1, 3], "texture": "#0"}
			}
		},
		{
			"name": "head",
			"from": [4.5, 16.4, 0.2],
			"to": [5.2, 18.5, 0.9],
			"rotation": {"angle": 0, "axis": "y", "origin": [8, 1, 8.6]},
			"faces": {
				"north": {"uv": [0.75, 1, 1, 2.5], "texture": "#0"},
				"east": {"uv": [0.5, 1, 0.75, 2.5], "texture": "#0"},
				"south": {"uv": [0.5, 0.5, 0.75, 1], "texture": "#0"},
				"west": {"uv": [0.5, 0.5, 0.75, 1], "texture": "#0"},
				"up": {"uv": [1, 1, 0.75, 0.5], "texture": "#0"},
				"down": {"uv": [0.75, 0.5, 0.5, 1], "texture": "#0"}
			}
		},
		{
			"name": "head",
			"from": [10.8, 16.4, 0.2],
			"to": [11.5, 18.5, 0.9],
			"rotation": {"angle": 0, "axis": "y", "origin": [8, 1, 8.6]},
			"faces": {
				"north": {"uv": [0.75, 1, 1, 2.5], "texture": "#0"},
				"east": {"uv": [0.5, 1, 0.75, 2.5], "texture": "#0"},
				"south": {"uv": [0.5, 0.5, 0.75, 1], "texture": "#0"},
				"west": {"uv": [0.5, 0.5, 0.75, 1], "texture": "#0"},
				"up": {"uv": [1, 1, 0.75, 0.5], "texture": "#0"},
				"down": {"uv": [0.75, 0.5, 0.5, 1], "texture": "#0"}
			}
		},
		{
			"name": "body",
			"from": [3.8, 9.4, 3],
			"to": [12.2, 16.4, 15.6],
			"rotation": {"angle": 0, "axis": "x", "origin": [8, 12.9, 23.3]},
			"faces": {
				"north": {"uv": [7.75, 7, 4.75, 2], "rotation": 180, "texture": "#0"},
				"east": {"uv": [2.25, 7, 4.75, 16], "rotation": 90, "texture": "#0"},
				"south": {"uv": [4.75, 2, 3.5, 7], "texture": "#0"},
				"west": {"uv": [3.5, 2, 4.75, 7], "rotation": 270, "texture": "#0"},
				"up": {"uv": [4.75, 7, 7.75, 16], "texture": "#0"},
				"down": {"uv": [3.5, 2, 4.75, 7], "rotation": 180, "texture": "#0"}
			}
		},
		{
			"name": "leg1",
			"from": [9.4, 1, 12.1],
			"to": [12.2, 9.4, 14.9],
			"rotation": {"angle": 0, "axis": "y", "origin": [8, 1, 8.6]},
			"faces": {
				"north": {"uv": [1, 10, 2, 16], "texture": "#0"},
				"east": {"uv": [0, 10, 1, 16], "texture": "#0"},
				"south": {"uv": [0, 8, 1, 10], "texture": "#0"},
				"west": {"uv": [0, 8, 1, 10], "texture": "#0"},
				"up": {"uv": [1, 10, 0, 8], "texture": "#0"},
				"down": {"uv": [1, 8, 0, 10], "texture": "#0"}
			}
		},
		{
			"name": "leg2",
			"from": [3.8, 1, 12.1],
			"to": [6.6, 9.4, 14.9],
			"rotation": {"angle": 0, "axis": "y", "origin": [2.4, 1, 8.6]},
			"faces": {
				"north": {"uv": [1, 10, 2, 16], "texture": "#0"},
				"east": {"uv": [0, 10, 1, 16], "texture": "#0"},
				"south": {"uv": [0, 8, 1, 10], "texture": "#0"},
				"west": {"uv": [0, 8, 1, 10], "texture": "#0"},
				"up": {"uv": [1, 10, 0, 8], "texture": "#0"},
				"down": {"uv": [1, 8, 0, 10], "texture": "#0"}
			}
		},
		{
			"name": "leg3",
			"from": [9.4, 1, 3.7],
			"to": [12.2, 9.4, 6.5],
			"rotation": {"angle": 0, "axis": "y", "origin": [8, 1, 0.2]},
			"faces": {
				"north": {"uv": [1, 10, 2, 16], "texture": "#0"},
				"east": {"uv": [0, 10, 1, 16], "texture": "#0"},
				"south": {"uv": [0, 8, 1, 10], "texture": "#0"},
				"west": {"uv": [0, 8, 1, 10], "texture": "#0"},
				"up": {"uv": [1, 10, 0, 8], "texture": "#0"},
				"down": {"uv": [1, 8, 0, 10], "texture": "#0"}
			}
		},
		{
			"name": "leg4",
			"from": [3.8, 1, 3.6],
			"to": [6.6, 9.4, 6.4],
			"rotation": {"angle": 0, "axis": "y", "origin": [2.4, 1, 0.1]},
			"faces": {
				"north": {"uv": [1, 10, 2, 16], "texture": "#0"},
				"east": {"uv": [0, 10, 1, 16], "texture": "#0"},
				"south": {"uv": [0, 8, 1, 10], "texture": "#0"},
				"west": {"uv": [0, 8, 1, 10], "texture": "#0"},
				"up": {"uv": [1, 10, 0, 8], "texture": "#0"},
				"down": {"uv": [1, 8, 0, 10], "texture": "#0"}
			}
		}
	],
	"gui_light": "front",
	"display": {
		"gui": {
			"rotation": [20, -140, 0],
			"translation": [0, -2, 0],
			"scale": [0.95, 0.95, 0.95]
		}
	},
	"groups": [
		{
			"name": "mushrooms",
			"origin": [10, -10.3, -2],
			"color": 0,
			"children": [0, 1, 2, 3, 4, 5]
		},
		{
			"name": "head",
			"origin": [8, 15, 3],
			"color": 0,
			"children": [6, 7, 8]
		},
		{
			"name": "body",
			"origin": [8, 14.3, 10],
			"color": 0,
			"children": [9]
		},
		{
			"name": "leg1",
			"origin": [10.8, 9.4, 13.5],
			"color": 0,
			"children": [10]
		},
		{
			"name": "leg2",
			"origin": [5.2, 9.4, 13.5],
			"color": 0,
			"children": [11]
		},
		{
			"name": "leg3",
			"origin": [10.8, 9.4, 4.4],
			"color": 0,
			"children": [12]
		},
		{
			"name": "leg4",
			"origin": [5.2, 9.4, 4.4],
			"color": 0,
			"children": [13]
		}
	]
}