{
	"credit": "Made with Blockbench",
	"texture_size": [64, 32],
	"textures": {
		"0": "mc_overhaul:item/compendium_icons/bestiary/mule",
		"particle": "minecraft:item/emerald"
	},
	"elements": [
		{
			"name": "head",
			"from": [5.9, 24.2, 3.6],
			"to": [10.1, 27.7, 8.5],
			"rotation": {"angle": -22.5, "axis": "x", "origin": [8, 4.6, 11.3]},
			"faces": {
				"north": {"uv": [1.75, 4, 3.25, 6.5], "texture": "#0"},
				"east": {"uv": [0, 4, 1.75, 6.5], "texture": "#0"},
				"south": {"uv": [0.75, 0.5, 1.75, 4], "texture": "#0"},
				"west": {"uv": [0.75, 0.5, 1.75, 4], "texture": "#0"},
				"up": {"uv": [3.25, 4, 1.75, 0.5], "texture": "#0"},
				"down": {"uv": [0.75, 0.5, 1.75, 4], "texture": "#0"}
			}
		},
		{
			"name": "mouth",
			"from": [6.6, 24.2, 0.1],
			"to": [9.4, 27.7, 3.6],
			"rotation": {"angle": -22.5, "axis": "x", "origin": [8, 4.6, 11.3]},
			"faces": {
				"north": {"uv": [4.75, 4, 5.75, 6.5], "texture": "#0"},
				"east": {"uv": [3.5, 4, 4.75, 6.5], "texture": "#0"},
				"south": {"uv": [3.5, 1.5, 4.75, 4], "texture": "#0"},
				"west": {"uv": [3.5, 1.5, 4.75, 4], "texture": "#0"},
				"up": {"uv": [5.75, 4, 4.75, 1.5], "texture": "#0"},
				"down": {"uv": [3.5, 1.5, 4.75, 4], "texture": "#0"}
			}
		},
		{
			"name": "left_ear",
			"from": [14.85, 26.3, -0.9],
			"to": [16.25, 31.2, -0.2],
			"rotation": {"angle": 22.5, "axis": "z", "origin": [16.6, 3.9, 2.6]},
			"faces": {
				"north": {"uv": [0.25, 0.5, 0.75, 4], "texture": "#0"},
				"east": {"uv": [0, 0.5, 0.25, 4], "texture": "#0"},
				"south": {"uv": [0, 0, 0.75, 0.5], "texture": "#0"},
				"west": {"uv": [0, 0, 0.75, 0.5], "texture": "#0"},
				"up": {"uv": [0, 0.5, 0.25, 1], "texture": "#0"},
				"down": {"uv": [0, 0, 0.75, 0.5], "texture": "#0"}
			}
		},
		{
			"name": "right_ear",
			"from": [-0.15, 26.3, -0.9],
			"to": [1.25, 31.2, -0.2],
			"rotation": {"angle": -22.5, "axis": "z", "origin": [-0.5, 3.9, 2.6]},
			"faces": {
				"north": {"uv": [0.25, 0.5, 0.75, 4], "texture": "#0"},
				"east": {"uv": [0, 0.5, 0.25, 4], "texture": "#0"},
				"south": {"uv": [0, 0, 0.75, 0.5], "texture": "#0"},
				"west": {"uv": [0, 0, 0.75, 0.5], "texture": "#0"},
				"up": {"uv": [0, 0.5, 0.25, 1], "texture": "#0"},
				"down": {"uv": [0, 0, 0.75, 0.5], "texture": "#0"}
			}
		},
		{
			"name": "neck",
			"from": [6.635, 15.8, 3.6],
			"to": [9.435, 24.2, 8.5],
			"rotation": {"angle": -22.5, "axis": "x", "origin": [8, 4.6, 11.3]},
			"faces": {
				"north": {"uv": [11, 1, 12, 7], "texture": "#0"},
				"east": {"uv": [9.25, 1, 11, 7], "texture": "#0"},
				"south": {"uv": [9.25, 0, 12, 1], "texture": "#0"},
				"west": {"uv": [9.25, 0, 12, 1], "texture": "#0"},
				"up": {"uv": [9.25, 0, 12, 1], "texture": "#0"},
				"down": {"uv": [9.25, 0, 12, 1], "texture": "#0"}
			}
		},
		{
			"name": "body",
			"from": [4.465, 9.265, -0.435],
			"to": [11.535, 16.335, 15.035],
			"rotation": {"angle": 0, "axis": "y", "origin": [8, 1.6, 7.3]},
			"faces": {
				"north": {"uv": [12.25, 11, 14.75, 16], "texture": "#0"},
				"east": {"uv": [6.75, 11, 12.25, 16], "texture": "#0"},
				"south": {"uv": [12, 0, 12.25, 11], "texture": "#0"},
				"west": {"uv": [12, 0, 12.25, 11], "texture": "#0"},
				"up": {"uv": [12.25, 0, 14.75, 11], "texture": "#0"},
				"down": {"uv": [12, 0, 12.25, 11], "texture": "#0"}
			}
		},
		{
			"name": "tail",
			"from": [6.95, 3, 18.6],
			"to": [9.05, 12.8, 21.4],
			"rotation": {"angle": -22.5, "axis": "x", "origin": [8, -1.9, 10.9]},
			"faces": {
				"north": {"uv": [14.75, 0.5, 15, 7.5], "texture": "#0"},
				"east": {"uv": [15, 0.5, 16, 7.5], "texture": "#0"},
				"south": {"uv": [14.75, 0.5, 15, 7.5], "texture": "#0"},
				"west": {"uv": [14.75, 0.5, 15, 7.5], "texture": "#0"},
				"up": {"uv": [14.75, 0.5, 15, 7.5], "texture": "#0"},
				"down": {"uv": [14.75, 0.5, 15, 7.5], "texture": "#0"}
			}
		},
		{
			"name": "front_left_leg",
			"from": [4.5, 1.6, -0.33],
			"to": [7.3, 9.3, 2.47],
			"rotation": {"angle": 0, "axis": "y", "origin": [8, 1.6, 7.3]},
			"faces": {
				"north": {"uv": [8, 1, 7, 6.5], "texture": "#0"},
				"east": {"uv": [9, 1, 8, 6.5], "texture": "#0"},
				"south": {"uv": [6, 0, 9, 1], "texture": "#0"},
				"west": {"uv": [6, 0, 9, 1], "texture": "#0"},
				"up": {"uv": [6, 0, 9, 1], "texture": "#0"},
				"down": {"uv": [6, 0, 9, 1], "texture": "#0"}
			}
		},
		{
			"name": "front_right_leg",
			"from": [8.7, 1.6, -0.33],
			"to": [11.5, 9.3, 2.47],
			"rotation": {"angle": 0, "axis": "y", "origin": [12.2, 1.6, 7.3]},
			"faces": {
				"north": {"uv": [7, 1, 8, 6.5], "texture": "#0"},
				"east": {"uv": [6, 1, 7, 6.5], "texture": "#0"},
				"south": {"uv": [6, 0, 9, 1], "texture": "#0"},
				"west": {"uv": [6, 0, 9, 1], "texture": "#0"},
				"up": {"uv": [6, 0, 9, 1], "texture": "#0"},
				"down": {"uv": [6, 0, 9, 1], "texture": "#0"}
			}
		},
		{
			"name": "back_left_leg",
			"from": [4.5, 1.6, 12.27],
			"to": [7.3, 9.3, 15.07],
			"rotation": {"angle": 0, "axis": "y", "origin": [8, 1.6, 19.9]},
			"faces": {
				"north": {"uv": [8, 1, 7, 6.5], "texture": "#0"},
				"east": {"uv": [9, 1, 8, 6.5], "texture": "#0"},
				"south": {"uv": [6, 0, 9, 1], "texture": "#0"},
				"west": {"uv": [6, 0, 9, 1], "texture": "#0"},
				"up": {"uv": [6, 0, 9, 1], "texture": "#0"},
				"down": {"uv": [6, 0, 9, 1], "texture": "#0"}
			}
		},
		{
			"name": "back_right_leg",
			"from": [8.7, 1.6, 12.17],
			"to": [11.5, 9.3, 14.97],
			"rotation": {"angle": 0, "axis": "y", "origin": [12.2, 1.6, 19.8]},
			"faces": {
				"north": {"uv": [7, 1, 8, 6.5], "texture": "#0"},
				"east": {"uv": [6, 1, 7, 6.5], "texture": "#0"},
				"south": {"uv": [6, 0, 9, 1], "texture": "#0"},
				"west": {"uv": [6, 0, 9, 1], "texture": "#0"},
				"up": {"uv": [6, 0, 9, 1], "texture": "#0"},
				"down": {"uv": [6, 0, 9, 1], "texture": "#0"}
			}
		}
	],
	"gui_light": "front",
	"display": {
		"gui": {
			"rotation": [20, -140, 0],
			"translation": [-0.75, -3, 0],
			"scale": [0.75, 0.75, 0.75]
		}
	},
	"groups": [
		{
			"name": "head",
			"origin": [8, 17, 1],
			"color": 0,
			"children": [0]
		},
		{
			"name": "mouth",
			"origin": [8, 17, 1],
			"color": 0,
			"children": [1]
		},
		{
			"name": "left_ear",
			"origin": [6.95, 23.93, 3.8],
			"color": 0,
			"children": [2]
		},
		{
			"name": "right_ear",
			"origin": [9.05, 23.93, 3.8],
			"color": 0,
			"children": [3]
		},
		{
			"name": "neck",
			"origin": [8, 17, 1],
			"color": 0,
			"children": [4]
		},
		{
			"name": "body",
			"origin": [8, 10.7, 11.5],
			"color": 0,
			"children": [5]
		},
		{
			"name": "tail",
			"origin": [8, 16.3, 15],
			"color": 0,
			"children": [6]
		},
		{
			"name": "front_left_leg",
			"origin": [5.2, 8.6, 1],
			"color": 0,
			"children": [7]
		},
		{
			"name": "front_right_leg",
			"origin": [10.8, 8.6, 1],
			"color": 0,
			"children": [8]
		},
		{
			"name": "back_left_leg",
			"origin": [5.2, 8.6, 12.9],
			"color": 0,
			"children": [9]
		},
		{
			"name": "back_right_leg",
			"origin": [10.8, 8.6, 12.9],
			"color": 0,
			"children": [10]
		}
	]
}