{
	"credit": "Made with Blockbench",
	"texture_size": [64, 16],
	"textures": {
		"0": "mc_overhaul:item/compendium_icons/bestiary/ocelot",
		"particle": "minecraft:item/emerald"
	},
	"elements": [
		{
			"name": "head",
			"from": [5.5, 7, -6],
			"to": [10.5, 11, -1],
			"rotation": {"angle": 0, "axis": "y", "origin": [8, 0, 6]},
			"faces": {
				"north": {"uv": [1.25, 5, 2.5, 9], "texture": "#0"},
				"east": {"uv": [0, 5, 1.25, 9], "texture": "#0"},
				"south": {"uv": [0, 4, 1.25, 5], "texture": "#0"},
				"west": {"uv": [0, 4, 1.25, 5], "texture": "#0"},
				"up": {"uv": [1.25, 0, 2.5, 5], "texture": "#0"},
				"down": {"uv": [0, 4, 1.25, 5], "texture": "#0"}
			}
		},
		{
			"name": "head",
			"from": [6.5, 7.02, -7],
			"to": [9.5, 9.02, -5],
			"rotation": {"angle": 0, "axis": "y", "origin": [8, 0, 6]},
			"faces": {
				"north": {"uv": [3.25, 2, 4, 4], "texture": "#0"},
				"east": {"uv": [2.75, 2, 3.25, 4], "texture": "#0"},
				"south": {"uv": [2.75, 0, 3.25, 2], "texture": "#0"},
				"west": {"uv": [2.75, 0, 3.25, 2], "texture": "#0"},
				"up": {"uv": [3.25, 0, 4, 2], "texture": "#0"},
				"down": {"uv": [2.75, 0, 3.25, 2], "texture": "#0"}
			}
		},
		{
			"name": "head",
			"from": [9, 11, -3],
			"to": [10, 12, -1],
			"rotation": {"angle": 0, "axis": "y", "origin": [8, 0, 6]},
			"faces": {
				"north": {"uv": [0.75, 5, 1, 6], "texture": "#0"},
				"east": {"uv": [1, 4, 1.25, 5], "texture": "#0"},
				"south": {"uv": [0.75, 4, 1, 5], "texture": "#0"},
				"west": {"uv": [0.75, 4, 1, 5], "texture": "#0"},
				"up": {"uv": [0.75, 5, 1, 6], "texture": "#0"},
				"down": {"uv": [0.75, 4, 1, 5], "texture": "#0"}
			}
		},
		{
			"name": "head",
			"from": [6, 11, -3],
			"to": [7, 12, -1],
			"rotation": {"angle": 0, "axis": "y", "origin": [8, 0, 6]},
			"faces": {
				"north": {"uv": [0.75, 5, 1, 6], "texture": "#0"},
				"east": {"uv": [1, 5, 1.25, 6], "texture": "#0"},
				"south": {"uv": [0.75, 4, 1, 5], "texture": "#0"},
				"west": {"uv": [0.75, 4, 1, 5], "texture": "#0"},
				"up": {"uv": [0.75, 5, 1, 6], "texture": "#0"},
				"down": {"uv": [0.75, 4, 1, 5], "texture": "#0"}
			}
		},
		{
			"name": "body",
			"from": [6, 4, -1],
			"to": [10, 10, 15],
			"rotation": {"angle": 0, "axis": "x", "origin": [8, 22, 8]},
			"faces": {
				"north": {"uv": [9.75, 0, 10.75, 6], "rotation": 180, "texture": "#0"},
				"east": {"uv": [8, 0, 9.5, 16], "rotation": 90, "texture": "#0"},
				"south": {"uv": [6.75, 0, 7, 15], "texture": "#0"},
				"west": {"uv": [6.75, 0, 7, 15], "rotation": 270, "texture": "#0"},
				"up": {"uv": [7, 0, 8, 15], "texture": "#0"},
				"down": {"uv": [6.75, 0, 7, 15], "rotation": 180, "texture": "#0"}
			}
		},
		{
			"name": "front_left_leg",
			"from": [5.9, -0.1, 1],
			"to": [7.9, 9.9, 3],
			"rotation": {"angle": 0, "axis": "y", "origin": [8, 0, 6]},
			"faces": {
				"north": {"uv": [6.25, 0, 6.75, 10], "texture": "#0"},
				"east": {"uv": [5.75, 0, 6.25, 10], "texture": "#0"},
				"south": {"uv": [5.5, 0, 5.75, 10], "texture": "#0"},
				"west": {"uv": [5.5, 0, 5.75, 10], "texture": "#0"},
				"up": {"uv": [5.5, 0, 5.75, 10], "texture": "#0"},
				"down": {"uv": [5.5, 0, 5.75, 10], "texture": "#0"}
			}
		},
		{
			"name": "front_right_leg",
			"from": [8.1, -0.1, 1],
			"to": [10.1, 9.9, 3],
			"rotation": {"angle": 0, "axis": "y", "origin": [10.2, 0, 6]},
			"faces": {
				"north": {"uv": [6.25, 0, 6.75, 10], "texture": "#0"},
				"east": {"uv": [5.75, 0, 6.25, 10], "texture": "#0"},
				"south": {"uv": [5.5, 0, 5.75, 10], "texture": "#0"},
				"west": {"uv": [5.5, 0, 5.75, 10], "texture": "#0"},
				"up": {"uv": [5.5, 0, 5.75, 10], "texture": "#0"},
				"down": {"uv": [5.5, 0, 5.75, 10], "texture": "#0"}
			}
		},
		{
			"name": "back_left_leg",
			"from": [5.9, 0, 12],
			"to": [7.9, 6, 14],
			"rotation": {"angle": 0, "axis": "y", "origin": [8, 0, 6]},
			"faces": {
				"north": {"uv": [3.25, 5, 3.75, 11], "texture": "#0"},
				"east": {"uv": [2.75, 5, 3.25, 11], "texture": "#0"},
				"south": {"uv": [2.75, 4, 3.75, 5], "texture": "#0"},
				"west": {"uv": [2.75, 4, 3.75, 5], "texture": "#0"},
				"up": {"uv": [2.75, 4, 3.75, 5], "texture": "#0"},
				"down": {"uv": [2.75, 4, 3.75, 5], "texture": "#0"}
			}
		},
		{
			"name": "back_right_leg",
			"from": [8.1, 0, 12],
			"to": [10.1, 6, 14],
			"rotation": {"angle": 0, "axis": "y", "origin": [10.2, 0, 6]},
			"faces": {
				"north": {"uv": [3.25, 5, 3.75, 11], "texture": "#0"},
				"east": {"uv": [2.75, 5, 3.25, 11], "texture": "#0"},
				"south": {"uv": [2.75, 4, 3.75, 5], "texture": "#0"},
				"west": {"uv": [2.75, 4, 3.75, 5], "texture": "#0"},
				"up": {"uv": [2.75, 4, 3.75, 5], "texture": "#0"},
				"down": {"uv": [2.75, 4, 3.75, 5], "texture": "#0"}
			}
		},
		{
			"name": "tail",
			"from": [7.5, 8.5, 14.5],
			"to": [8.5, 9.5, 22.5],
			"rotation": {"angle": 0, "axis": "x", "origin": [8, 0.5, 23]},
			"faces": {
				"north": {"uv": [4, 0, 4.25, 8], "rotation": 180, "texture": "#0"},
				"east": {"uv": [4.25, 0, 4.5, 8], "rotation": 90, "texture": "#0"},
				"south": {"uv": [4, 0, 4.25, 8], "texture": "#0"},
				"west": {"uv": [4, 0, 4.25, 8], "rotation": 270, "texture": "#0"},
				"up": {"uv": [4.5, 0, 4.75, 8], "texture": "#0"},
				"down": {"uv": [4, 0, 4.25, 8], "rotation": 180, "texture": "#0"}
			}
		},
		{
			"name": "tail2",
			"from": [7.5, 8.5, 22.5],
			"to": [8.5, 9.5, 30.5],
			"rotation": {"angle": 0, "axis": "x", "origin": [8, -7.5, 31]},
			"faces": {
				"north": {"uv": [4.75, 0, 5, 8], "rotation": 180, "texture": "#0"},
				"east": {"uv": [5, 0, 5.25, 8], "rotation": 90, "texture": "#0"},
				"south": {"uv": [4.75, 0, 5, 8], "texture": "#0"},
				"west": {"uv": [4.75, 0, 5, 8], "rotation": 270, "texture": "#0"},
				"up": {"uv": [5.25, 0, 5.5, 8], "texture": "#0"},
				"down": {"uv": [4.75, 0, 5, 8], "rotation": 180, "texture": "#0"}
			}
		}
	],
	"gui_light": "front",
	"display": {
		"gui": {
			"rotation": [20, -140, 0],
			"translation": [1, 0.25, 0],
			"scale": [0.75, 0.75, 0.75]
		}
	},
	"groups": [
		{
			"name": "head",
			"origin": [8, 9, -1],
			"color": 0,
			"children": [0, 1, 2, 3]
		},
		{
			"name": "body",
			"origin": [8, 12, -2],
			"color": 0,
			"children": [4]
		},
		{
			"name": "front_left_leg",
			"origin": [6.9, 9.9, 3],
			"color": 0,
			"children": [5]
		},
		{
			"name": "front_right_leg",
			"origin": [9.1, 9.9, 3],
			"color": 0,
			"children": [6]
		},
		{
			"name": "back_left_leg",
			"origin": [6.9, 6, 13],
			"color": 0,
			"children": [7]
		},
		{
			"name": "back_right_leg",
			"origin": [9.1, 6, 13],
			"color": 0,
			"children": [8]
		},
		{
			"name": "tail",
			"origin": [8, 8.5, 16],
			"color": 0,
			"children": [9]
		},
		{
			"name": "tail2",
			"origin": [8, 8.5, 24],
			"color": 0,
			"children": [10]
		}
	]
}