{
	"credit": "Made with Blockbench",
	"textures": {
		"0": "mc_overhaul:item/compendium_icons/bestiary/ornate_butterflyfish",
		"particle": "minecraft:item/emerald"
	},
	"elements": [
		{
			"name": "body",
			"from": [6.14109, 2.3268, 2.42326],
			"to": [9.85891, 13.48026, 13.57674],
			"rotation": {"angle": 0, "axis": "y", "origin": [8, 2.3268, 2.42326]},
			"faces": {
				"north": {"uv": [6, 6, 8, 12], "texture": "#0"},
				"east": {"uv": [0, 6, 6, 12], "texture": "#0"},
				"south": {"uv": [8, 0, 9, 12], "texture": "#0"},
				"west": {"uv": [8, 0, 9, 12], "texture": "#0"},
				"up": {"uv": [8, 6, 6, 0], "texture": "#0"},
				"down": {"uv": [8, 0, 9, 12], "texture": "#0"}
			}
		},
		{
			"name": "right_fin",
			"from": [14.30465, 2.3268, 8.29637],
			"to": [18.02246, 6.04462, 8.29637],
			"rotation": {"angle": -45, "axis": "y", "origin": [12.44574, 2.3268, 2.71966]},
			"faces": {
				"north": {"uv": [0, 4, 2, 6], "texture": "#0"},
				"east": {"uv": [2, 4, 6, 6], "texture": "#0"},
				"south": {"uv": [2, 4, 6, 6], "texture": "#0"},
				"west": {"uv": [2, 4, 6, 6], "texture": "#0"},
				"up": {"uv": [2, 4, 6, 6], "texture": "#0"},
				"down": {"uv": [2, 4, 6, 6], "texture": "#0"}
			}
		},
		{
			"name": "fin_top",
			"from": [8, 13.48026, 2.42326],
			"to": [8, 20.9159, 13.57674],
			"rotation": {"angle": 0, "axis": "y", "origin": [8, 2.3268, 2.42326]},
			"faces": {
				"north": {"uv": [2, 4, 6, 6], "texture": "#0"},
				"east": {"uv": [0, 0, 6, 4], "texture": "#0"},
				"south": {"uv": [2, 4, 6, 6], "texture": "#0"},
				"west": {"uv": [2, 4, 6, 6], "texture": "#0"},
				"up": {"uv": [2, 4, 6, 6], "texture": "#0"},
				"down": {"uv": [2, 4, 6, 6], "texture": "#0"}
			}
		},
		{
			"name": "fin_bottom",
			"from": [8, -5.10884, 2.42326],
			"to": [8, 2.3268, 13.57674],
			"rotation": {"angle": 0, "axis": "y", "origin": [8, 2.3268, 2.42326]},
			"faces": {
				"north": {"uv": [8, 4, 10, 5], "texture": "#0"},
				"east": {"uv": [8, 0, 14, 4], "texture": "#0"},
				"south": {"uv": [8, 4, 10, 5], "texture": "#0"},
				"west": {"uv": [8, 4, 10, 5], "texture": "#0"},
				"up": {"uv": [8, 4, 10, 5], "texture": "#0"},
				"down": {"uv": [8, 4, 10, 5], "texture": "#0"}
			}
		},
		{
			"name": "tail",
			"from": [8, 2.3268, 13.57674],
			"to": [8, 13.48026, 22.87127],
			"rotation": {"angle": 0, "axis": "y", "origin": [8, 2.3268, 2.42326]},
			"faces": {
				"north": {"uv": [8, 5, 13, 6], "texture": "#0"},
				"east": {"uv": [13, 6, 8, 12], "texture": "#0"},
				"south": {"uv": [8, 5, 13, 6], "texture": "#0"},
				"west": {"uv": [8, 5, 13, 6], "texture": "#0"},
				"up": {"uv": [8, 5, 13, 6], "texture": "#0"},
				"down": {"uv": [8, 5, 13, 6], "texture": "#0"}
			}
		}
	],
	"gui_light": "front",
	"display": {
		"gui": {
			"rotation": [20, -140, 0],
			"translation": [1.5, -0.75, 0]
		}
	}
}