{
	"credit": "Made with Blockbench",
	"texture_size": [64, 64],
	"textures": {
		"0": "mc_overhaul:item/compendium_icons/bestiary/panda",
		"particle": "minecraft:item/emerald"
	},
	"elements": [
		{
			"name": "head",
			"from": [4.75, 4, -2],
			"to": [11.25, 9, 2.5],
			"rotation": {"angle": 0, "axis": "y", "origin": [8, 0.25, 8.5]},
			"faces": {
				"north": {"uv": [2.25, 2.25, 5.5, 4.75], "texture": "#0"},
				"east": {"uv": [0, 2.25, 2.25, 4.75], "texture": "#0"},
				"south": {"uv": [0, 2, 2.25, 2.25], "texture": "#0"},
				"west": {"uv": [0, 2, 2.25, 2.25], "texture": "#0"},
				"up": {"uv": [5.5, 2.25, 2.25, 0], "texture": "#0"},
				"down": {"uv": [0, 2, 2.25, 2.25], "texture": "#0"}
			}
		},
		{
			"name": "head",
			"from": [6.25, 4, -3],
			"to": [9.75, 6.5, -2],
			"rotation": {"angle": 0, "axis": "y", "origin": [8, 0.25, 8.5]},
			"faces": {
				"north": {"uv": [0.5, 0.75, 2.25, 2], "texture": "#0"},
				"east": {"uv": [0, 0.75, 0.5, 2], "texture": "#0"},
				"south": {"uv": [0, 0.25, 0.5, 0.75], "texture": "#0"},
				"west": {"uv": [0, 0.25, 0.5, 0.75], "texture": "#0"},
				"up": {"uv": [2.25, 0.75, 0.5, 0.25], "texture": "#0"},
				"down": {"uv": [0, 0.25, 0.5, 0.75], "texture": "#0"}
			}
		},
		{
			"name": "head",
			"from": [9.75, 8.5, -0.5],
			"to": [12.25, 10.5, 0],
			"rotation": {"angle": 0, "axis": "y", "origin": [8, 0.25, 8.5]},
			"faces": {
				"north": {"uv": [0.5, 5.5, 1.75, 6.5], "texture": "#0"},
				"east": {"uv": [0.25, 5.5, 0.5, 6.5], "texture": "#0"},
				"south": {"uv": [0.25, 5.25, 0.5, 5.5], "texture": "#0"},
				"west": {"uv": [0.25, 5.25, 0.5, 5.5], "texture": "#0"},
				"up": {"uv": [1.75, 5.5, 0.5, 5.25], "texture": "#0"},
				"down": {"uv": [0.25, 5.25, 0.5, 5.5], "texture": "#0"}
			}
		},
		{
			"name": "head",
			"from": [3.75, 8.5, -0.5],
			"to": [6.25, 10.5, 0],
			"rotation": {"angle": 0, "axis": "y", "origin": [8, 0.25, 8.5]},
			"faces": {
				"north": {"uv": [0.5, 5.5, 1.75, 6.5], "texture": "#0"},
				"east": {"uv": [0.25, 5.5, 0.5, 6.5], "texture": "#0"},
				"south": {"uv": [0.25, 5.25, 0.5, 5.5], "texture": "#0"},
				"west": {"uv": [0.25, 5.25, 0.5, 5.5], "texture": "#0"},
				"up": {"uv": [1.75, 5.5, 0.5, 5.25], "texture": "#0"},
				"down": {"uv": [0.25, 5.25, 0.5, 5.5], "texture": "#0"}
			}
		},
		{
			"name": "rotation",
			"from": [3.25, 4, 2],
			"to": [12.75, 10.5, 15],
			"rotation": {"angle": 0, "axis": "x", "origin": [8, 7.25, 15.5]},
			"faces": {
				"north": {"uv": [10.5, 5.75, 5.75, 2.5], "rotation": 180, "texture": "#0"},
				"east": {"uv": [2.5, 5.75, 5.75, 12.25], "rotation": 90, "texture": "#0"},
				"south": {"uv": [8.5, 0.25, 10.5, 2.5], "texture": "#0"},
				"west": {"uv": [8.5, 0.25, 10.5, 2.5], "rotation": 270, "texture": "#0"},
				"up": {"uv": [5.75, 5.75, 10.5, 12.25], "texture": "#0"},
				"down": {"uv": [8.5, 0.25, 10.5, 2.5], "rotation": 180, "texture": "#0"}
			}
		},
		{
			"name": "leg4",
			"from": [3.75, 0.25, 2.5],
			"to": [6.75, 4.75, 5.5],
			"rotation": {"angle": 0, "axis": "y", "origin": [8, 0.25, 8.5]},
			"faces": {
				"north": {"uv": [7, 0, 8.5, 2.25], "texture": "#0"},
				"east": {"uv": [5.5, 0, 7, 2.25], "texture": "#0"},
				"south": {"uv": [5.5, 2.25, 8.5, 2.5], "texture": "#0"},
				"west": {"uv": [5.5, 2.25, 8.5, 2.5], "texture": "#0"},
				"up": {"uv": [5.5, 2.25, 8.5, 2.5], "texture": "#0"},
				"down": {"uv": [5.5, 2.25, 8.5, 2.5], "texture": "#0"}
			}
		},
		{
			"name": "leg3",
			"from": [9.25, 0.25, 2.5],
			"to": [12.25, 4.75, 5.5],
			"rotation": {"angle": 0, "axis": "y", "origin": [13.5, 0.25, 8.5]},
			"faces": {
				"north": {"uv": [7, 0, 8.5, 2.25], "texture": "#0"},
				"east": {"uv": [5.5, 0, 7, 2.25], "texture": "#0"},
				"south": {"uv": [5.5, 2.25, 8.5, 2.5], "texture": "#0"},
				"west": {"uv": [5.5, 2.25, 8.5, 2.5], "texture": "#0"},
				"up": {"uv": [5.5, 2.25, 8.5, 2.5], "texture": "#0"},
				"down": {"uv": [5.5, 2.25, 8.5, 2.5], "texture": "#0"}
			}
		},
		{
			"name": "leg2",
			"from": [3.75, 0.25, 11.5],
			"to": [6.75, 4.75, 14.5],
			"rotation": {"angle": 0, "axis": "y", "origin": [8, 0.25, 17.5]},
			"faces": {
				"north": {"uv": [7, 0, 8.5, 2.25], "texture": "#0"},
				"east": {"uv": [5.5, 0, 7, 2.25], "texture": "#0"},
				"south": {"uv": [5.5, 2.25, 8.5, 2.5], "texture": "#0"},
				"west": {"uv": [5.5, 2.25, 8.5, 2.5], "texture": "#0"},
				"up": {"uv": [5.5, 2.25, 8.5, 2.5], "texture": "#0"},
				"down": {"uv": [5.5, 2.25, 8.5, 2.5], "texture": "#0"}
			}
		},
		{
			"name": "leg1",
			"from": [9.25, 0.25, 11.5],
			"to": [12.25, 4.75, 14.5],
			"rotation": {"angle": 0, "axis": "y", "origin": [13.5, 0.25, 17.5]},
			"faces": {
				"north": {"uv": [7, 0, 8.5, 2.25], "texture": "#0"},
				"east": {"uv": [5.5, 0, 7, 2.25], "texture": "#0"},
				"south": {"uv": [5.5, 2.25, 8.5, 2.5], "texture": "#0"},
				"west": {"uv": [5.5, 2.25, 8.5, 2.5], "texture": "#0"},
				"up": {"uv": [5.5, 2.25, 8.5, 2.5], "texture": "#0"},
				"down": {"uv": [5.5, 2.25, 8.5, 2.5], "texture": "#0"}
			}
		}
	],
	"gui_light": "front",
	"display": {
		"gui": {
			"rotation": [20, -140, 0],
			"translation": [-0.25, 2, 0],
			"scale": [1.1, 1.1, 1.1]
		}
	},
	"groups": [
		{
			"name": "head",
			"origin": [8, 6.5, 0],
			"color": 0,
			"children": [0, 1, 2, 3]
		},
		{
			"name": "body",
			"origin": [8, 7.25, 8.5],
			"color": 0,
			"children": [
				{
					"name": "rotation",
					"origin": [8, 7.25, 8.5],
					"color": 0,
					"children": [4]
				}
			]
		},
		{
			"name": "leg4",
			"origin": [5.25, 4.75, 4],
			"color": 0,
			"children": [5]
		},
		{
			"name": "leg3",
			"origin": [10.75, 4.75, 4],
			"color": 0,
			"children": [6]
		},
		{
			"name": "leg2",
			"origin": [5.25, 4.75, 13],
			"color": 0,
			"children": [7]
		},
		{
			"name": "leg1",
			"origin": [10.75, 4.75, 13],
			"color": 0,
			"children": [8]
		}
	]
}