{
	"credit": "Made with Blockbench",
	"texture_size": [64, 16],
	"textures": {
		"0": "mc_overhaul:item/compendium_icons/bestiary/phantom",
		"particle": "minecraft:item/emerald"
	},
	"elements": [
		{
			"name": "body",
			"from": [6.1, 4.3, 4.4],
			"to": [9.6, 6.4, 10.7],
			"rotation": {"angle": 0, "axis": "y", "origin": [7.85, 1.5, 10]},
			"faces": {
				"north": {"uv": [6.5, 9, 7.75, 12], "texture": "#0"},
				"east": {"uv": [4.25, 9, 6.5, 12], "texture": "#0"},
				"south": {"uv": [6.25, 0, 6.5, 9], "texture": "#0"},
				"west": {"uv": [6.25, 0, 6.5, 9], "texture": "#0"},
				"up": {"uv": [6.5, 9, 7.75, 0], "texture": "#0"},
				"down": {"uv": [6.25, 0, 6.5, 9], "texture": "#0"}
			}
		},
		{
			"name": "head",
			"from": [5.4, 3.425, 0.9],
			"to": [10.3, 5.525, 4.4],
			"rotation": {"angle": 0, "axis": "x", "origin": [7.85, 1.5, 10]},
			"faces": {
				"north": {"uv": [1.25, 5, 3, 8], "texture": "#0"},
				"east": {"uv": [0, 5, 1.25, 8], "texture": "#0"},
				"south": {"uv": [0, 0, 1.25, 5], "texture": "#0"},
				"west": {"uv": [0, 0, 1.25, 5], "texture": "#0"},
				"up": {"uv": [1.25, 5, 3, 0], "texture": "#0"},
				"down": {"uv": [0, 0, 1.25, 5], "texture": "#0"}
			}
		},
		{
			"name": "left_wing",
			"from": [-0.1, 4.7, 4.4],
			"to": [4.1, 6.1, 10.7],
			"rotation": {"angle": -22.5, "axis": "z", "origin": [5.85, 1.2, 10]},
			"faces": {
				"north": {"uv": [8, 9, 9.5, 11], "texture": "#0"},
				"east": {"uv": [7.75, 0, 8, 11], "texture": "#0"},
				"south": {"uv": [7.75, 0, 8, 11], "texture": "#0"},
				"west": {"uv": [7.75, 0, 8, 11], "texture": "#0"},
				"up": {"uv": [9.5, 9, 8, 0], "texture": "#0"},
				"down": {"uv": [7.75, 0, 8, 11], "texture": "#0"}
			}
		},
		{
			"name": "left_wing_tip",
			"from": [-9.2, 5.4, 4.4],
			"to": [-0.1, 6.1, 10.7],
			"rotation": {"angle": -22.5, "axis": "z", "origin": [5.85, 1.2, 10]},
			"faces": {
				"north": {"uv": [10.25, 8, 13.5, 9], "texture": "#0"},
				"east": {"uv": [13.5, 0, 15.75, 8], "texture": "#0"},
				"south": {"uv": [13.5, 0, 15.75, 8], "texture": "#0"},
				"west": {"uv": [13.5, 0, 15.75, 8], "texture": "#0"},
				"up": {"uv": [13.5, 8, 10.25, 0], "texture": "#0"},
				"down": {"uv": [13.5, 0, 15.75, 8], "texture": "#0"}
			}
		},
		{
			"name": "right_wing",
			"from": [11.6, 4.7, 4.4],
			"to": [15.8, 6.1, 10.7],
			"rotation": {"angle": 22.5, "axis": "z", "origin": [9.85, 1.2, 10]},
			"faces": {
				"north": {"uv": [9.5, 9, 8, 11], "texture": "#0"},
				"east": {"uv": [9.5, 9, 11.75, 11], "texture": "#0"},
				"south": {"uv": [9.5, 0, 10.25, 9], "texture": "#0"},
				"west": {"uv": [9.5, 0, 10.25, 9], "texture": "#0"},
				"up": {"uv": [8, 9, 9.5, 0], "texture": "#0"},
				"down": {"uv": [7.75, 0, 8, 9], "texture": "#0"}
			}
		},
		{
			"name": "right_wing_tip",
			"from": [15.8, 5.4, 4.4],
			"to": [24.9, 6.1, 10.7],
			"rotation": {"angle": 22.5, "axis": "z", "origin": [9.85, 1.2, 10]},
			"faces": {
				"north": {"uv": [10.25, 8, 13.5, 9], "texture": "#0"},
				"east": {"uv": [15.75, 8, 13.5, 9], "texture": "#0"},
				"south": {"uv": [13.5, 0, 15.75, 8], "texture": "#0"},
				"west": {"uv": [13.5, 0, 15.75, 8], "texture": "#0"},
				"up": {"uv": [10.25, 8, 13.5, 0], "texture": "#0"},
				"down": {"uv": [13.5, 0, 15.75, 8], "texture": "#0"}
			}
		},
		{
			"name": "tail",
			"from": [6.8, 5, 10.7],
			"to": [8.9, 6.4, 14.9],
			"rotation": {"angle": 0, "axis": "x", "origin": [7.85, 1.5, 10]},
			"faces": {
				"north": {"uv": [4.75, 0, 5.5, 6], "texture": "#0"},
				"east": {"uv": [4.75, 6, 6.25, 8], "texture": "#0"},
				"south": {"uv": [4.75, 0, 5.5, 6], "texture": "#0"},
				"west": {"uv": [4.75, 0, 5.5, 6], "texture": "#0"},
				"up": {"uv": [5.5, 6, 6.25, 0], "texture": "#0"},
				"down": {"uv": [4.75, 0, 5.5, 6], "texture": "#0"}
			}
		},
		{
			"name": "tail2",
			"from": [7.5, 5.35, 14.9],
			"to": [8.2, 6.05, 19.1],
			"rotation": {"angle": 0, "axis": "y", "origin": [7.85, 1.5, 10]},
			"faces": {
				"north": {"uv": [3.25, 0, 4.5, 6], "texture": "#0"},
				"east": {"uv": [3.25, 6, 4.75, 7], "texture": "#0"},
				"south": {"uv": [3.25, 0, 4.5, 6], "texture": "#0"},
				"west": {"uv": [3.25, 0, 4.5, 6], "texture": "#0"},
				"up": {"uv": [4.5, 6, 4.75, 0], "texture": "#0"},
				"down": {"uv": [3.25, 0, 4.5, 6], "texture": "#0"}
			}
		}
	],
	"display": {
		"gui": {
			"rotation": [20, -140, 0],
			"translation": [-0.5, 0.5, 0],
			"scale": [0.8, 0.8, 0.8]
		}
	},
	"groups": [
		{
			"name": "body",
			"origin": [7.5, 5, 10],
			"color": 0,
			"children": [0]
		},
		{
			"name": "head",
			"origin": [7.5, 4.125, 4.4],
			"color": 0,
			"children": [1]
		},
		{
			"name": "left_wing",
			"origin": [6.1, 6.4, 4.4],
			"color": 0,
			"children": [2]
		},
		{
			"name": "left_wing_tip",
			"origin": [1.9, 6.4, 4.4],
			"color": 0,
			"children": [3]
		},
		{
			"name": "right_wing",
			"origin": [9.6, 6.4, 4.4],
			"color": 0,
			"children": [4]
		},
		{
			"name": "right_wing_tip",
			"origin": [13.8, 6.4, 4.4],
			"color": 0,
			"children": [5]
		},
		{
			"name": "tail",
			"origin": [7.5, 6.4, 10.7],
			"color": 0,
			"children": [6]
		},
		{
			"name": "tail2",
			"origin": [7.5, 6.05, 14.9],
			"color": 0,
			"children": [7]
		}
	]
}