{
	"credit": "Made with Blockbench",
	"texture_size": [32, 32],
	"textures": {
		"0": "mc_overhaul:item/compendium_icons/bestiary/pig",
		"particle": "minecraft:item/emerald"
	},
	"elements": [
		{
			"name": "body",
			"from": [3, 6, 0],
			"to": [13, 14, 16],
			"rotation": {"angle": 0, "axis": "x", "origin": [8, 11, 23]},
			"faces": {
				"north": {"uv": [8, 16, 13, 12], "rotation": 180, "texture": "#0"},
				"east": {"uv": [0, 8, 4, 16], "rotation": 90, "texture": "#0"},
				"south": {"uv": [10, 6, 12.5, 8.5], "texture": "#0"},
				"west": {"uv": [10, 6, 12.5, 8.5], "rotation": 270, "texture": "#0"},
				"up": {"uv": [4, 8, 8, 16], "texture": "#0"},
				"down": {"uv": [10, 6, 12.5, 8.5], "rotation": 180, "texture": "#0"}
			}
		},
		{
			"name": "head",
			"from": [4, 8, -6],
			"to": [12, 16, 2],
			"rotation": {"angle": 0, "axis": "y", "origin": [8, 0, 8]},
			"faces": {
				"north": {"uv": [4, 4, 8, 8], "texture": "#0"},
				"east": {"uv": [0, 4, 4, 8], "texture": "#0"},
				"south": {"uv": [3, 0, 4, 4], "texture": "#0"},
				"west": {"uv": [3, 0, 4, 4], "texture": "#0"},
				"up": {"uv": [4, 0, 8, 4], "texture": "#0"},
				"down": {"uv": [3, 0, 4, 4], "texture": "#0"}
			}
		},
		{
			"name": "head",
			"from": [6, 9, -7],
			"to": [10, 12, -6],
			"rotation": {"angle": 0, "axis": "y", "origin": [8, 0, 8]},
			"faces": {
				"north": {"uv": [1, 1.5, 3, 3], "texture": "#0"},
				"east": {"uv": [0.5, 1.5, 1, 3], "texture": "#0"},
				"south": {"uv": [0.5, 1, 1, 1.5], "texture": "#0"},
				"west": {"uv": [0.5, 1, 1, 1.5], "texture": "#0"},
				"up": {"uv": [1, 1, 3, 1.5], "texture": "#0"},
				"down": {"uv": [0.5, 1, 1, 1.5], "texture": "#0"}
			}
		},
		{
			"name": "leg1",
			"from": [9, 0, 13],
			"to": [13, 6, 17],
			"rotation": {"angle": 0, "axis": "y", "origin": [8, 0, 8]},
			"faces": {
				"north": {"uv": [10.5, 2, 12.5, 5], "texture": "#0"},
				"east": {"uv": [8.5, 2, 10.5, 5], "texture": "#0"},
				"south": {"uv": [8.5, 0, 10.5, 2], "texture": "#0"},
				"west": {"uv": [8.5, 0, 10.5, 2], "texture": "#0"},
				"up": {"uv": [10.5, 0, 12.5, 2], "texture": "#0"},
				"down": {"uv": [8.5, 0, 10.5, 2], "texture": "#0"}
			}
		},
		{
			"name": "leg2",
			"from": [3, 0, 13],
			"to": [7, 6, 17],
			"rotation": {"angle": 0, "axis": "y", "origin": [8, 0, 8]},
			"faces": {
				"north": {"uv": [10.5, 2, 12.5, 5], "texture": "#0"},
				"east": {"uv": [8.5, 2, 10.5, 5], "texture": "#0"},
				"south": {"uv": [8.5, 0, 10.5, 2], "texture": "#0"},
				"west": {"uv": [8.5, 0, 10.5, 2], "texture": "#0"},
				"up": {"uv": [8.5, 0, 10.5, 2], "texture": "#0"},
				"down": {"uv": [8.5, 0, 10.5, 2], "texture": "#0"}
			}
		},
		{
			"name": "leg3",
			"from": [9, 0, 1],
			"to": [13, 6, 5],
			"rotation": {"angle": 0, "axis": "y", "origin": [8, 0, 8]},
			"faces": {
				"north": {"uv": [10.5, 2, 12.5, 5], "texture": "#0"},
				"east": {"uv": [8.5, 2, 10.5, 5], "texture": "#0"},
				"south": {"uv": [8.5, 0, 10.5, 2], "texture": "#0"},
				"west": {"uv": [8.5, 0, 10.5, 2], "texture": "#0"},
				"up": {"uv": [8.5, 0, 10.5, 2], "texture": "#0"},
				"down": {"uv": [8.5, 0, 10.5, 2], "texture": "#0"}
			}
		},
		{
			"name": "leg4",
			"from": [3, 0, 1],
			"to": [7, 6, 5],
			"rotation": {"angle": 0, "axis": "y", "origin": [8, 0, 8]},
			"faces": {
				"north": {"uv": [10.5, 2, 12.5, 5], "texture": "#0"},
				"east": {"uv": [8.5, 2, 10.5, 5], "texture": "#0"},
				"south": {"uv": [8.5, 0, 10.5, 2], "texture": "#0"},
				"west": {"uv": [8.5, 0, 10.5, 2], "texture": "#0"},
				"up": {"uv": [8.5, 0, 10.5, 2], "texture": "#0"},
				"down": {"uv": [8.5, 0, 10.5, 2], "texture": "#0"}
			}
		}
	],
	"gui_light": "front",
	"display": {
		"gui": {
			"rotation": [20, -140, 0],
			"translation": [-1.25, 0.75, 0],
			"scale": [0.9, 0.9, 0.9]
		}
	},
	"groups": [
		{
			"name": "body",
			"origin": [8, 13, 10],
			"color": 0,
			"children": [0]
		},
		{
			"name": "head",
			"origin": [8, 12, 2],
			"color": 0,
			"children": [1, 2]
		},
		{
			"name": "leg1",
			"origin": [11, 6, 15],
			"color": 0,
			"children": [3]
		},
		{
			"name": "leg2",
			"origin": [5, 6, 15],
			"color": 0,
			"children": [4]
		},
		{
			"name": "leg3",
			"origin": [11, 6, 3],
			"color": 0,
			"children": [5]
		},
		{
			"name": "leg4",
			"origin": [5, 6, 3],
			"color": 0,
			"children": [6]
		}
	]
}