{
	"credit": "Made with Blockbench",
	"texture_size": [64, 32],
	"textures": {
		"0": "mc_overhaul:item/compendium_icons/bestiary/piglin_brute",
		"particle": "minecraft:item/emerald"
	},
	"elements": [
		{
			"name": "head",
			"from": [4.7, 16, 5.36],
			"to": [11.3, 21.28, 10.64],
			"rotation": {"angle": 0, "axis": "y", "origin": [8, 0.16, 8]},
			"faces": {
				"north": {"uv": [2, 4, 4.5, 8], "texture": "#0"},
				"east": {"uv": [0, 4, 2, 8], "texture": "#0"},
				"south": {"uv": [5.25, 2, 6.5, 5.5], "texture": "#0"},
				"west": {"uv": [5.25, 2, 6.5, 5.5], "texture": "#0"},
				"up": {"uv": [2, 0, 4.5, 4], "texture": "#0"},
				"down": {"uv": [5.25, 2, 6.5, 5.5], "texture": "#0"}
			}
		},
		{
			"name": "head",
			"from": [6.68, 16, 4.7],
			"to": [9.32, 18.64, 5.36],
			"rotation": {"angle": 0, "axis": "y", "origin": [8, 0.16, 8]},
			"faces": {
				"north": {"uv": [0.75, 1.5, 1.75, 3.5], "texture": "#0"},
				"east": {"uv": [0.5, 1.5, 0.75, 3.5], "texture": "#0"},
				"south": {"uv": [0.5, 1, 0.75, 1.5], "texture": "#0"},
				"west": {"uv": [0.5, 1, 0.75, 1.5], "texture": "#0"},
				"up": {"uv": [0.75, 1, 1.75, 1.5], "texture": "#0"},
				"down": {"uv": [0.5, 1, 0.75, 1.5], "texture": "#0"}
			}
		},
		{
			"name": "head",
			"from": [6.02, 16, 4.7],
			"to": [6.68, 17.32, 5.36],
			"rotation": {"angle": 0, "axis": "y", "origin": [8, 0.16, 8]},
			"faces": {
				"north": {"uv": [0.25, 0, 0.5, 1], "texture": "#0"},
				"east": {"uv": [0.5, 0, 0.75, 1], "texture": "#0"},
				"south": {"uv": [0.5, 0, 0.75, 1], "texture": "#0"},
				"west": {"uv": [0.5, 0, 0.75, 1], "texture": "#0"},
				"up": {"uv": [0, 0, 0.25, 0.5], "texture": "#0"},
				"down": {"uv": [0.5, 0, 0.75, 1], "texture": "#0"}
			}
		},
		{
			"name": "head",
			"from": [9.32, 16, 4.7],
			"to": [9.98, 17.32, 5.36],
			"rotation": {"angle": 0, "axis": "y", "origin": [8, 0.16, 8]},
			"faces": {
				"north": {"uv": [0.25, 0, 0.5, 1], "texture": "#0"},
				"east": {"uv": [0, 0, 0.25, 1], "texture": "#0"},
				"south": {"uv": [1.75, 0.5, 3, 3], "texture": "#0"},
				"west": {"uv": [1.75, 0.5, 3, 3], "texture": "#0"},
				"up": {"uv": [0, 0, 0.25, 0.5], "texture": "#0"},
				"down": {"uv": [1.75, 0.5, 3, 3], "texture": "#0"}
			}
		},
		{
			"name": "right_ear",
			"from": [18.89, 16.99, 6.68],
			"to": [19.55, 20.29, 9.32],
			"rotation": {"angle": 22.5, "axis": "z", "origin": [15.92, 0.49, 8]},
			"faces": {
				"north": {"uv": [14.5, 6, 14.75, 8.5], "texture": "#0"},
				"east": {"uv": [13.5, 6, 14.5, 8.5], "texture": "#0"},
				"south": {"uv": [14.75, 4, 15, 8.5], "texture": "#0"},
				"west": {"uv": [14.75, 4, 15, 8.5], "texture": "#0"},
				"up": {"uv": [14.5, 4, 14.75, 6], "texture": "#0"},
				"down": {"uv": [14.75, 4, 15, 8.5], "texture": "#0"}
			}
		},
		{
			"name": "body",
			"from": [5.36, 8.08, 6.68],
			"to": [10.64, 16, 9.32],
			"rotation": {"angle": 0, "axis": "y", "origin": [8, 0.16, 8]},
			"faces": {
				"north": {"uv": [4.5, 0, 6.5, 6], "texture": "#0"},
				"east": {"uv": [4.5, 6, 5.5, 8], "texture": "#0"},
				"south": {"uv": [4.5, 6, 5.5, 8], "texture": "#0"},
				"west": {"uv": [4.5, 6, 5.5, 8], "texture": "#0"},
				"up": {"uv": [4.5, 6, 5.5, 8], "texture": "#0"},
				"down": {"uv": [4.5, 6, 5.5, 8], "texture": "#0"}
			}
		},
		{
			"name": "jacket",
			"from": [5.195, 7.915, 6.515],
			"to": [10.805, 16.165, 9.485],
			"rotation": {"angle": 0, "axis": "y", "origin": [8, 0.16, 8]},
			"faces": {
				"north": {"uv": [12.5, 0, 14.5, 6], "texture": "#0"},
				"east": {"uv": [11.5, 0, 12.5, 6], "texture": "#0"},
				"south": {"uv": [11.5, 6, 13.5, 8.5], "texture": "#0"},
				"west": {"uv": [11.5, 6, 13.5, 8.5], "texture": "#0"},
				"up": {"uv": [11.5, 6, 13.5, 8.5], "texture": "#0"},
				"down": {"uv": [11.5, 6, 13.5, 8.5], "texture": "#0"}
			}
		},
		{
			"name": "left_arm",
			"from": [2.72, 8.08, 6.68],
			"to": [5.36, 16, 9.32],
			"rotation": {"angle": 0, "axis": "y", "origin": [8, 0.16, 8]},
			"faces": {
				"north": {"uv": [8.5, 2, 9.5, 8], "texture": "#0"},
				"east": {"uv": [8.5, 0, 9.5, 2], "texture": "#0"},
				"south": {"uv": [8.5, 0, 9.5, 2], "texture": "#0"},
				"west": {"uv": [8.5, 0, 9.5, 2], "texture": "#0"},
				"up": {"uv": [9.5, 0, 10.5, 2], "texture": "#0"},
				"down": {"uv": [8.5, 0, 9.5, 2], "texture": "#0"}
			}
		},
		{
			"name": "right_arm",
			"from": [10.64, 8.08, 6.68],
			"to": [13.28, 16, 9.32],
			"rotation": {"angle": 0, "axis": "x", "origin": [8, 0.16, 8]},
			"faces": {
				"north": {"uv": [10.5, 2, 11.5, 8], "texture": "#0"},
				"east": {"uv": [9.5, 2, 10.5, 8], "texture": "#0"},
				"south": {"uv": [10.5, 0, 11.5, 2], "texture": "#0"},
				"west": {"uv": [10.5, 0, 11.5, 2], "texture": "#0"},
				"up": {"uv": [9.5, 0, 10.5, 2], "texture": "#0"},
				"down": {"uv": [10.5, 0, 11.5, 2], "texture": "#0"}
			}
		},
		{
			"name": "left_leg",
			"from": [5.36, 0.16, 6.68],
			"to": [8, 8.08, 9.32],
			"rotation": {"angle": 0, "axis": "y", "origin": [8, 0.16, 8]},
			"faces": {
				"north": {"uv": [7.5, 0, 8.5, 6], "texture": "#0"},
				"east": {"uv": [8.5, 2, 9.5, 0], "texture": "#0"},
				"south": {"uv": [8.5, 2, 9.5, 0], "texture": "#0"},
				"west": {"uv": [8.5, 2, 9.5, 0], "texture": "#0"},
				"up": {"uv": [8.5, 2, 9.5, 0], "texture": "#0"},
				"down": {"uv": [8.5, 2, 9.5, 0], "texture": "#0"}
			}
		},
		{
			"name": "left_pants",
			"from": [5.195, -0.005, 6.515],
			"to": [8.165, 8.245, 9.485],
			"rotation": {"angle": 0, "axis": "y", "origin": [8, 0.16, 8]},
			"faces": {
				"north": {"uv": [6.5, 6, 7.5, 12], "texture": "#0"},
				"east": {"uv": [6.5, 12, 7.5, 14], "texture": "#0"},
				"south": {"uv": [6.5, 12, 7.5, 14], "texture": "#0"},
				"west": {"uv": [6.5, 12, 7.5, 14], "texture": "#0"},
				"up": {"uv": [6.5, 12, 7.5, 14], "texture": "#0"},
				"down": {"uv": [6.5, 12, 7.5, 14], "texture": "#0"}
			}
		},
		{
			"name": "right_leg",
			"from": [8, 0.16, 6.68],
			"to": [10.64, 8.08, 9.32],
			"rotation": {"angle": 0, "axis": "y", "origin": [8, 0.16, 8]},
			"faces": {
				"north": {"uv": [7.5, 0, 8.5, 6], "texture": "#0"},
				"east": {"uv": [6.5, 0, 7.5, 6], "texture": "#0"},
				"south": {"uv": [8.5, 0, 9.5, 2], "texture": "#0"},
				"west": {"uv": [8.5, 0, 9.5, 2], "texture": "#0"},
				"up": {"uv": [8.5, 0, 9.5, 2], "texture": "#0"},
				"down": {"uv": [8.5, 0, 9.5, 2], "texture": "#0"}
			}
		},
		{
			"name": "right_pants",
			"from": [7.835, -0.005, 6.515],
			"to": [10.805, 8.245, 9.485],
			"rotation": {"angle": 0, "axis": "y", "origin": [8, 0.16, 8]},
			"faces": {
				"north": {"uv": [6.5, 6, 7.5, 12], "texture": "#0"},
				"east": {"uv": [7.5, 6, 8.5, 12], "texture": "#0"},
				"south": {"uv": [6.5, 12, 7.5, 14], "texture": "#0"},
				"west": {"uv": [6.5, 12, 7.5, 14], "texture": "#0"},
				"up": {"uv": [6.5, 12, 7.5, 14], "texture": "#0"},
				"down": {"uv": [6.5, 12, 7.5, 14], "texture": "#0"}
			}
		},
		{
			"name": "axe",
			"from": [12, 0.9, 1.6],
			"to": [12, 9.7, 10.4],
			"rotation": {"angle": 45, "axis": "x", "origin": [12, 9.7, 10.4]},
			"faces": {
				"north": {"uv": [4.5, 8, 3, 15], "rotation": 180, "texture": "#0"},
				"east": {"uv": [3, 8, 0, 15], "rotation": 180, "texture": "#0"},
				"south": {"uv": [4.5, 8, 3, 15], "rotation": 180, "texture": "#0"},
				"west": {"uv": [4.5, 8, 3, 15], "rotation": 180, "texture": "#0"},
				"up": {"uv": [4.5, 8, 3, 15], "texture": "#0"},
				"down": {"uv": [4.5, 8, 3, 15], "texture": "#0"}
			}
		}
	],
	"gui_light": "front",
	"display": {
		"gui": {
			"rotation": [20, -140, 0],
			"translation": [0, -2.5, 0],
			"scale": [0.9, 0.9, 0.9]
		}
	},
	"groups": [
		{
			"name": "head",
			"origin": [8, 15, 8],
			"color": 0,
			"children": [0, 1, 2, 3]
		},
		{
			"name": "right_ear",
			"origin": [10.7, 18.6, 8],
			"color": 0,
			"children": [4]
		},
		{
			"name": "body",
			"origin": [8, 15, 8],
			"color": 0,
			"children": [5]
		},
		{
			"name": "jacket",
			"origin": [8, 15, 8],
			"color": 0,
			"children": [6]
		},
		{
			"name": "left_arm",
			"origin": [5, 13.8, 8],
			"color": 0,
			"children": [7]
		},
		{
			"name": "right_arm",
			"origin": [11, 13.8, 8],
			"color": 0,
			"children": [8]
		},
		{
			"name": "left_leg",
			"origin": [6.8, 7.8, 8],
			"color": 0,
			"children": [9]
		},
		{
			"name": "left_pants",
			"origin": [6.8, 7.8, 8],
			"color": 0,
			"children": [10]
		},
		{
			"name": "right_leg",
			"origin": [9.2, 7.8, 8],
			"color": 0,
			"children": [11]
		},
		{
			"name": "right_pants",
			"origin": [9.2, 7.8, 8],
			"color": 0,
			"children": [12]
		},
		{
			"name": "axe",
			"origin": [8, 8, 8],
			"color": 0,
			"children": [13]
		}
	]
}