{
	"credit": "Made with Blockbench",
	"texture_size": [64, 16],
	"textures": {
		"0": "mc_overhaul:item/compendium_icons/bestiary/piglin",
		"particle": "minecraft:item/emerald"
	},
	"elements": [
		{
			"name": "head",
			"from": [4.92, 15.6, 5.536],
			"to": [11.08, 20.528, 10.464],
			"rotation": {"angle": 0, "axis": "y", "origin": [8, 0.816, 8]},
			"faces": {
				"north": {"uv": [2, 8, 4.5, 16], "texture": "#0"},
				"east": {"uv": [0, 8, 2, 16], "texture": "#0"},
				"south": {"uv": [1.75, 0, 2, 8], "texture": "#0"},
				"west": {"uv": [1.75, 0, 2, 8], "texture": "#0"},
				"up": {"uv": [2, 0, 4.5, 8], "texture": "#0"},
				"down": {"uv": [1.75, 0, 2, 8], "texture": "#0"}
			}
		},
		{
			"name": "head",
			"from": [6.768, 15.6, 4.92],
			"to": [9.232, 18.064, 5.536],
			"rotation": {"angle": 0, "axis": "y", "origin": [8, 0.816, 8]},
			"faces": {
				"north": {"uv": [0.75, 3, 1.75, 7], "texture": "#0"},
				"east": {"uv": [0.5, 3, 0.75, 7], "texture": "#0"},
				"south": {"uv": [0.5, 2, 0.75, 3], "texture": "#0"},
				"west": {"uv": [0.5, 2, 0.75, 3], "texture": "#0"},
				"up": {"uv": [0.75, 2, 1.75, 3], "texture": "#0"},
				"down": {"uv": [0.5, 2, 0.75, 3], "texture": "#0"}
			}
		},
		{
			"name": "head",
			"from": [6.152, 15.6, 4.92],
			"to": [6.768, 16.832, 5.536],
			"rotation": {"angle": 0, "axis": "y", "origin": [8, 0.816, 8]},
			"faces": {
				"north": {"uv": [0.25, 1, 0.5, 3], "texture": "#0"},
				"east": {"uv": [0, 0, 0.5, 1], "texture": "#0"},
				"south": {"uv": [0, 0, 0.5, 1], "texture": "#0"},
				"west": {"uv": [0, 0, 0.5, 1], "texture": "#0"},
				"up": {"uv": [0, 1, 0.25, 2], "texture": "#0"},
				"down": {"uv": [0, 0, 0.5, 1], "texture": "#0"}
			}
		},
		{
			"name": "head",
			"from": [9.232, 15.6, 4.92],
			"to": [9.848, 16.832, 5.536],
			"rotation": {"angle": 0, "axis": "y", "origin": [8, 0.816, 8]},
			"faces": {
				"north": {"uv": [0.25, 1, 0.5, 3], "texture": "#0"},
				"east": {"uv": [0, 1, 0.25, 3], "texture": "#0"},
				"south": {"uv": [0, 0, 0.5, 1], "texture": "#0"},
				"west": {"uv": [0, 0, 0.5, 1], "texture": "#0"},
				"up": {"uv": [0, 1, 0.25, 2], "texture": "#0"},
				"down": {"uv": [0, 0, 0.5, 1], "texture": "#0"}
			}
		},
		{
			"name": "right_ear",
			"from": [18.076, 16.744, 6.768],
			"to": [18.692, 19.824, 9.232],
			"rotation": {"angle": 22.5, "axis": "z", "origin": [15.304, 1.344, 8]},
			"faces": {
				"north": {"uv": [11.5, 4, 11.75, 9], "texture": "#0"},
				"east": {"uv": [10.5, 4, 11.5, 9], "texture": "#0"},
				"south": {"uv": [10.5, 0, 11.5, 4], "texture": "#0"},
				"west": {"uv": [10.5, 0, 11.5, 4], "texture": "#0"},
				"up": {"uv": [11.5, 0, 11.75, 4], "texture": "#0"},
				"down": {"uv": [10.5, 0, 11.5, 4], "texture": "#0"}
			}
		},
		{
			"name": "body",
			"from": [5.536, 8.208, 6.768],
			"to": [10.464, 15.6, 9.232],
			"rotation": {"angle": 0, "axis": "y", "origin": [8, 0.816, 8]},
			"faces": {
				"north": {"uv": [4.5, 0, 6.5, 12], "texture": "#0"},
				"east": {"uv": [4.5, 12, 6.5, 16], "texture": "#0"},
				"south": {"uv": [4.5, 12, 6.5, 16], "texture": "#0"},
				"west": {"uv": [4.5, 12, 6.5, 16], "texture": "#0"},
				"up": {"uv": [4.5, 12, 6.5, 16], "texture": "#0"},
				"down": {"uv": [4.5, 12, 6.5, 16], "texture": "#0"}
			}
		},
		{
			"name": "left_arm",
			"from": [3.072, 8.208, 6.768],
			"to": [5.536, 15.6, 9.232],
			"rotation": {"angle": 0, "axis": "y", "origin": [8, 0.816, 8]},
			"faces": {
				"north": {"uv": [9.5, 4, 10.5, 16], "texture": "#0"},
				"east": {"uv": [9.5, 0, 10.5, 4], "texture": "#0"},
				"south": {"uv": [9.5, 0, 10.5, 4], "texture": "#0"},
				"west": {"uv": [9.5, 0, 10.5, 4], "texture": "#0"},
				"up": {"uv": [9.5, 0, 10.5, 4], "texture": "#0"},
				"down": {"uv": [9.5, 0, 10.5, 4], "texture": "#0"}
			}
		},
		{
			"name": "right_arm",
			"from": [10.464, 8.208, 6.763],
			"to": [12.928, 15.6, 9.227],
			"rotation": {"angle": 0, "axis": "x", "origin": [8, 0.816, 7.995]},
			"faces": {
				"north": {"uv": [9.5, 4, 10.5, 16], "texture": "#0"},
				"east": {"uv": [8.5, 4, 9.5, 16], "texture": "#0"},
				"south": {"uv": [9.5, 0, 10.5, 4], "texture": "#0"},
				"west": {"uv": [9.5, 0, 10.5, 4], "texture": "#0"},
				"up": {"uv": [8.5, 0, 9.5, 4], "texture": "#0"},
				"down": {"uv": [9.5, 0, 10.5, 4], "texture": "#0"}
			}
		},
		{
			"name": "left_leg",
			"from": [5.536, 0.816, 6.768],
			"to": [8, 8.208, 9.232],
			"rotation": {"angle": 0, "axis": "y", "origin": [8, 0.816, 8]},
			"faces": {
				"north": {"uv": [7.5, 0, 8.5, 12], "texture": "#0"},
				"east": {"uv": [7.5, 12, 8.5, 16], "texture": "#0"},
				"south": {"uv": [7.5, 12, 8.5, 16], "texture": "#0"},
				"west": {"uv": [7.5, 12, 8.5, 16], "texture": "#0"},
				"up": {"uv": [7.5, 12, 8.5, 16], "texture": "#0"},
				"down": {"uv": [7.5, 12, 8.5, 16], "texture": "#0"}
			}
		},
		{
			"name": "right_leg",
			"from": [8, 0.816, 6.768],
			"to": [10.464, 8.208, 9.232],
			"rotation": {"angle": 0, "axis": "y", "origin": [8, 0.816, 8]},
			"faces": {
				"north": {"uv": [7.5, 0, 8.5, 12], "texture": "#0"},
				"east": {"uv": [6.5, 0, 7.5, 12], "texture": "#0"},
				"south": {"uv": [6.5, 12, 8.5, 16], "texture": "#0"},
				"west": {"uv": [6.5, 12, 8.5, 16], "texture": "#0"},
				"up": {"uv": [6.5, 12, 8.5, 16], "texture": "#0"},
				"down": {"uv": [6.5, 12, 8.5, 16], "texture": "#0"}
			}
		},
		{
			"name": "sword",
			"from": [11.72, 2.56, 4.58],
			"to": [11.72, 12.46, 14.48],
			"rotation": {"angle": -45, "axis": "x", "origin": [11.72, 0.8, 3.92]},
			"faces": {
				"north": {"uv": [11.75, 0, 12, 16], "texture": "#0"},
				"east": {"uv": [12, 0, 16, 16], "texture": "#0"},
				"south": {"uv": [11.75, 0, 12, 16], "texture": "#0"},
				"west": {"uv": [11.75, 0, 12, 16], "texture": "#0"},
				"up": {"uv": [11.75, 0, 12, 16], "texture": "#0"},
				"down": {"uv": [11.75, 0, 12, 16], "texture": "#0"}
			}
		}
	],
	"gui_light": "front",
	"display": {
		"gui": {
			"rotation": [20, -140, 0],
			"translation": [0, -2.75, 0],
			"scale": [0.95, 0.95, 0.95]
		}
	},
	"groups": [
		{
			"name": "head",
			"origin": [8, 18, 8],
			"color": 0,
			"children": [0, 1, 2, 3]
		},
		{
			"name": "right_ear",
			"origin": [11.15, 22.2, 8],
			"color": 0,
			"children": [4]
		},
		{
			"name": "body",
			"origin": [8, 18, 8],
			"color": 0,
			"children": [5]
		},
		{
			"name": "left_arm",
			"origin": [4.5, 16.6, 8],
			"color": 0,
			"children": [6]
		},
		{
			"name": "right_arm",
			"origin": [11.5, 16.6, 8],
			"color": 0,
			"children": [7]
		},
		{
			"name": "left_leg",
			"origin": [6.6, 9.6, 8],
			"color": 0,
			"children": [8]
		},
		{
			"name": "right_leg",
			"origin": [9.4, 9.6, 8],
			"color": 0,
			"children": [9]
		},
		{
			"name": "sword",
			"origin": [8, 8, 8],
			"color": 0,
			"children": [10]
		}
	]
}