{
	"credit": "Made with Blockbench",
	"texture_size": [64, 64],
	"textures": {
		"0": "mc_overhaul:item/compendium_icons/bestiary/polar_bear",
		"particle": "minecraft:item/emerald"
	},
	"elements": [
		{
			"name": "head",
			"from": [5.55, 7.2, -7.1],
			"to": [10.45, 12.1, -2.2],
			"rotation": {"angle": 0, "axis": "y", "origin": [8, 0.2, 6.2]},
			"faces": {
				"north": {"uv": [1.75, 1.75, 3.5, 3.5], "texture": "#0"},
				"east": {"uv": [0, 1.75, 1.75, 3.5], "texture": "#0"},
				"south": {"uv": [1, 0, 1.75, 1.25], "texture": "#0"},
				"west": {"uv": [1, 0, 1.75, 1.25], "texture": "#0"},
				"up": {"uv": [1.75, 0, 3.5, 1.75], "texture": "#0"},
				"down": {"uv": [1, 0, 1.75, 1.25], "texture": "#0"}
			}
		},
		{
			"name": "head",
			"from": [6.25, 7.2, -9.2],
			"to": [9.75, 9.3, -7.1],
			"rotation": {"angle": 0, "axis": "y", "origin": [8, 0.2, 6.2]},
			"faces": {
				"north": {"uv": [9.75, 1.75, 11, 2.5], "texture": "#0"},
				"east": {"uv": [9, 1.75, 9.75, 2.5], "texture": "#0"},
				"south": {"uv": [9, 1, 9.75, 1.75], "texture": "#0"},
				"west": {"uv": [9, 1, 9.75, 1.75], "texture": "#0"},
				"up": {"uv": [9.75, 1, 11, 1.75], "texture": "#0"},
				"down": {"uv": [9, 1, 9.75, 1.75], "texture": "#0"}
			}
		},
		{
			"name": "head",
			"from": [4.85, 11.4, -5.7],
			"to": [6.25, 12.8, -5],
			"rotation": {"angle": 0, "axis": "y", "origin": [8, 0.2, 6.2]},
			"faces": {
				"north": {"uv": [1.25, 1.25, 1.75, 1.75], "texture": "#0"},
				"east": {"uv": [1.25, 1.75, 1.75, 2], "texture": "#0"},
				"south": {"uv": [1.25, 1, 1.75, 1.25], "texture": "#0"},
				"west": {"uv": [1.25, 1, 1.75, 1.25], "texture": "#0"},
				"up": {"uv": [1.75, 1.25, 2, 1.75], "texture": "#0"},
				"down": {"uv": [1.25, 1, 1.75, 1.25], "texture": "#0"}
			}
		},
		{
			"name": "head",
			"from": [9.75, 11.4, -5.7],
			"to": [11.15, 12.8, -5],
			"rotation": {"angle": 0, "axis": "y", "origin": [8, 0.2, 6.2]},
			"faces": {
				"north": {"uv": [2.25, 1.25, 1.75, 1.75], "texture": "#0"},
				"east": {"uv": [1.25, 1.75, 1.75, 2], "texture": "#0"},
				"south": {"uv": [1.25, 1, 1.75, 1.25], "texture": "#0"},
				"west": {"uv": [1.25, 1, 1.75, 1.25], "texture": "#0"},
				"up": {"uv": [1.75, 1.25, 2, 1.75], "texture": "#0"},
				"down": {"uv": [1.25, 1, 1.75, 1.25], "texture": "#0"}
			}
		},
		{
			"name": "body",
			"from": [3.1, 5.7, 5.5],
			"to": [12.9, 13.4, 15.3],
			"rotation": {"angle": 0, "axis": "x", "origin": [8, 2.2, 25.1]},
			"faces": {
				"north": {"uv": [5, 2.5, 8.5, 5.25], "texture": "#0"},
				"east": {"uv": [2.25, 5.25, 5, 8.75], "rotation": 90, "texture": "#0"},
				"south": {"uv": [3.5, 2.5, 5, 5.25], "texture": "#0"},
				"west": {"uv": [3.5, 2.5, 5, 5.25], "rotation": 270, "texture": "#0"},
				"up": {"uv": [5, 5.25, 8.5, 8.75], "texture": "#0"},
				"down": {"uv": [3.5, 2.5, 5, 5.25], "rotation": 180, "texture": "#0"}
			}
		},
		{
			"name": "body",
			"from": [3.8, 5.7, -2.9],
			"to": [12.2, 12.7, 5.5],
			"rotation": {"angle": 0, "axis": "x", "origin": [8, 2.2, 25.1]},
			"faces": {
				"north": {"uv": [11, 0, 14, 2.5], "rotation": 180, "texture": "#0"},
				"east": {"uv": [8.5, 2.5, 11, 5.5], "rotation": 90, "texture": "#0"},
				"south": {"uv": [14, 0, 14.75, 5.5], "texture": "#0"},
				"west": {"uv": [14, 0, 14.75, 5.5], "rotation": 270, "texture": "#0"},
				"up": {"uv": [11, 2.5, 14, 5.5], "texture": "#0"},
				"down": {"uv": [14, 0, 14.75, 5.5], "rotation": 180, "texture": "#0"}
			}
		},
		{
			"name": "leg1",
			"from": [3.45, 0.2, 9],
			"to": [6.25, 7.2, 14.6],
			"rotation": {"angle": 0, "axis": "y", "origin": [8, 0.2, 6.2]},
			"faces": {
				"north": {"uv": [3.5, 2.5, 5, 3.5], "texture": "#0"},
				"east": {"uv": [3.5, 0, 5.5, 2.5], "texture": "#0"},
				"south": {"uv": [3.5, 2.5, 5, 3.5], "texture": "#0"},
				"west": {"uv": [3.5, 2.5, 5, 3.5], "texture": "#0"},
				"up": {"uv": [3.5, 2.5, 5, 3.5], "texture": "#0"},
				"down": {"uv": [3.5, 2.5, 5, 3.5], "texture": "#0"}
			}
		},
		{
			"name": "leg2",
			"from": [9.75, 0.2, 9],
			"to": [12.55, 7.2, 14.6],
			"rotation": {"angle": 0, "axis": "y", "origin": [8, 0.2, 6.2]},
			"faces": {
				"north": {"uv": [5.5, 0, 6.5, 2.5], "texture": "#0"},
				"east": {"uv": [3.5, 0, 5.5, 2.5], "texture": "#0"},
				"south": {"uv": [3.5, 2.5, 5, 3.5], "texture": "#0"},
				"west": {"uv": [3.5, 2.5, 5, 3.5], "texture": "#0"},
				"up": {"uv": [3.5, 2.5, 5, 3.5], "texture": "#0"},
				"down": {"uv": [3.5, 2.5, 5, 3.5], "texture": "#0"}
			}
		},
		{
			"name": "leg3",
			"from": [4.15, 0.2, -0.8],
			"to": [6.95, 7.2, 3.4],
			"rotation": {"angle": 0, "axis": "y", "origin": [8, 0.2, 6.2]},
			"faces": {
				"north": {"uv": [5.5, 0, 6.5, 2.5], "texture": "#0"},
				"east": {"uv": [6.5, 0, 8, 2.5], "texture": "#0"},
				"south": {"uv": [8, 0, 9, 2.5], "texture": "#0"},
				"west": {"uv": [8, 0, 9, 2.5], "texture": "#0"},
				"up": {"uv": [8, 0, 9, 2.5], "texture": "#0"},
				"down": {"uv": [8, 0, 9, 2.5], "texture": "#0"}
			}
		},
		{
			"name": "leg4",
			"from": [9.05, 0.2, -0.8],
			"to": [11.85, 7.2, 3.4],
			"rotation": {"angle": 0, "axis": "y", "origin": [8, 0.2, 6.2]},
			"faces": {
				"north": {"uv": [5.5, 0, 6.5, 2.5], "texture": "#0"},
				"east": {"uv": [6.5, 0, 8, 2.5], "texture": "#0"},
				"south": {"uv": [8, 0, 9, 2.5], "texture": "#0"},
				"west": {"uv": [8, 0, 9, 2.5], "texture": "#0"},
				"up": {"uv": [8, 0, 9, 2.5], "texture": "#0"},
				"down": {"uv": [8, 0, 9, 2.5], "texture": "#0"}
			}
		}
	],
	"gui_light": "front",
	"display": {
		"gui": {
			"rotation": [20, -140, 0],
			"translation": [-2.0, 1, 0],
			"scale": [0.95, 0.95, 0.95]
		}
	},
	"groups": [
		{
			"name": "head",
			"origin": [8, 10, -5],
			"color": 0,
			"children": [0, 1, 2, 3]
		},
		{
			"name": "body",
			"origin": [9.4, 10.7, 14.6],
			"color": 0,
			"children": [4, 5]
		},
		{
			"name": "leg1",
			"origin": [4.85, 7.2, 10.4],
			"color": 0,
			"children": [6]
		},
		{
			"name": "leg2",
			"origin": [11.15, 7.2, 10.4],
			"color": 0,
			"children": [7]
		},
		{
			"name": "leg3",
			"origin": [5.55, 7.2, 0.6],
			"color": 0,
			"children": [8]
		},
		{
			"name": "leg4",
			"origin": [10.45, 7.2, 0.6],
			"color": 0,
			"children": [9]
		}
	]
}