{
	"credit": "Made with Blockbench",
	"texture_size": [32, 16],
	"textures": {
		"0": "mc_overhaul:item/compendium_icons/bestiary/pufferfish",
		"particle": "minecraft:item/emerald"
	},
	"elements": [
		{
			"name": "body",
			"from": [4, 1, 4],
			"to": [12, 9, 12],
			"rotation": {"angle": 0, "axis": "y", "origin": [8, 0, 8]},
			"faces": {
				"north": {"uv": [4, 8, 8, 16], "texture": "#0"},
				"east": {"uv": [0, 8, 4, 16], "texture": "#0"},
				"south": {"uv": [2, 4, 4, 8], "texture": "#0"},
				"west": {"uv": [2, 4, 4, 8], "texture": "#0"},
				"up": {"uv": [4, 0, 8, 8], "texture": "#0"},
				"down": {"uv": [2, 4, 4, 8], "texture": "#0"}
			}
		},
		{
			"name": "fin_right",
			"from": [12, 7, 5.01],
			"to": [14, 8, 7.01],
			"rotation": {"angle": 0, "axis": "y", "origin": [8, 0, 8]},
			"faces": {
				"north": {"uv": [1, 0, 2, 1], "texture": "#0"},
				"east": {"uv": [1, 0, 2, 1], "texture": "#0"},
				"south": {"uv": [1, 0, 2, 1], "texture": "#0"},
				"west": {"uv": [1, 0, 2, 1], "texture": "#0"},
				"up": {"uv": [2, 3, 1, 1], "texture": "#0"},
				"down": {"uv": [1, 0, 2, 1], "texture": "#0"}
			}
		},
		{
			"name": "spikes_front_top",
			"from": [4, 14.4, 9.3],
			"to": [12, 15.4, 9.3],
			"rotation": {"angle": -45, "axis": "x", "origin": [8, 5.4, 13.3]},
			"faces": {
				"north": {"uv": [8, 1, 12, 2], "texture": "#0"},
				"east": {"uv": [8, 0, 12, 1], "texture": "#0"},
				"south": {"uv": [8, 0, 12, 1], "texture": "#0"},
				"west": {"uv": [8, 0, 12, 1], "texture": "#0"},
				"up": {"uv": [8, 0, 12, 1], "texture": "#0"},
				"down": {"uv": [8, 0, 12, 1], "texture": "#0"}
			}
		},
		{
			"name": "spikes_middle_top",
			"from": [4, 9, 8],
			"to": [12, 10, 9],
			"rotation": {"angle": 0, "axis": "y", "origin": [8, 0, 8]},
			"faces": {
				"north": {"uv": [8, 1, 12, 2], "texture": "#0"},
				"east": {"uv": [8, 0, 12, 1], "texture": "#0"},
				"south": {"uv": [8, 0, 12, 1], "texture": "#0"},
				"west": {"uv": [8, 0, 12, 1], "texture": "#0"},
				"up": {"uv": [8, 0, 12, 1], "texture": "#0"},
				"down": {"uv": [8, 0, 12, 1], "texture": "#0"}
			}
		},
		{
			"name": "spikes_back_top",
			"from": [4, 14.4, 6.8],
			"to": [12, 15.4, 6.8],
			"rotation": {"angle": 45, "axis": "x", "origin": [8, 5.4, 2.8]},
			"faces": {
				"north": {"uv": [12, 2, 16, 3], "texture": "#0"},
				"east": {"uv": [12, 1, 16, 2], "texture": "#0"},
				"south": {"uv": [12, 1, 16, 2], "texture": "#0"},
				"west": {"uv": [12, 1, 16, 2], "texture": "#0"},
				"up": {"uv": [12, 1, 16, 2], "texture": "#0"},
				"down": {"uv": [12, 1, 16, 2], "texture": "#0"}
			}
		},
		{
			"name": "spikes_front_left",
			"from": [-1, 1, 5.7],
			"to": [0, 9, 5.7],
			"rotation": {"angle": -45, "axis": "y", "origin": [4, 0, 9.7]},
			"faces": {
				"north": {"uv": [8.5, 6, 9, 14], "texture": "#0"},
				"east": {"uv": [8, 6, 8.5, 14], "texture": "#0"},
				"south": {"uv": [8, 6, 8.5, 14], "texture": "#0"},
				"west": {"uv": [8, 6, 8.5, 14], "texture": "#0"},
				"up": {"uv": [8, 6, 8.5, 14], "texture": "#0"},
				"down": {"uv": [8, 6, 8.5, 14], "texture": "#0"}
			}
		},
		{
			"name": "spikes_back_right",
			"from": [16, 1, 10.3],
			"to": [17, 9, 10.3],
			"rotation": {"angle": -45, "axis": "y", "origin": [12, 0, 6.3]},
			"faces": {
				"north": {"uv": [12.5, 6, 13, 14], "texture": "#0"},
				"east": {"uv": [13, 6, 13.5, 14], "texture": "#0"},
				"south": {"uv": [13, 6, 13.5, 14], "texture": "#0"},
				"west": {"uv": [13, 6, 13.5, 14], "texture": "#0"},
				"up": {"uv": [13, 6, 13.5, 14], "texture": "#0"},
				"down": {"uv": [13, 6, 13.5, 14], "texture": "#0"}
			}
		},
		{
			"name": "spikes_front_bottom",
			"from": [4, -2.5, 2.2],
			"to": [12, -1.5, 2.2],
			"rotation": {"angle": 45, "axis": "x", "origin": [8, -2.5, 6.2]},
			"faces": {
				"north": {"uv": [8, 4, 12, 5], "texture": "#0"},
				"east": {"uv": [8, 3, 12, 4], "texture": "#0"},
				"south": {"uv": [8, 3, 12, 4], "texture": "#0"},
				"west": {"uv": [8, 3, 12, 4], "texture": "#0"},
				"up": {"uv": [8, 3, 12, 4], "texture": "#0"},
				"down": {"uv": [8, 3, 12, 4], "texture": "#0"}
			}
		}
	],
	"gui_light": "front",
	"display": {
		"gui": {
			"rotation": [20, -140, 0],
			"translation": [0, 3.25, 0],
			"scale": [1.1, 1.1, 1.1]
		}
	},
	"groups": [
		{
			"name": "body",
			"origin": [8, 1, 8],
			"color": 0,
			"children": [0]
		},
		{
			"name": "fin_right",
			"origin": [12, 8, 6],
			"color": 0,
			"children": [1]
		},
		{
			"name": "spikes_front_top",
			"origin": [8, 9, 4],
			"color": 0,
			"children": [2]
		},
		{
			"name": "spikes_middle_top",
			"origin": [8, 9, 8],
			"color": 0,
			"children": [3]
		},
		{
			"name": "spikes_back_top",
			"origin": [8, 9, 12],
			"color": 0,
			"children": [4]
		},
		{
			"name": "spikes_front_left",
			"origin": [4, 1, 4],
			"color": 0,
			"children": [5]
		},
		{
			"name": "spikes_back_right",
			"origin": [12, 1, 12],
			"color": 0,
			"children": [6]
		},
		{
			"name": "spikes_front_bottom",
			"origin": [8, 1, 4],
			"color": 0,
			"children": [7]
		}
	]
}