{
	"credit": "Made with Blockbench",
	"texture_size": [32, 16],
	"textures": {
		"0": "mc_overhaul:item/compendium_icons/bestiary/rabbit",
		"particle": "minecraft:item/emerald"
	},
	"elements": [
		{
			"name": "head",
			"from": [5.5, 7.5, 0],
			"to": [10.5, 11.5, 5],
			"rotation": {"angle": 0, "axis": "y", "origin": [8, 0, 8]},
			"faces": {
				"north": {"uv": [2.5, 5, 5, 9], "texture": "#0"},
				"east": {"uv": [0, 5, 2.5, 9], "texture": "#0"},
				"south": {"uv": [1.5, 3, 2.5, 5], "texture": "#0"},
				"west": {"uv": [1.5, 3, 2.5, 5], "texture": "#0"},
				"up": {"uv": [2.5, 0, 5, 5], "texture": "#0"},
				"down": {"uv": [1.5, 3, 2.5, 5], "texture": "#0"}
			}
		},
		{
			"name": "nose",
			"from": [7.5, 9, -0.5],
			"to": [8.5, 10, 0.5],
			"rotation": {"angle": 0, "axis": "y", "origin": [8, 0, 8]},
			"faces": {
				"north": {"uv": [1, 2, 1.5, 3], "texture": "#0"},
				"east": {"uv": [0.5, 2, 1, 3], "texture": "#0"},
				"south": {"uv": [0.5, 1, 1, 2], "texture": "#0"},
				"west": {"uv": [0.5, 1, 1, 2], "texture": "#0"},
				"up": {"uv": [1, 1, 1.5, 2], "texture": "#0"},
				"down": {"uv": [0.5, 1, 1, 2], "texture": "#0"}
			}
		},
		{
			"name": "left_ear",
			"from": [5.5, 11.5, 4],
			"to": [7.5, 16.5, 5],
			"rotation": {"angle": 0, "axis": "y", "origin": [8, 0, 8]},
			"faces": {
				"north": {"uv": [14, 1, 15, 6], "texture": "#0"},
				"east": {"uv": [13.5, 1, 14, 6], "texture": "#0"},
				"south": {"uv": [13.5, 0, 14, 1], "texture": "#0"},
				"west": {"uv": [13.5, 0, 14, 1], "texture": "#0"},
				"up": {"uv": [14, 0, 15, 1], "texture": "#0"},
				"down": {"uv": [13.5, 0, 14, 1], "texture": "#0"}
			}
		},
		{
			"name": "right_ear",
			"from": [8.5, 11.5, 4],
			"to": [10.5, 16.5, 5],
			"rotation": {"angle": 0, "axis": "y", "origin": [8, 0, 8]},
			"faces": {
				"north": {"uv": [12.5, 1, 13.5, 6], "texture": "#0"},
				"east": {"uv": [12, 1, 12.5, 6], "texture": "#0"},
				"south": {"uv": [12, 0, 12.5, 1], "texture": "#0"},
				"west": {"uv": [12, 0, 12.5, 1], "texture": "#0"},
				"up": {"uv": [12.5, 0, 13.5, 1], "texture": "#0"},
				"down": {"uv": [12, 0, 12.5, 1], "texture": "#0"}
			}
		},
		{
			"name": "body",
			"from": [5, 4.3, 1],
			"to": [11, 9.3, 11],
			"rotation": {"angle": 22.5, "axis": "x", "origin": [8, -0.7, 4]},
			"faces": {
				"north": {"uv": [5, 10, 8, 15], "texture": "#0"},
				"east": {"uv": [0, 10, 5, 15], "texture": "#0"},
				"south": {"uv": [0, 9, 5, 10], "texture": "#0"},
				"west": {"uv": [0, 9, 5, 10], "texture": "#0"},
				"up": {"uv": [8, 10, 5, 0], "texture": "#0"},
				"down": {"uv": [0, 9, 5, 10], "texture": "#0"}
			}
		},
		{
			"name": "left_arm",
			"from": [4, 0, 4],
			"to": [6, 7, 6],
			"rotation": {"angle": 0, "axis": "y", "origin": [8, 0, 8]},
			"faces": {
				"north": {"uv": [11, 0, 12, 7], "texture": "#0"},
				"east": {"uv": [10, 0, 11, 7], "texture": "#0"},
				"south": {"uv": [12, 0, 12.5, 1], "texture": "#0"},
				"west": {"uv": [12, 0, 12.5, 1], "texture": "#0"},
				"up": {"uv": [12, 0, 12.5, 1], "texture": "#0"},
				"down": {"uv": [12, 0, 12.5, 1], "texture": "#0"}
			}
		},
		{
			"name": "right_arm",
			"from": [10, 0, 4],
			"to": [12, 7, 6],
			"rotation": {"angle": 0, "axis": "x", "origin": [8, 0, 8]},
			"faces": {
				"north": {"uv": [9, 0, 10, 7], "texture": "#0"},
				"east": {"uv": [8, 0, 9, 7], "texture": "#0"},
				"south": {"uv": [8, 7, 10, 9], "texture": "#0"},
				"west": {"uv": [8, 7, 10, 9], "texture": "#0"},
				"up": {"uv": [8, 7, 10, 9], "texture": "#0"},
				"down": {"uv": [8, 7, 10, 9], "texture": "#0"}
			}
		},
		{
			"name": "right_thigh",
			"from": [10, 3.3, 6.5],
			"to": [12, 7.3, 11.5],
			"rotation": {"angle": 22.5, "axis": "x", "origin": [8, -0.7, 4]},
			"faces": {
				"north": {"uv": [10.5, 12, 11.5, 16], "texture": "#0"},
				"east": {"uv": [8, 12, 10.5, 16], "texture": "#0"},
				"south": {"uv": [8, 7, 10.5, 12], "texture": "#0"},
				"west": {"uv": [8, 7, 10.5, 12], "texture": "#0"},
				"up": {"uv": [10.5, 7, 11.5, 12], "texture": "#0"},
				"down": {"uv": [8, 7, 10.5, 12], "texture": "#0"}
			}
		},
		{
			"name": "left_foot",
			"from": [4, 0, 6.5],
			"to": [6, 1, 13.5],
			"rotation": {"angle": 0, "axis": "x", "origin": [8, -3, 6]},
			"faces": {
				"north": {"uv": [15, 7, 16, 8], "texture": "#0"},
				"east": {"uv": [11.5, 7, 15, 8], "texture": "#0"},
				"south": {"uv": [12, 6, 15, 7], "texture": "#0"},
				"west": {"uv": [12, 6, 15, 7], "texture": "#0"},
				"up": {"uv": [15, 8, 16, 1], "texture": "#0"},
				"down": {"uv": [12, 6, 15, 7], "texture": "#0"}
			}
		},
		{
			"name": "right_foot",
			"from": [10, 0, 6.5],
			"to": [12, 1, 13.5],
			"rotation": {"angle": 0, "axis": "x", "origin": [8, -3, 6]},
			"faces": {
				"north": {"uv": [15, 7, 16, 8], "texture": "#0"},
				"east": {"uv": [11.5, 7, 15, 8], "texture": "#0"},
				"south": {"uv": [12, 6, 15, 7], "texture": "#0"},
				"west": {"uv": [12, 6, 15, 7], "texture": "#0"},
				"up": {"uv": [16, 8, 15, 1], "texture": "#0"},
				"down": {"uv": [12, 6, 15, 7], "texture": "#0"}
			}
		}
	],
	"gui_light": "front",
	"display": {
		"gui": {
			"rotation": [20, -140, 0],
			"translation": [0, 0.75, 0],
			"scale": [1.0, 1.0, 1.0]
		}
	},
	"groups": [
		{
			"name": "head",
			"origin": [8, 7.5, 5],
			"color": 0,
			"children": [0]
		},
		{
			"name": "nose",
			"origin": [8, 7.5, 5],
			"color": 0,
			"children": [1]
		},
		{
			"name": "left_ear",
			"origin": [8, 7.5, 5],
			"color": 0,
			"children": [2]
		},
		{
			"name": "right_ear",
			"origin": [8, 7.5, 5],
			"color": 0,
			"children": [3]
		},
		{
			"name": "body",
			"origin": [8, 8, 15],
			"color": 0,
			"children": [4]
		},
		{
			"name": "left_arm",
			"origin": [5, 7, 5],
			"color": 0,
			"children": [5]
		},
		{
			"name": "right_arm",
			"origin": [11, 7, 5],
			"color": 0,
			"children": [6]
		},
		{
			"name": "right_thigh",
			"origin": [11, 8, 10.5],
			"color": 0,
			"children": [7]
		},
		{
			"name": "left_foot",
			"origin": [5, 9.5, 12.2],
			"color": 0,
			"children": [8]
		},
		{
			"name": "right_foot",
			"origin": [11, 9.5, 12.2],
			"color": 0,
			"children": [9]
		}
	]
}