{
	"format_version": "1.9.0",
	"credit": "Made with Blockbench",
	"texture_size": [32, 16],
	"textures": {
		"0": "mc_overhaul:item/compendium_icons/bestiary/ragdoll_cat",
		"particle": "minecraft:item/emerald"
	},
	"elements": [
		{
			"name": "head",
			"from": [5.5, 7, -5],
			"to": [10.5, 11, 0],
			"rotation": {"angle": 0, "axis": "y", "origin": [8, 0, 7]},
			"faces": {
				"north": {"uv": [2.5, 6, 5, 10], "texture": "#0"},
				"east": {"uv": [0, 6, 2.5, 10], "texture": "#0"},
				"south": {"uv": [2.5, 0, 5, 1], "texture": "#0"},
				"west": {"uv": [2.5, 0, 5, 1], "texture": "#0"},
				"up": {"uv": [2.5, 1, 5, 6], "texture": "#0"},
				"down": {"uv": [2.5, 0, 5, 1], "texture": "#0"}
			}
		},
		{
			"name": "head",
			"from": [6.5, 7.02, -6],
			"to": [9.5, 9.02, -4],
			"rotation": {"angle": 0, "axis": "y", "origin": [8, 0, 7]},
			"faces": {
				"north": {"uv": [3.5, 12, 5, 14], "texture": "#0"},
				"east": {"uv": [2.5, 12, 3.5, 14], "texture": "#0"},
				"south": {"uv": [2.5, 10, 3.5, 12], "texture": "#0"},
				"west": {"uv": [2.5, 10, 3.5, 12], "texture": "#0"},
				"up": {"uv": [3.5, 10, 5, 12], "texture": "#0"},
				"down": {"uv": [2.5, 10, 3.5, 12], "texture": "#0"}
			}
		},
		{
			"name": "head",
			"from": [9, 11, -2],
			"to": [10, 12, 0],
			"rotation": {"angle": 0, "axis": "y", "origin": [8, 0, 7]},
			"faces": {
				"north": {"uv": [1, 12, 1.5, 13], "texture": "#0"},
				"east": {"uv": [0, 12, 1, 13], "texture": "#0"},
				"south": {"uv": [1.5, 10, 2.5, 12], "texture": "#0"},
				"west": {"uv": [1.5, 10, 2.5, 12], "texture": "#0"},
				"up": {"uv": [1, 10, 1.5, 12], "texture": "#0"},
				"down": {"uv": [1.5, 10, 2.5, 12], "texture": "#0"}
			}
		},
		{
			"name": "head",
			"from": [6, 11, -2],
			"to": [7, 12, 0],
			"rotation": {"angle": 0, "axis": "y", "origin": [8, 0, 7]},
			"faces": {
				"north": {"uv": [1, 12, 1.5, 13], "texture": "#0"},
				"east": {"uv": [1.5, 12, 2.5, 13], "texture": "#0"},
				"south": {"uv": [1.5, 10, 2.5, 12], "texture": "#0"},
				"west": {"uv": [1.5, 10, 2.5, 12], "texture": "#0"},
				"up": {"uv": [1, 10, 1.5, 12], "texture": "#0"},
				"down": {"uv": [1.5, 10, 2.5, 12], "texture": "#0"}
			}
		},
		{
			"name": "tail",
			"from": [7.5, 8.4, 15.5],
			"to": [8.5, 9.4, 23.5],
			"rotation": {"angle": 0, "axis": "x", "origin": [8, 0.4, 24]},
			"faces": {
				"north": {"uv": [12, 8, 12.5, 10], "rotation": 180, "texture": "#0"},
				"east": {"uv": [12, 0, 12.5, 8], "rotation": 90, "texture": "#0"},
				"south": {"uv": [12, 8, 12.5, 10], "texture": "#0"},
				"west": {"uv": [12, 8, 12.5, 10], "rotation": 270, "texture": "#0"},
				"up": {"uv": [12, 0, 12.5, 8], "texture": "#0"},
				"down": {"uv": [12, 8, 12.5, 10], "rotation": 180, "texture": "#0"}
			}
		},
		{
			"name": "tail2",
			"from": [7.5, 8.4, 23.1],
			"to": [8.5, 9.4, 31.1],
			"rotation": {"angle": 0, "axis": "x", "origin": [8, -7.6, 31.6]},
			"faces": {
				"north": {"uv": [12.5, 8, 13, 10], "rotation": 180, "texture": "#0"},
				"east": {"uv": [12.5, 0, 13, 8], "rotation": 90, "texture": "#0"},
				"south": {"uv": [12.5, 8, 13, 10], "texture": "#0"},
				"west": {"uv": [12.5, 8, 13, 10], "rotation": 270, "texture": "#0"},
				"up": {"uv": [12.5, 0, 13, 8], "texture": "#0"},
				"down": {"uv": [12.5, 8, 13, 10], "rotation": 180, "texture": "#0"}
			}
		},
		{
			"name": "body",
			"from": [6, 4, 0],
			"to": [10, 10, 16],
			"rotation": {"angle": 0, "axis": "x", "origin": [8, 22, 9]},
			"faces": {
				"north": {"uv": [10, 16, 12, 10], "rotation": 180, "texture": "#0"},
				"east": {"uv": [5, 0, 8, 16], "rotation": 90, "texture": "#0"},
				"south": {"uv": [5, 0, 4.5, 1], "texture": "#0"},
				"west": {"uv": [4.5, 0, 5, 1], "rotation": 270, "texture": "#0"},
				"up": {"uv": [8, 0, 10, 16], "texture": "#0"},
				"down": {"uv": [4.5, 0, 5, 1], "rotation": 180, "texture": "#0"}
			}
		},
		{
			"name": "front_left_leg",
			"from": [5.9, -0.1, 2],
			"to": [7.9, 9.9, 4],
			"rotation": {"angle": 0, "axis": "y", "origin": [8, 0, 7]},
			"faces": {
				"north": {"uv": [11, 0, 12, 10], "texture": "#0"},
				"east": {"uv": [10, 0, 11, 10], "texture": "#0"},
				"south": {"uv": [12, 8, 13, 10], "texture": "#0"},
				"west": {"uv": [12, 8, 13, 10], "texture": "#0"},
				"up": {"uv": [13, 10, 12, 8], "texture": "#0"},
				"down": {"uv": [13, 8, 12, 10], "texture": "#0"}
			}
		},
		{
			"name": "front_right_leg",
			"from": [8.1, -0.1, 2],
			"to": [10.1, 9.9, 4],
			"rotation": {"angle": 0, "axis": "y", "origin": [8, 0, 7]},
			"faces": {
				"north": {"uv": [11, 0, 12, 10], "texture": "#0"},
				"east": {"uv": [10, 0, 11, 10], "texture": "#0"},
				"south": {"uv": [12, 8, 13, 10], "texture": "#0"},
				"west": {"uv": [12, 8, 13, 10], "texture": "#0"},
				"up": {"uv": [13, 10, 12, 8], "texture": "#0"},
				"down": {"uv": [13, 8, 12, 10], "texture": "#0"}
			}
		},
		{
			"name": "back_left_leg",
			"from": [5.9, 0, 13],
			"to": [7.9, 6, 15],
			"rotation": {"angle": 0, "axis": "y", "origin": [8, 0, 7]},
			"faces": {
				"north": {"uv": [1, 0, 2, 6], "texture": "#0"},
				"east": {"uv": [0, 0, 1, 6], "texture": "#0"},
				"south": {"uv": [2, 0, 2.5, 6], "texture": "#0"},
				"west": {"uv": [2, 0, 2.5, 6], "texture": "#0"},
				"up": {"uv": [2, 0, 2.5, 6], "texture": "#0"},
				"down": {"uv": [2, 0, 2.5, 6], "texture": "#0"}
			}
		},
		{
			"name": "back_right_leg",
			"from": [8.1, 0, 13],
			"to": [10.1, 6, 15],
			"rotation": {"angle": 0, "axis": "y", "origin": [8, 0, 7]},
			"faces": {
				"north": {"uv": [1, 0, 2, 6], "texture": "#0"},
				"east": {"uv": [0, 0, 1, 6], "texture": "#0"},
				"south": {"uv": [2, 0, 2.5, 6], "texture": "#0"},
				"west": {"uv": [2, 0, 2.5, 6], "texture": "#0"},
				"up": {"uv": [2, 0, 2.5, 6], "texture": "#0"},
				"down": {"uv": [2, 0, 2.5, 6], "texture": "#0"}
			}
		}
	],
	"gui_light": "front",
	"display": {
		"gui": {
			"rotation": [20, -140, 0],
			"translation": [1.75, 0.5, 0],
			"scale": [0.75, 0.75, 0.75]
		}
	},
	"groups": [
		{
			"name": "head",
			"origin": [8, 9, -1],
			"color": 0,
			"children": [0, 1, 2, 3]
		},
		{
			"name": "tail",
			"origin": [8, 8.5, 16],
			"color": 0,
			"children": [4, 5]
		},
		6,
		7,
		8,
		9,
		10
	]
}