{
	"credit": "Made with Blockbench",
	"texture_size": [128, 64],
	"textures": {
		"0": "mc_overhaul:item/compendium_icons/bestiary/ravager",
		"particle": "minecraft:item/emerald"
	},
	"elements": [
		{
			"name": "head",
			"from": [4.8, 6, -4.6],
			"to": [11.2, 14, 1.8],
			"rotation": {"angle": 0, "axis": "y", "origin": [8, 0.4, 5]},
			"faces": {
				"north": {"uv": [2, 4, 4, 9], "texture": "#0"},
				"east": {"uv": [0, 4, 2, 9], "texture": "#0"},
				"south": {"uv": [1.75, 0, 2, 4], "texture": "#0"},
				"west": {"uv": [1.75, 0, 2, 4], "texture": "#0"},
				"up": {"uv": [2, 0, 4, 4], "texture": "#0"},
				"down": {"uv": [1.75, 0, 2, 4], "texture": "#0"}
			}
		},
		{
			"name": "head",
			"from": [7.2, 5.2, -6.2],
			"to": [8.8, 8.4, -4.6],
			"rotation": {"angle": 0, "axis": "y", "origin": [8, 0.4, 5]},
			"faces": {
				"north": {"uv": [0, 9, 0.125, 9.25], "texture": "#0"},
				"east": {"uv": [0, 8.75, 0.125, 9], "texture": "#0"},
				"south": {"uv": [0.125, 9, 0.25, 9.25], "texture": "#0"},
				"west": {"uv": [0.125, 9, 0.25, 9.25], "texture": "#0"},
				"up": {"uv": [0, 9, 0.125, 9.25], "texture": "#0"},
				"down": {"uv": [0.125, 9, 0.25, 9.25], "texture": "#0"}
			}
		},
		{
			"name": "horns",
			"from": [11.2, 6.1, -6.4],
			"to": [12, 7.7, -0.8],
			"rotation": {"angle": 22.5, "axis": "x", "origin": [8, 14.1, 10]},
			"faces": {
				"north": {"uv": [1.5, 3.75, 1.75, 2.75], "rotation": 180, "texture": "#0"},
				"east": {"uv": [1.25, 0.25, 0.75, 3.75], "rotation": 90, "texture": "#0"},
				"south": {"uv": [1.5, 0.25, 1.75, 2.75], "texture": "#0"},
				"west": {"uv": [1.5, 0.25, 1.75, 2.75], "rotation": 270, "texture": "#0"},
				"up": {"uv": [1.25, 0.25, 1.5, 3.75], "texture": "#0"},
				"down": {"uv": [1.5, 0.25, 1.75, 2.75], "rotation": 180, "texture": "#0"}
			}
		},
		{
			"name": "left_horn",
			"from": [4, 6.1, -6.4],
			"to": [4.8, 7.7, -0.8],
			"rotation": {"angle": 22.5, "axis": "x", "origin": [8, 14.1, 10]},
			"faces": {
				"north": {"uv": [1.5, 3.75, 1.75, 2.75], "rotation": 180, "texture": "#0"},
				"east": {"uv": [1.25, 0.25, 0.75, 3.75], "rotation": 90, "texture": "#0"},
				"south": {"uv": [1.5, 0.25, 1.75, 2.75], "texture": "#0"},
				"west": {"uv": [1.5, 0.25, 1.75, 2.75], "rotation": 270, "texture": "#0"},
				"up": {"uv": [1.5, 0.25, 1.25, 3.75], "texture": "#0"},
				"down": {"uv": [1.5, 0.25, 1.75, 2.75], "rotation": 180, "texture": "#0"}
			}
		},
		{
			"name": "jaw",
			"from": [4.8, 5.6, -4.6],
			"to": [11.2, 6.8, 1.8],
			"rotation": {"angle": 0, "axis": "y", "origin": [8, 0.4, 5]},
			"faces": {
				"north": {"uv": [12, 10.5, 14, 11.25], "texture": "#0"},
				"east": {"uv": [10, 10.5, 12, 11.25], "texture": "#0"},
				"south": {"uv": [10, 10, 14, 10.5], "texture": "#0"},
				"west": {"uv": [10, 10, 14, 10.5], "texture": "#0"},
				"up": {"uv": [10, 10, 14, 10.5], "texture": "#0"},
				"down": {"uv": [10, 10, 14, 10.5], "texture": "#0"}
			}
		},
		{
			"name": "rotation",
			"from": [5.2, 6.8, 2.4],
			"to": [10.8, 14.8, 8.8],
			"rotation": {"angle": 0, "axis": "x", "origin": [8, 8.2, 15.6]},
			"faces": {
				"north": {"uv": [14.25, 1, 16, 6], "rotation": 180, "texture": "#0"},
				"east": {"uv": [11.75, 6, 14.25, 10], "rotation": 90, "texture": "#0"},
				"south": {"uv": [13.75, 1, 14.25, 6], "texture": "#0"},
				"west": {"uv": [13.75, 1, 14.25, 6], "rotation": 270, "texture": "#0"},
				"up": {"uv": [14.25, 6, 16, 10], "texture": "#0"},
				"down": {"uv": [13.75, 1, 14.25, 6], "rotation": 180, "texture": "#0"}
			}
		},
		{
			"name": "rotation",
			"from": [5.6, 6.8, 8.8],
			"to": [10.4, 14, 14],
			"rotation": {"angle": 0, "axis": "x", "origin": [8, 8.2, 15.6]},
			"faces": {
				"north": {"uv": [13.75, 0, 14.25, 3.25], "rotation": 180, "texture": "#0"},
				"east": {"uv": [10, 0, 12.25, 3.25], "rotation": 90, "texture": "#0"},
				"south": {"uv": [13.75, 0, 14.25, 3.25], "texture": "#0"},
				"west": {"uv": [13.75, 0, 14.25, 3.25], "rotation": 270, "texture": "#0"},
				"up": {"uv": [12.25, 0, 13.75, 3.25], "texture": "#0"},
				"down": {"uv": [13.75, 0, 14.25, 3.25], "rotation": 180, "texture": "#0"}
			}
		},
		{
			"name": "leg1",
			"from": [9.6, 0.4, 11.8],
			"to": [12.8, 15.2, 15],
			"rotation": {"angle": 0, "axis": "y", "origin": [8, 0.4, 5]},
			"faces": {
				"north": {"uv": [8, 2, 9, 11.25], "texture": "#0"},
				"east": {"uv": [7, 2, 8, 11.25], "texture": "#0"},
				"south": {"uv": [7, 0, 8, 2], "texture": "#0"},
				"west": {"uv": [7, 0, 8, 2], "texture": "#0"},
				"up": {"uv": [9, 2, 8, 0], "texture": "#0"},
				"down": {"uv": [7, 0, 8, 2], "texture": "#0"}
			}
		},
		{
			"name": "leg2",
			"from": [3.2, 0.4, 11.8],
			"to": [6.4, 15.2, 15],
			"rotation": {"angle": 0, "axis": "y", "origin": [8, 0.4, 5]},
			"faces": {
				"north": {"uv": [9, 2, 8, 11.25], "texture": "#0"},
				"east": {"uv": [10, 2, 9, 11.25], "texture": "#0"},
				"south": {"uv": [9, 0, 10, 2], "texture": "#0"},
				"west": {"uv": [9, 0, 10, 2], "texture": "#0"},
				"up": {"uv": [8, 2, 9, 0], "texture": "#0"},
				"down": {"uv": [9, 0, 10, 2], "texture": "#0"}
			}
		},
		{
			"name": "leg3",
			"from": [9.6, 0.4, 2],
			"to": [12.8, 15.2, 5.2],
			"rotation": {"angle": 0, "axis": "y", "origin": [8, 0.4, 5]},
			"faces": {
				"north": {"uv": [5, 2, 6, 11.25], "texture": "#0"},
				"east": {"uv": [4, 2, 5, 11.25], "texture": "#0"},
				"south": {"uv": [4, 0, 5, 2], "texture": "#0"},
				"west": {"uv": [4, 0, 5, 2], "texture": "#0"},
				"up": {"uv": [5, 0, 6, 2], "texture": "#0"},
				"down": {"uv": [4, 0, 5, 2], "texture": "#0"}
			}
		},
		{
			"name": "leg4",
			"from": [3.2, 0.4, 2],
			"to": [6.4, 15.2, 5.2],
			"rotation": {"angle": 0, "axis": "y", "origin": [8, 0.4, 5]},
			"faces": {
				"north": {"uv": [6, 2, 5, 11.25], "texture": "#0"},
				"east": {"uv": [7, 2, 6, 11.25], "texture": "#0"},
				"south": {"uv": [6, 0, 7, 2], "texture": "#0"},
				"west": {"uv": [6, 0, 7, 2], "texture": "#0"},
				"up": {"uv": [5, 0, 6, 2], "texture": "#0"},
				"down": {"uv": [6, 0, 7, 2], "texture": "#0"}
			}
		}
	],
	"gui_light": "front",
	"display": {
		"gui": {
			"rotation": [20, -140, 0],
			"translation": [-2.75, 0.25, 0],
			"scale": [0.95, 0.95, 0.95]
		}
	},
	"groups": [
		{
			"name": "head",
			"origin": [8, 6, 1],
			"color": 0,
			"children": [
				0,
				1,
				{
					"name": "horns",
					"origin": [10, 11.2, -2.6],
					"color": 0,
					"children": [
						2,
						{
							"name": "left_horn",
							"origin": [8, 0.4, 5],
							"color": 0,
							"children": [3]
						}
					]
				}
			]
		},
		{
			"name": "jaw",
			"origin": [8, 6.8, 1.8],
			"color": 0,
			"children": [4]
		},
		{
			"name": "body",
			"origin": [8, 9.6, 6.4],
			"color": 0,
			"children": [
				{
					"name": "rotation",
					"origin": [8, 9.6, 6.4],
					"color": 0,
					"children": [5, 6]
				}
			]
		},
		{
			"name": "leg1",
			"origin": [11.2, 15.2, 13.4],
			"color": 0,
			"children": [7]
		},
		{
			"name": "leg2",
			"origin": [4.8, 15.2, 13.4],
			"color": 0,
			"children": [8]
		},
		{
			"name": "leg3",
			"origin": [11.2, 15.2, 3.6],
			"color": 0,
			"children": [9]
		},
		{
			"name": "leg4",
			"origin": [4.8, 15.2, 3.6],
			"color": 0,
			"children": [10]
		}
	]
}