{
	"credit": "Made with Blockbench",
	"textures": {
		"0": "mc_overhaul:item/compendium_icons/bestiary/red_snapper",
		"particle": "minecraft:item/emerald"
	},
	"elements": [
		{
			"name": "body",
			"from": [6.1184, 2.3552, 2.3552],
			"to": [9.8816, 13.6448, 13.6448],
			"rotation": {"angle": 0, "axis": "y", "origin": [8, 2.3552, 2.3552]},
			"faces": {
				"north": {"uv": [6, 6, 8, 12], "texture": "#0"},
				"east": {"uv": [0, 6, 6, 12], "texture": "#0"},
				"south": {"uv": [8, 0, 9, 12], "texture": "#0"},
				"west": {"uv": [8, 0, 9, 12], "texture": "#0"},
				"up": {"uv": [8, 6, 6, 0], "texture": "#0"},
				"down": {"uv": [8, 0, 9, 12], "texture": "#0"}
			}
		},
		{
			"name": "right_fin",
			"from": [14.3816, 2.3552, 8.3],
			"to": [18.1448, 6.1184, 8.3],
			"rotation": {"angle": -45, "axis": "y", "origin": [12.5, 2.3552, 2.6552]},
			"faces": {
				"north": {"uv": [0, 4, 2, 6], "texture": "#0"},
				"east": {"uv": [2, 4, 6, 6], "texture": "#0"},
				"south": {"uv": [2, 4, 6, 6], "texture": "#0"},
				"west": {"uv": [2, 4, 6, 6], "texture": "#0"},
				"up": {"uv": [2, 4, 6, 6], "texture": "#0"},
				"down": {"uv": [2, 4, 6, 6], "texture": "#0"}
			}
		},
		{
			"name": "fin_top",
			"from": [8, 13.6448, 2.3552],
			"to": [8, 21.1712, 13.6448],
			"rotation": {"angle": 0, "axis": "y", "origin": [8, 2.3552, 2.3552]},
			"faces": {
				"north": {"uv": [2, 4, 6, 6], "texture": "#0"},
				"east": {"uv": [0, 0, 6, 4], "texture": "#0"},
				"south": {"uv": [2, 4, 6, 6], "texture": "#0"},
				"west": {"uv": [2, 4, 6, 6], "texture": "#0"},
				"up": {"uv": [2, 4, 6, 6], "texture": "#0"},
				"down": {"uv": [2, 4, 6, 6], "texture": "#0"}
			}
		},
		{
			"name": "fin_bottom",
			"from": [8, -5.1712, 2.3552],
			"to": [8, 2.3552, 13.6448],
			"rotation": {"angle": 0, "axis": "y", "origin": [8, 2.3552, 2.3552]},
			"faces": {
				"north": {"uv": [8, 4, 10, 5], "texture": "#0"},
				"east": {"uv": [8, 0, 14, 4], "texture": "#0"},
				"south": {"uv": [8, 4, 10, 5], "texture": "#0"},
				"west": {"uv": [8, 4, 10, 5], "texture": "#0"},
				"up": {"uv": [8, 4, 10, 5], "texture": "#0"},
				"down": {"uv": [8, 4, 10, 5], "texture": "#0"}
			}
		},
		{
			"name": "tail",
			"from": [8, 2.3552, 13.6448],
			"to": [8, 13.6448, 23.0528],
			"rotation": {"angle": 0, "axis": "y", "origin": [8, 2.3552, 2.3552]},
			"faces": {
				"north": {"uv": [8, 5, 13, 6], "texture": "#0"},
				"east": {"uv": [13, 6, 8, 12], "texture": "#0"},
				"south": {"uv": [8, 5, 13, 6], "texture": "#0"},
				"west": {"uv": [8, 5, 13, 6], "texture": "#0"},
				"up": {"uv": [8, 5, 13, 6], "texture": "#0"},
				"down": {"uv": [8, 5, 13, 6], "texture": "#0"}
			}
		}
	],
	"gui_light": "front",
	"display": {
		"gui": {
			"rotation": [20, -140, 0],
			"translation": [1.5, -0.25, 0]
		}
	}
}