{
	"credit": "Made with Blockbench",
	"texture_size": [32, 16],
	"textures": {
		"0": "mc_overhaul:item/compendium_icons/bestiary/salmon",
		"particle": "minecraft:item/emerald"
	},
	"elements": [
		{
			"name": "head",
			"from": [7, 0.5, -3],
			"to": [9, 4.5, 0],
			"rotation": {"angle": 0, "axis": "y", "origin": [8, 0, 8]},
			"faces": {
				"north": {"uv": [3, 4, 4, 8], "texture": "#0"},
				"east": {"uv": [1.5, 4, 3, 8], "texture": "#0"},
				"south": {"uv": [1.5, 1, 3, 4], "texture": "#0"},
				"west": {"uv": [1.5, 1, 3, 4], "texture": "#0"},
				"up": {"uv": [3, 4, 4, 1], "texture": "#0"},
				"down": {"uv": [1.5, 1, 3, 4], "texture": "#0"}
			}
		},
		{
			"name": "body_front",
			"from": [6.5, 0, 0],
			"to": [9.5, 5, 8],
			"rotation": {"angle": 0, "axis": "y", "origin": [8, 0, 8]},
			"faces": {
				"north": {"uv": [4, 8, 5.5, 13], "texture": "#0"},
				"east": {"uv": [0, 8, 4, 13], "texture": "#0"},
				"south": {"uv": [5.5, 0, 6, 8], "texture": "#0"},
				"west": {"uv": [5.5, 0, 6, 8], "texture": "#0"},
				"up": {"uv": [4, 8, 5.5, 0], "texture": "#0"},
				"down": {"uv": [0, 13, 5.5, 16], "texture": "#0"}
			}
		},
		{
			"name": "body_back",
			"from": [6.5, 0, 8],
			"to": [9.5, 5, 16],
			"rotation": {"angle": 0, "axis": "y", "origin": [8, 0, 8]},
			"faces": {
				"north": {"uv": [11, 5, 12, 13], "texture": "#0"},
				"east": {"uv": [5.5, 8, 9.5, 13], "texture": "#0"},
				"south": {"uv": [11, 5, 12, 13], "texture": "#0"},
				"west": {"uv": [11, 5, 12, 13], "texture": "#0"},
				"up": {"uv": [9.5, 5, 11, 13], "texture": "#0"},
				"down": {"uv": [11, 5, 12, 13], "texture": "#0"}
			}
		},
		{
			"name": "fin_right",
			"from": [9.25, 1.65, 0],
			"to": [11.25, 1.65, 2],
			"rotation": {"angle": -22.5, "axis": "z", "origin": [7.75, 0.65, 8]},
			"faces": {
				"north": {"uv": [7, 0, 8, 2], "texture": "#0"},
				"east": {"uv": [7, 0, 8, 2], "texture": "#0"},
				"south": {"uv": [7, 0, 8, 2], "texture": "#0"},
				"west": {"uv": [7, 0, 8, 2], "texture": "#0"},
				"up": {"uv": [7, 2, 6, 0], "texture": "#0"},
				"down": {"uv": [7, 0, 8, 2], "texture": "#0"}
			}
		},
		{
			"name": "fin_back_1",
			"from": [8, 5, 5],
			"to": [8, 7, 8],
			"rotation": {"angle": 0, "axis": "y", "origin": [8, 0, 8]},
			"faces": {
				"north": {"uv": [2, 0, 3, 2], "texture": "#0"},
				"east": {"uv": [2, 0, 0.5, 2], "texture": "#0"},
				"south": {"uv": [2, 0, 3, 2], "texture": "#0"},
				"west": {"uv": [2, 0, 3, 2], "texture": "#0"},
				"up": {"uv": [2, 0, 3, 2], "texture": "#0"},
				"down": {"uv": [2, 0, 3, 2], "texture": "#0"}
			}
		},
		{
			"name": "fin_back_2",
			"from": [8, 5, 7],
			"to": [8, 7, 11],
			"rotation": {"angle": 0, "axis": "y", "origin": [8, 0, 8]},
			"faces": {
				"north": {"uv": [2, 2, 3, 4], "texture": "#0"},
				"east": {"uv": [2, 2, 0, 4], "texture": "#0"},
				"south": {"uv": [2, 2, 3, 4], "texture": "#0"},
				"west": {"uv": [2, 2, 3, 4], "texture": "#0"},
				"up": {"uv": [2, 2, 3, 4], "texture": "#0"},
				"down": {"uv": [2, 2, 3, 4], "texture": "#0"}
			}
		},
		{
			"name": "tail",
			"from": [8, 0, 16],
			"to": [8, 5, 22],
			"rotation": {"angle": 0, "axis": "y", "origin": [8, 0, 8]},
			"faces": {
				"north": {"uv": [9, 3, 9.5, 8], "texture": "#0"},
				"east": {"uv": [9, 3, 6, 8], "texture": "#0"},
				"south": {"uv": [9, 3, 9.5, 8], "texture": "#0"},
				"west": {"uv": [9, 3, 9.5, 8], "texture": "#0"},
				"up": {"uv": [9, 3, 9.5, 8], "texture": "#0"},
				"down": {"uv": [9, 3, 9.5, 8], "texture": "#0"}
			}
		}
	],
	"gui_light": "front",
	"display": {
		"gui": {
			"rotation": [20, -140, 0],
			"translation": [0.5, 5, 0]
		}
	},
	"groups": [
		{
			"name": "head",
			"origin": [8, 2.5, 0],
			"color": 0,
			"children": [0]
		},
		{
			"name": "body_front",
			"origin": [8, 2.5, 0],
			"color": 0,
			"children": [1]
		},
		{
			"name": "body_back",
			"origin": [8, 2.5, 8],
			"color": 0,
			"children": [2]
		},
		{
			"name": "fin_right",
			"origin": [9.5, 1, 0],
			"color": 0,
			"children": [3]
		},
		{
			"name": "fin_back_1",
			"origin": [8, 7, 5],
			"color": 0,
			"children": [4]
		},
		{
			"name": "fin_back_2",
			"origin": [8, 7, 7],
			"color": 0,
			"children": [5]
		},
		{
			"name": "tail",
			"origin": [8, 2.5, 16],
			"color": 0,
			"children": [6]
		}
	]
}