{
	"credit": "Made with Blockbench",
	"texture_size": [32, 32],
	"textures": {
		"0": "mc_overhaul:item/compendium_icons/bestiary/sheep",
		"particle": "minecraft:item/emerald"
	},
	"elements": [
		{
			"name": "head",
			"from": [5.9, 11.9, -2.2],
			"to": [10.1, 16.1, 3.4],
			"rotation": {"angle": 0, "axis": "x", "origin": [8, 0.7, 7.6]},
			"faces": {
				"north": {"uv": [4, 4, 7, 7], "texture": "#0"},
				"east": {"uv": [0, 4, 4, 7], "texture": "#0"},
				"south": {"uv": [0, 0, 4, 4], "texture": "#0"},
				"west": {"uv": [0, 0, 4, 4], "texture": "#0"},
				"up": {"uv": [7, 4, 4, 0], "texture": "#0"},
				"down": {"uv": [0, 0, 4, 4], "texture": "#0"}
			}
		},
		{
			"name": "leg1",
			"from": [8.7, 0.7, 11.1],
			"to": [11.5, 9.1, 13.9],
			"rotation": {"angle": 0, "axis": "x", "origin": [8, 0.7, 7.6]},
			"faces": {
				"north": {"uv": [9, 0, 11, 6], "texture": "#0"},
				"east": {"uv": [7, 0, 9, 6], "texture": "#0"},
				"south": {"uv": [7, 6, 8, 7], "texture": "#0"},
				"west": {"uv": [7, 6, 8, 7], "texture": "#0"},
				"up": {"uv": [7, 6, 8, 7], "texture": "#0"},
				"down": {"uv": [7, 6, 8, 7], "texture": "#0"}
			}
		},
		{
			"name": "leg2",
			"from": [4.5, 0.7, 11.1],
			"to": [7.3, 9.1, 13.9],
			"rotation": {"angle": 0, "axis": "x", "origin": [8, 0.7, 7.6]},
			"faces": {
				"north": {"uv": [9, 0, 11, 6], "texture": "#0"},
				"east": {"uv": [7, 0, 9, 6], "texture": "#0"},
				"south": {"uv": [7, 6, 8, 7], "texture": "#0"},
				"west": {"uv": [7, 6, 8, 7], "texture": "#0"},
				"up": {"uv": [7, 6, 8, 7], "texture": "#0"},
				"down": {"uv": [7, 6, 8, 7], "texture": "#0"}
			}
		},
		{
			"name": "leg3",
			"from": [8.7, 0.7, 2.7],
			"to": [11.5, 9.1, 5.5],
			"rotation": {"angle": 0, "axis": "x", "origin": [8, 0.7, 7.6]},
			"faces": {
				"north": {"uv": [9, 0, 11, 6], "texture": "#0"},
				"east": {"uv": [7, 0, 9, 6], "texture": "#0"},
				"south": {"uv": [7, 6, 8, 7], "texture": "#0"},
				"west": {"uv": [7, 6, 8, 7], "texture": "#0"},
				"up": {"uv": [7, 6, 8, 7], "texture": "#0"},
				"down": {"uv": [7, 6, 8, 7], "texture": "#0"}
			}
		},
		{
			"name": "leg4",
			"from": [4.5, 0.7, 2.7],
			"to": [7.3, 9.1, 5.5],
			"rotation": {"angle": 0, "axis": "x", "origin": [8, 0.7, 7.6]},
			"faces": {
				"north": {"uv": [9, 0, 11, 6], "texture": "#0"},
				"east": {"uv": [7, 0, 9, 6], "texture": "#0"},
				"south": {"uv": [7, 6, 8, 7], "texture": "#0"},
				"west": {"uv": [7, 6, 8, 7], "texture": "#0"},
				"up": {"uv": [7, 6, 8, 7], "texture": "#0"},
				"down": {"uv": [7, 6, 8, 7], "texture": "#0"}
			}
		},
		{
			"name": "rotation",
			"from": [3.975, 7.875, 0.775],
			"to": [12.025, 14.525, 14.425],
			"rotation": {"angle": 0, "axis": "x", "origin": [8, 12.6, 22.3]},
			"faces": {
				"north": {"uv": [11, 3, 15, 6], "rotation": 180, "texture": "#0"},
				"east": {"uv": [8, 6, 11, 14], "rotation": 90, "texture": "#0"},
				"south": {"uv": [15, 3, 16, 14], "texture": "#0"},
				"west": {"uv": [15, 3, 16, 14], "rotation": 270, "texture": "#0"},
				"up": {"uv": [11, 6, 15, 14], "texture": "#0"},
				"down": {"uv": [15, 3, 16, 14], "rotation": 180, "texture": "#0"}
			}
		},
		{
			"name": "head",
			"from": [5.48, 11.48, -1.22],
			"to": [10.52, 16.52, 3.82],
			"rotation": {"angle": 0, "axis": "x", "origin": [8, 0.7, 7.6]},
			"faces": {
				"north": {"uv": [3, 10, 6, 13], "texture": "#0"},
				"east": {"uv": [0, 10, 3, 13], "texture": "#0"},
				"south": {"uv": [0, 7, 3, 10], "texture": "#0"},
				"west": {"uv": [0, 7, 3, 10], "texture": "#0"},
				"up": {"uv": [3, 7, 6, 10], "texture": "#0"},
				"down": {"uv": [0, 7, 3, 10], "texture": "#0"}
			}
		},
		{
			"name": "leg1",
			"from": [8.35, 4.55, 10.75],
			"to": [11.85, 9.45, 14.25],
			"rotation": {"angle": 0, "axis": "x", "origin": [8, 0.7, 7.6]},
			"faces": {
				"north": {"uv": [13, 0, 15, 3], "texture": "#0"},
				"east": {"uv": [11, 0, 13, 3], "texture": "#0"},
				"south": {"uv": [15, 0, 16, 3], "texture": "#0"},
				"west": {"uv": [15, 0, 16, 3], "texture": "#0"},
				"up": {"uv": [15, 0, 16, 3], "texture": "#0"},
				"down": {"uv": [15, 0, 16, 3], "texture": "#0"}
			}
		},
		{
			"name": "leg2",
			"from": [4.15, 4.55, 10.75],
			"to": [7.65, 9.45, 14.25],
			"rotation": {"angle": 0, "axis": "y", "origin": [3.8, 0.7, 7.6]},
			"faces": {
				"north": {"uv": [13, 0, 15, 3], "texture": "#0"},
				"east": {"uv": [11, 0, 13, 3], "texture": "#0"},
				"south": {"uv": [15, 0, 16, 3], "texture": "#0"},
				"west": {"uv": [15, 0, 16, 3], "texture": "#0"},
				"up": {"uv": [15, 0, 16, 3], "texture": "#0"},
				"down": {"uv": [15, 0, 16, 3], "texture": "#0"}
			}
		},
		{
			"name": "leg3",
			"from": [8.35, 4.55, 2.35],
			"to": [11.85, 9.45, 5.85],
			"rotation": {"angle": 0, "axis": "y", "origin": [8, 0.7, -0.8]},
			"faces": {
				"north": {"uv": [13, 0, 15, 3], "texture": "#0"},
				"east": {"uv": [11, 0, 13, 3], "texture": "#0"},
				"south": {"uv": [15, 0, 16, 3], "texture": "#0"},
				"west": {"uv": [15, 0, 16, 3], "texture": "#0"},
				"up": {"uv": [15, 0, 16, 3], "texture": "#0"},
				"down": {"uv": [15, 0, 16, 3], "texture": "#0"}
			}
		},
		{
			"name": "leg4",
			"from": [4.15, 4.55, 2.35],
			"to": [7.65, 9.45, 5.85],
			"rotation": {"angle": 0, "axis": "y", "origin": [3.8, 0.7, -0.8]},
			"faces": {
				"north": {"uv": [13, 0, 15, 3], "texture": "#0"},
				"east": {"uv": [11, 0, 13, 3], "texture": "#0"},
				"south": {"uv": [15, 0, 16, 3], "texture": "#0"},
				"west": {"uv": [15, 0, 16, 3], "texture": "#0"},
				"up": {"uv": [15, 0, 16, 3], "texture": "#0"},
				"down": {"uv": [15, 0, 16, 3], "texture": "#0"}
			}
		}
	],
	"gui_light": "front",
	"display": {
		"gui": {
			"rotation": [20, -140, 0],
			"translation": [-0.5, 0.25, 0],
			"scale": [1.1, 1.1, 1.1]
		}
	},
	"groups": [
		{
			"name": "head",
			"origin": [8, 13.3, 2],
			"color": 0,
			"children": [0]
		},
		{
			"name": "leg1",
			"origin": [10.1, 9.1, 12.5],
			"color": 0,
			"children": [1]
		},
		{
			"name": "leg2",
			"origin": [5.9, 9.1, 12.5],
			"color": 0,
			"children": [2]
		},
		{
			"name": "leg3",
			"origin": [10.1, 9.1, 4.1],
			"color": 0,
			"children": [3]
		},
		{
			"name": "leg4",
			"origin": [5.9, 9.1, 4.1],
			"color": 0,
			"children": [4]
		},
		{
			"name": "body",
			"origin": [8, 11, 10],
			"color": 0,
			"children": [
				{
					"name": "rotation",
					"origin": [8, 11, 10],
					"color": 0,
					"children": [5]
				}
			]
		},
		{
			"name": "head",
			"origin": [8, 10.3, 3],
			"color": 0,
			"children": [6]
		},
		{
			"name": "leg1",
			"origin": [10.1, 6.1, 13.5],
			"color": 0,
			"children": [7]
		},
		{
			"name": "leg2",
			"origin": [5.9, 6.1, 13.5],
			"color": 0,
			"children": [8]
		},
		{
			"name": "leg3",
			"origin": [10.1, 6.1, 5.1],
			"color": 0,
			"children": [9]
		},
		{
			"name": "leg4",
			"origin": [5.9, 6.1, 5.1],
			"color": 0,
			"children": [10]
		}
	]
}