{
	"credit": "Made with Blockbench",
	"texture_size": [16, 32],
	"textures": {
		"0": "mc_overhaul:item/compendium_icons/bestiary/silverfish",
		"particle": "minecraft:item/emerald"
	},
	"elements": [
		{
			"name": "body1",
			"from": [6.5, 0, 0],
			"to": [9.5, 2, 2],
			"rotation": {"angle": 0, "axis": "y", "origin": [8, 0, 8]},
			"faces": {
				"north": {"uv": [2, 1, 5, 2], "texture": "#0"},
				"east": {"uv": [0, 1, 2, 2], "texture": "#0"},
				"south": {"uv": [6, 0.5, 10, 2.5], "texture": "#0"},
				"west": {"uv": [6, 0.5, 10, 2.5], "texture": "#0"},
				"up": {"uv": [2, 1, 5, 0], "texture": "#0"},
				"down": {"uv": [6, 0.5, 10, 2.5], "texture": "#0"}
			}
		},
		{
			"name": "body2",
			"from": [6, 0, 2],
			"to": [10, 3, 4],
			"rotation": {"angle": 0, "axis": "y", "origin": [8, 0, 8]},
			"faces": {
				"north": {"uv": [2, 3, 6, 4.5], "texture": "#0"},
				"east": {"uv": [0, 3, 2, 4.5], "texture": "#0"},
				"south": {"uv": [0, 2, 2, 3], "texture": "#0"},
				"west": {"uv": [0, 2, 2, 3], "texture": "#0"},
				"up": {"uv": [2, 2, 6, 3], "texture": "#0"},
				"down": {"uv": [0, 2, 2, 3], "texture": "#0"}
			}
		},
		{
			"name": "body3",
			"from": [5, 0, 4],
			"to": [11, 4, 7],
			"rotation": {"angle": 0, "axis": "y", "origin": [8, 0, 8]},
			"faces": {
				"north": {"uv": [3, 6, 9, 8], "texture": "#0"},
				"east": {"uv": [0, 6, 3, 8], "texture": "#0"},
				"south": {"uv": [0, 4.5, 3, 6], "texture": "#0"},
				"west": {"uv": [0, 4.5, 3, 6], "texture": "#0"},
				"up": {"uv": [3, 4.5, 9, 6], "texture": "#0"},
				"down": {"uv": [0, 4.5, 3, 6], "texture": "#0"}
			}
		},
		{
			"name": "body4",
			"from": [6.5, 0, 7],
			"to": [9.5, 3, 10],
			"rotation": {"angle": 0, "axis": "y", "origin": [8, 0, 8]},
			"faces": {
				"north": {"uv": [6, 8, 9, 9.5], "texture": "#0"},
				"east": {"uv": [0, 8, 3, 9.5], "texture": "#0"},
				"south": {"uv": [6, 8, 9, 9.5], "texture": "#0"},
				"west": {"uv": [6, 8, 9, 9.5], "texture": "#0"},
				"up": {"uv": [3, 8, 6, 9.5], "texture": "#0"},
				"down": {"uv": [6, 8, 9, 9.5], "texture": "#0"}
			}
		},
		{
			"name": "body5",
			"from": [7, 0, 10],
			"to": [9, 2, 13],
			"rotation": {"angle": 0, "axis": "y", "origin": [8, 0, 8]},
			"faces": {
				"north": {"uv": [0, 9.5, 3, 10], "texture": "#0"},
				"east": {"uv": [0, 10, 3, 11], "texture": "#0"},
				"south": {"uv": [0, 9.5, 3, 10], "texture": "#0"},
				"west": {"uv": [0, 9.5, 3, 10], "texture": "#0"},
				"up": {"uv": [3, 9.5, 5, 11], "texture": "#0"},
				"down": {"uv": [0, 9.5, 3, 10], "texture": "#0"}
			}
		},
		{
			"name": "body6",
			"from": [7, 0, 13],
			"to": [9, 1, 15],
			"rotation": {"angle": 0, "axis": "y", "origin": [8, 0, 8]},
			"faces": {
				"north": {"uv": [6, 11.5, 10, 13.5], "texture": "#0"},
				"east": {"uv": [0, 12, 2, 12.5], "texture": "#0"},
				"south": {"uv": [6, 11.5, 10, 13.5], "texture": "#0"},
				"west": {"uv": [6, 11.5, 10, 13.5], "texture": "#0"},
				"up": {"uv": [2, 11.5, 4, 12.5], "texture": "#0"},
				"down": {"uv": [6, 11.5, 10, 13.5], "texture": "#0"}
			}
		},
		{
			"name": "body7",
			"from": [7.5, 0, 15],
			"to": [8.5, 1, 17],
			"rotation": {"angle": 0, "axis": "y", "origin": [8, 0, 8]},
			"faces": {
				"north": {"uv": [5, 0.5, 6, 1], "texture": "#0"},
				"east": {"uv": [4, 0.5, 5, 1], "texture": "#0"},
				"south": {"uv": [5, 0.5, 6, 1], "texture": "#0"},
				"west": {"uv": [5, 0.5, 6, 1], "texture": "#0"},
				"up": {"uv": [4, 0.5, 5, 1], "texture": "#0"},
				"down": {"uv": [5, 0.5, 6, 1], "texture": "#0"}
			}
		},
		{
			"name": "wing1",
			"from": [3, 0, 4],
			"to": [13, 8, 4],
			"rotation": {"angle": 0, "axis": "y", "origin": [8, 0, 8]},
			"faces": {
				"north": {"uv": [6, 0.5, 16, 4.5], "texture": "#0"},
				"east": {"uv": [6, 0, 16, 0.5], "texture": "#0"},
				"south": {"uv": [6, 0, 16, 0.5], "texture": "#0"},
				"west": {"uv": [6, 0, 16, 0.5], "texture": "#0"},
				"up": {"uv": [6, 0, 16, 0.5], "texture": "#0"},
				"down": {"uv": [6, 0, 16, 0.5], "texture": "#0"}
			}
		},
		{
			"name": "wing2",
			"from": [5, 0, 10],
			"to": [11, 4, 10],
			"rotation": {"angle": 0, "axis": "y", "origin": [8, 0, 8]},
			"faces": {
				"north": {"uv": [9, 4.5, 15, 6.5], "texture": "#0"},
				"east": {"uv": [15, 4.5, 16, 6.5], "texture": "#0"},
				"south": {"uv": [15, 4.5, 16, 6.5], "texture": "#0"},
				"west": {"uv": [15, 4.5, 16, 6.5], "texture": "#0"},
				"up": {"uv": [15, 4.5, 16, 6.5], "texture": "#0"},
				"down": {"uv": [15, 4.5, 16, 6.5], "texture": "#0"}
			}
		},
		{
			"name": "wing3",
			"from": [5, 0, 1.5],
			"to": [11, 5, 3.5],
			"rotation": {"angle": 0, "axis": "y", "origin": [8, 0, 8]},
			"faces": {
				"north": {"uv": [0, 13, 6, 15.5], "texture": "#0"},
				"east": {"uv": [0, 15.5, 6, 16], "texture": "#0"},
				"south": {"uv": [0, 15.5, 6, 16], "texture": "#0"},
				"west": {"uv": [0, 15.5, 6, 16], "texture": "#0"},
				"up": {"uv": [0, 15.5, 6, 16], "texture": "#0"},
				"down": {"uv": [0, 15.5, 6, 16], "texture": "#0"}
			}
		},
		{
			"name": "wing1",
			"from": [3, 0, 7],
			"to": [13, 8, 7],
			"rotation": {"angle": 0, "axis": "y", "origin": [8, 0, 11]},
			"faces": {
				"north": {"uv": [6, 9.5, 16, 13.5], "texture": "#0"},
				"east": {"uv": [6, 13.5, 16, 14], "texture": "#0"},
				"south": {"uv": [6, 13.5, 16, 14], "texture": "#0"},
				"west": {"uv": [6, 13.5, 16, 14], "texture": "#0"},
				"up": {"uv": [6, 13.5, 16, 14], "texture": "#0"},
				"down": {"uv": [6, 13.5, 16, 14], "texture": "#0"}
			}
		},
		{
			"name": "wing2",
			"from": [5, 0, 13],
			"to": [11, 4, 13],
			"rotation": {"angle": 0, "axis": "y", "origin": [8, 0, 11]},
			"faces": {
				"north": {"uv": [9, 7, 15, 9], "texture": "#0"},
				"east": {"uv": [9, 9, 15, 9.5], "texture": "#0"},
				"south": {"uv": [9, 9, 15, 9.5], "texture": "#0"},
				"west": {"uv": [9, 9, 15, 9.5], "texture": "#0"},
				"up": {"uv": [9, 9, 15, 9.5], "texture": "#0"},
				"down": {"uv": [9, 9, 15, 9.5], "texture": "#0"}
			}
		}
	],
	"gui_light": "front",
	"display": {
		"gui": {
			"rotation": [20, -140, 0],
			"translation": [-0.25, 7, 0],
			"scale": [1.3, 1.3, 1.3]
		}
	},
	"groups": [
		{
			"name": "body1",
			"origin": [8, 2, 1],
			"color": 0,
			"children": [0]
		},
		{
			"name": "body2",
			"origin": [8, 3, 3],
			"color": 0,
			"children": [1]
		},
		{
			"name": "body3",
			"origin": [8, 4, 5.5],
			"color": 0,
			"children": [2]
		},
		{
			"name": "body4",
			"origin": [8, 3, 8.5],
			"color": 0,
			"children": [3]
		},
		{
			"name": "body5",
			"origin": [8, 2, 11.5],
			"color": 0,
			"children": [4]
		},
		{
			"name": "body6",
			"origin": [8, 1, 14],
			"color": 0,
			"children": [5]
		},
		{
			"name": "body7",
			"origin": [8, 1, 16],
			"color": 0,
			"children": [6]
		},
		{
			"name": "wing1",
			"origin": [8, 8, 5.5],
			"color": 0,
			"children": [7]
		},
		{
			"name": "wing2",
			"origin": [8, 4, 11.5],
			"color": 0,
			"children": [8]
		},
		{
			"name": "wing3",
			"origin": [8, 5, 3],
			"color": 0,
			"children": [9]
		},
		{
			"name": "wing4",
			"origin": [8, 8, 5.5],
			"color": 0,
			"children": [10]
		},
		{
			"name": "wing5",
			"origin": [8, 4, 11.5],
			"color": 0,
			"children": [11]
		}
	]
}