{
	"credit": "Made with Blockbench",
	"texture_size": [64, 32],
	"textures": {
		"0": "mc_overhaul:item/compendium_icons/bestiary/skeleton_horse",
		"particle": "minecraft:item/emerald"
	},
	"elements": [
		{
			"name": "head1",
			"from": [5.9, 23.2, 2.6],
			"to": [10.1, 26.7, 7.5],
			"rotation": {"angle": -22.5, "axis": "x", "origin": [8, 3.6, 10.3]},
			"faces": {
				"north": {"uv": [1.75, 3.5, 3.25, 6], "texture": "#0"},
				"east": {"uv": [0, 3.5, 1.75, 6], "texture": "#0"},
				"south": {"uv": [0, 0, 1.75, 3.5], "texture": "#0"},
				"west": {"uv": [0, 0, 1.75, 3.5], "texture": "#0"},
				"up": {"uv": [1.75, 0, 3.25, 3.5], "texture": "#0"},
				"down": {"uv": [0, 0, 1.75, 3.5], "texture": "#0"}
			}
		},
		{
			"name": "head2",
			"from": [5.9, 23.2, 2.6],
			"to": [5.9, 26.7, 7.5],
			"rotation": {"angle": -22.5, "axis": "x", "origin": [8, 3.6, 10.3]},
			"faces": {
				"north": {"uv": [0, 0, 1.75, 3.5], "texture": "#0"},
				"east": {"uv": [0, 3.5, 1.75, 6], "texture": "#0"},
				"south": {"uv": [0, 0, 1.75, 3.5], "texture": "#0"},
				"west": {"uv": [0, 0, 1.75, 3.5], "texture": "#0"},
				"up": {"uv": [0, 0, 1.75, 3.5], "texture": "#0"},
				"down": {"uv": [0, 0, 1.75, 3.5], "texture": "#0"}
			}
		},
		{
			"name": "head3",
			"from": [5.9, 23.2, 2.6],
			"to": [10.1, 23.2, 7.5],
			"rotation": {"angle": -22.5, "axis": "x", "origin": [8, 3.6, 10.3]},
			"faces": {
				"north": {"uv": [4.75, 0, 6, 2.5], "texture": "#0"},
				"east": {"uv": [4.75, 0, 6, 2.5], "texture": "#0"},
				"south": {"uv": [4.75, 0, 6, 2.5], "texture": "#0"},
				"west": {"uv": [4.75, 0, 6, 2.5], "texture": "#0"},
				"up": {"uv": [3.25, 3.5, 4.75, 0], "texture": "#0"},
				"down": {"uv": [4.75, 0, 6, 2.5], "texture": "#0"}
			}
		},
		{
			"name": "head4",
			"from": [5.9, 25.05, 7.1],
			"to": [10.1, 28.55, 7.1],
			"rotation": {"angle": -22.5, "axis": "x", "origin": [8, 5.45, 14.8]},
			"faces": {
				"north": {"uv": [5, 2.5, 6.5, 5], "texture": "#0"},
				"east": {"uv": [4.75, 2.5, 5, 5], "texture": "#0"},
				"south": {"uv": [4.75, 2.5, 5, 5], "texture": "#0"},
				"west": {"uv": [4.75, 2.5, 5, 5], "texture": "#0"},
				"up": {"uv": [4.75, 2.5, 5, 5], "texture": "#0"},
				"down": {"uv": [4.75, 2.5, 5, 5], "texture": "#0"}
			}
		},
		{
			"name": "mouth1",
			"from": [6.6, 23.2, -0.9],
			"to": [9.4, 26.7, 2.6],
			"rotation": {"angle": -22.5, "axis": "x", "origin": [8, 3.6, 10.3]},
			"faces": {
				"north": {"uv": [7.75, 2.5, 8.75, 5], "texture": "#0"},
				"east": {"uv": [6.5, 2.5, 7.75, 5], "texture": "#0"},
				"south": {"uv": [6.5, 0, 7.75, 2.5], "texture": "#0"},
				"west": {"uv": [6.5, 0, 7.75, 2.5], "texture": "#0"},
				"up": {"uv": [7.75, 0, 8.75, 2.5], "texture": "#0"},
				"down": {"uv": [6.5, 0, 7.75, 2.5], "texture": "#0"}
			}
		},
		{
			"name": "mouth2",
			"from": [6.6, 23.2, -0.9],
			"to": [6.6, 26.7, 2.6],
			"rotation": {"angle": -22.5, "axis": "x", "origin": [8, 3.6, 10.3]},
			"faces": {
				"north": {"uv": [6.5, 0, 7.75, 2.5], "texture": "#0"},
				"east": {"uv": [6.5, 2.5, 7.75, 5], "texture": "#0"},
				"south": {"uv": [6.5, 0, 7.75, 2.5], "texture": "#0"},
				"west": {"uv": [6.5, 0, 7.75, 2.5], "texture": "#0"},
				"up": {"uv": [6.5, 0, 7.75, 2.5], "texture": "#0"},
				"down": {"uv": [6.5, 0, 7.75, 2.5], "texture": "#0"}
			}
		},
		{
			"name": "mouth3",
			"from": [6.6, 23.2, -0.9],
			"to": [9.4, 23.2, 2.6],
			"rotation": {"angle": -22.5, "axis": "x", "origin": [8, 3.6, 10.3]},
			"faces": {
				"north": {"uv": [9.75, 0, 11, 2.5], "texture": "#0"},
				"east": {"uv": [9.75, 0, 11, 2.5], "texture": "#0"},
				"south": {"uv": [9.75, 0, 11, 2.5], "texture": "#0"},
				"west": {"uv": [9.75, 0, 11, 2.5], "texture": "#0"},
				"up": {"uv": [8.75, 0, 9.75, 2.5], "texture": "#0"},
				"down": {"uv": [9.75, 0, 11, 2.5], "texture": "#0"}
			}
		},
		{
			"name": "mouth4",
			"from": [6.6, 23.2, 2.6],
			"to": [9.4, 26.7, 2.6],
			"rotation": {"angle": -22.5, "axis": "x", "origin": [8, 3.6, 10.3]},
			"faces": {
				"north": {"uv": [8.75, 2.5, 9.75, 5], "texture": "#0"},
				"east": {"uv": [9.75, 2.5, 11, 5], "texture": "#0"},
				"south": {"uv": [9.75, 2.5, 11, 5], "texture": "#0"},
				"west": {"uv": [9.75, 2.5, 11, 5], "texture": "#0"},
				"up": {"uv": [9.75, 2.5, 11, 5], "texture": "#0"},
				"down": {"uv": [9.75, 2.5, 11, 5], "texture": "#0"}
			}
		},
		{
			"name": "neck1",
			"from": [9.435, 14.8, 2.6],
			"to": [9.435, 23.2, 7.5],
			"rotation": {"angle": -22.5, "axis": "x", "origin": [8, 3.6, 10.3]},
			"faces": {
				"north": {"uv": [7.5, 5, 8.25, 11], "texture": "#0"},
				"east": {"uv": [8.25, 5, 10, 11], "texture": "#0"},
				"south": {"uv": [7.5, 5, 8.25, 11], "texture": "#0"},
				"west": {"uv": [7.5, 5, 8.25, 11], "texture": "#0"},
				"up": {"uv": [7.5, 5, 8.25, 11], "texture": "#0"},
				"down": {"uv": [7.5, 5, 8.25, 11], "texture": "#0"}
			}
		},
		{
			"name": "neck2",
			"from": [6.635, 14.8, 2.6],
			"to": [6.635, 23.2, 7.5],
			"rotation": {"angle": -22.5, "axis": "x", "origin": [8, 3.6, 10.3]},
			"faces": {
				"north": {"uv": [7.5, 5, 8.25, 11], "texture": "#0"},
				"east": {"uv": [8.25, 5, 10, 11], "texture": "#0"},
				"south": {"uv": [7.5, 5, 8.25, 11], "texture": "#0"},
				"west": {"uv": [7.5, 5, 8.25, 11], "texture": "#0"},
				"up": {"uv": [7.5, 5, 8.25, 11], "texture": "#0"},
				"down": {"uv": [7.5, 5, 8.25, 11], "texture": "#0"}
			}
		},
		{
			"name": "neck3",
			"from": [6.635, 14.8, 7.5],
			"to": [9.435, 23.2, 7.5],
			"rotation": {"angle": -22.5, "axis": "x", "origin": [8, 3.6, 10.3]},
			"faces": {
				"north": {"uv": [10, 5, 11, 11], "texture": "#0"},
				"east": {"uv": [9, 5, 10, 11], "texture": "#0"},
				"south": {"uv": [9, 5, 10, 11], "texture": "#0"},
				"west": {"uv": [9, 5, 10, 11], "texture": "#0"},
				"up": {"uv": [9, 5, 10, 11], "texture": "#0"},
				"down": {"uv": [9, 5, 10, 11], "texture": "#0"}
			}
		},
		{
			"name": "mane1",
			"from": [8.7, 15.5, 7.5],
			"to": [8.7, 26.7, 8.9],
			"rotation": {"angle": -22.5, "axis": "x", "origin": [8, 3.6, 10.3]},
			"faces": {
				"north": {"uv": [5, 7, 5.5, 14.5], "texture": "#0"},
				"east": {"uv": [4.5, 7, 5, 14.5], "texture": "#0"},
				"south": {"uv": [5, 7, 5.5, 14.5], "texture": "#0"},
				"west": {"uv": [5, 7, 5.5, 14.5], "texture": "#0"},
				"up": {"uv": [5, 7, 5.5, 14.5], "texture": "#0"},
				"down": {"uv": [5, 7, 5.5, 14.5], "texture": "#0"}
			}
		},
		{
			"name": "mane2",
			"from": [7.3, 15.5, 7.5],
			"to": [7.3, 26.7, 8.9],
			"rotation": {"angle": -22.5, "axis": "x", "origin": [6.6, 3.6, 10.3]},
			"faces": {
				"north": {"uv": [5, 7, 5.5, 14.5], "texture": "#0"},
				"east": {"uv": [4.5, 7, 5, 14.5], "texture": "#0"},
				"south": {"uv": [5, 7, 5.5, 14.5], "texture": "#0"},
				"west": {"uv": [5, 7, 5.5, 14.5], "texture": "#0"},
				"up": {"uv": [5, 7, 5.5, 14.5], "texture": "#0"},
				"down": {"uv": [5, 7, 5.5, 14.5], "texture": "#0"}
			}
		},
		{
			"name": "body1",
			"from": [4.465, 8.265, 0.565],
			"to": [11.535, 15.335, 16.035],
			"rotation": {"angle": 0, "axis": "y", "origin": [8, 0.6, 8.3]},
			"faces": {
				"north": {"uv": [11, 11, 13.5, 16], "texture": "#0"},
				"east": {"uv": [5.5, 11, 11, 16], "texture": "#0"},
				"south": {"uv": [5, 11, 5.5, 16], "texture": "#0"},
				"west": {"uv": [5, 11, 5.5, 16], "texture": "#0"},
				"up": {"uv": [11, 0, 13.5, 11], "texture": "#0"},
				"down": {"uv": [5, 11, 5.5, 16], "texture": "#0"}
			}
		},
		{
			"name": "body2",
			"from": [4.465, 8.265, 0.565],
			"to": [4.565, 15.335, 16.035],
			"rotation": {"angle": 0, "axis": "y", "origin": [8, 0.6, 8.3]},
			"faces": {
				"north": {"uv": [5, 11, 5.5, 16], "texture": "#0"},
				"east": {"uv": [5.5, 11, 11, 16], "texture": "#0"},
				"south": {"uv": [5, 11, 5.5, 16], "texture": "#0"},
				"west": {"uv": [5, 11, 5.5, 16], "texture": "#0"},
				"up": {"uv": [5, 11, 5.5, 16], "texture": "#0"},
				"down": {"uv": [5, 11, 5.5, 16], "texture": "#0"}
			}
		},
		{
			"name": "body3",
			"from": [4.465, 8.265, 0.565],
			"to": [11.535, 8.365, 16.035],
			"rotation": {"angle": 0, "axis": "y", "origin": [8, 0.6, 8.3]},
			"faces": {
				"north": {"uv": [13, 1.5, 13.5, 4], "texture": "#0"},
				"east": {"uv": [13, 1.5, 13.5, 4], "texture": "#0"},
				"south": {"uv": [13, 1.5, 13.5, 4], "texture": "#0"},
				"west": {"uv": [13, 1.5, 13.5, 4], "texture": "#0"},
				"up": {"uv": [13.5, 0, 16, 11], "texture": "#0"},
				"down": {"uv": [13, 1.5, 13.5, 4], "texture": "#0"}
			}
		},
		{
			"name": "body4",
			"from": [4.465, 8.265, 15.935],
			"to": [11.535, 15.335, 16.035],
			"rotation": {"angle": 0, "axis": "y", "origin": [8, 0.6, 8.3]},
			"faces": {
				"north": {"uv": [13.5, 11, 16, 16], "texture": "#0"},
				"east": {"uv": [5, 11, 5.5, 16], "texture": "#0"},
				"south": {"uv": [5, 11, 5.5, 16], "texture": "#0"},
				"west": {"uv": [5, 11, 5.5, 16], "texture": "#0"},
				"up": {"uv": [5, 11, 5.5, 16], "texture": "#0"},
				"down": {"uv": [5, 11, 5.5, 16], "texture": "#0"}
			}
		},
		{
			"name": "leg1",
			"from": [4.5, 0.6, 0.67],
			"to": [7.3, 8.3, 3.47],
			"rotation": {"angle": 0, "axis": "y", "origin": [8, 0.6, 8.3]},
			"faces": {
				"north": {"uv": [2.5, 9.5, 1.5, 15], "texture": "#0"},
				"east": {"uv": [2.5, 9.5, 3.5, 15], "texture": "#0"},
				"south": {"uv": [2.5, 7.5, 3.5, 9.5], "texture": "#0"},
				"west": {"uv": [2.5, 7.5, 3.5, 9.5], "texture": "#0"},
				"up": {"uv": [1.5, 7.5, 2.5, 9.5], "texture": "#0"},
				"down": {"uv": [2.5, 7.5, 3.5, 9.5], "texture": "#0"}
			}
		},
		{
			"name": "leg2",
			"from": [4.5, 0.6, 0.67],
			"to": [4.5, 8.3, 3.47],
			"rotation": {"angle": 0, "axis": "y", "origin": [8, 0.6, 8.3]},
			"faces": {
				"north": {"uv": [0.5, 7.5, 1.5, 9.5], "texture": "#0"},
				"east": {"uv": [1.5, 9.5, 0.5, 15], "texture": "#0"},
				"south": {"uv": [0.5, 7.5, 1.5, 9.5], "texture": "#0"},
				"west": {"uv": [0.5, 7.5, 1.5, 9.5], "texture": "#0"},
				"up": {"uv": [0.5, 7.5, 1.5, 9.5], "texture": "#0"},
				"down": {"uv": [0.5, 7.5, 1.5, 9.5], "texture": "#0"}
			}
		},
		{
			"name": "leg4",
			"from": [4.5, 0.6, 3.47],
			"to": [7.3, 8.3, 3.47],
			"rotation": {"angle": 0, "axis": "y", "origin": [8, 0.6, 8.3]},
			"faces": {
				"north": {"uv": [3.5, 9.5, 4.5, 15], "texture": "#0"},
				"east": {"uv": [3.5, 7.5, 4.5, 9.5], "texture": "#0"},
				"south": {"uv": [3.5, 7.5, 4.5, 9.5], "texture": "#0"},
				"west": {"uv": [3.5, 7.5, 4.5, 9.5], "texture": "#0"},
				"up": {"uv": [3.5, 7.5, 4.5, 9.5], "texture": "#0"},
				"down": {"uv": [3.5, 7.5, 4.5, 9.5], "texture": "#0"}
			}
		},
		{
			"name": "leg1",
			"from": [8.7, 0.6, 0.67],
			"to": [11.5, 8.3, 3.47],
			"rotation": {"angle": 0, "axis": "y", "origin": [12.2, 0.6, 8.3]},
			"faces": {
				"north": {"uv": [1.5, 9.5, 2.5, 15], "texture": "#0"},
				"east": {"uv": [0.5, 9.5, 1.5, 15], "texture": "#0"},
				"south": {"uv": [0.5, 7.5, 1.5, 9.5], "texture": "#0"},
				"west": {"uv": [0.5, 7.5, 1.5, 9.5], "texture": "#0"},
				"up": {"uv": [1.5, 7.5, 2.5, 9.5], "texture": "#0"},
				"down": {"uv": [0.5, 7.5, 1.5, 9.5], "texture": "#0"}
			}
		},
		{
			"name": "leg2",
			"from": [8.7, 0.6, 0.67],
			"to": [8.7, 8.3, 3.47],
			"rotation": {"angle": 0, "axis": "y", "origin": [12.2, 0.6, 8.3]},
			"faces": {
				"north": {"uv": [2.5, 7.5, 3.5, 9.5], "texture": "#0"},
				"east": {"uv": [3.5, 9.5, 2.5, 15], "texture": "#0"},
				"south": {"uv": [2.5, 7.5, 3.5, 9.5], "texture": "#0"},
				"west": {"uv": [2.5, 7.5, 3.5, 9.5], "texture": "#0"},
				"up": {"uv": [2.5, 7.5, 3.5, 9.5], "texture": "#0"},
				"down": {"uv": [2.5, 7.5, 3.5, 9.5], "texture": "#0"}
			}
		},
		{
			"name": "leg1",
			"from": [4.5, 0.6, 13.195],
			"to": [7.3, 8.3, 15.995],
			"rotation": {"angle": 0, "axis": "y", "origin": [8, 0.6, 20.825]},
			"faces": {
				"north": {"uv": [2.5, 9.5, 1.5, 15], "texture": "#0"},
				"east": {"uv": [2.5, 9.5, 3.5, 15], "texture": "#0"},
				"south": {"uv": [2.5, 7.5, 3.5, 9.5], "texture": "#0"},
				"west": {"uv": [2.5, 7.5, 3.5, 9.5], "texture": "#0"},
				"up": {"uv": [1.5, 7.5, 2.5, 9.5], "texture": "#0"},
				"down": {"uv": [2.5, 7.5, 3.5, 9.5], "texture": "#0"}
			}
		},
		{
			"name": "leg2",
			"from": [4.5, 0.6, 13.195],
			"to": [4.5, 8.3, 15.995],
			"rotation": {"angle": 0, "axis": "y", "origin": [8, 0.6, 20.825]},
			"faces": {
				"north": {"uv": [0.5, 7.5, 1.5, 9.5], "texture": "#0"},
				"east": {"uv": [0.5, 9.5, 1.5, 15], "texture": "#0"},
				"south": {"uv": [0.5, 7.5, 1.5, 9.5], "texture": "#0"},
				"west": {"uv": [0.5, 7.5, 1.5, 9.5], "texture": "#0"},
				"up": {"uv": [0.5, 7.5, 1.5, 9.5], "texture": "#0"},
				"down": {"uv": [0.5, 7.5, 1.5, 9.5], "texture": "#0"}
			}
		},
		{
			"name": "leg4",
			"from": [4.5, 0.6, 15.995],
			"to": [7.3, 8.3, 15.995],
			"rotation": {"angle": 0, "axis": "y", "origin": [8, 0.6, 20.825]},
			"faces": {
				"north": {"uv": [3.5, 9.5, 4.5, 15], "texture": "#0"},
				"east": {"uv": [3.5, 7.5, 4.5, 9.5], "texture": "#0"},
				"south": {"uv": [3.5, 7.5, 4.5, 9.5], "texture": "#0"},
				"west": {"uv": [3.5, 7.5, 4.5, 9.5], "texture": "#0"},
				"up": {"uv": [3.5, 7.5, 4.5, 9.5], "texture": "#0"},
				"down": {"uv": [3.5, 7.5, 4.5, 9.5], "texture": "#0"}
			}
		},
		{
			"name": "leg1",
			"from": [8.7, 0.6, 13.195],
			"to": [11.5, 8.3, 15.995],
			"rotation": {"angle": 0, "axis": "y", "origin": [12.2, 0.6, 20.825]},
			"faces": {
				"north": {"uv": [1.5, 9.5, 2.5, 15], "texture": "#0"},
				"east": {"uv": [0.5, 9.5, 1.5, 15], "texture": "#0"},
				"south": {"uv": [2.5, 7.5, 3.5, 9.5], "texture": "#0"},
				"west": {"uv": [2.5, 7.5, 3.5, 9.5], "texture": "#0"},
				"up": {"uv": [1.5, 7.5, 2.5, 9.5], "texture": "#0"},
				"down": {"uv": [2.5, 7.5, 3.5, 9.5], "texture": "#0"}
			}
		},
		{
			"name": "leg2",
			"from": [8.7, 0.6, 13.195],
			"to": [8.7, 8.3, 15.995],
			"rotation": {"angle": 0, "axis": "y", "origin": [12.2, 0.6, 20.825]},
			"faces": {
				"north": {"uv": [0.5, 7.5, 1.5, 9.5], "texture": "#0"},
				"east": {"uv": [3.5, 9.5, 2.5, 15], "texture": "#0"},
				"south": {"uv": [0.5, 7.5, 1.5, 9.5], "texture": "#0"},
				"west": {"uv": [0.5, 7.5, 1.5, 9.5], "texture": "#0"},
				"up": {"uv": [0.5, 7.5, 1.5, 9.5], "texture": "#0"},
				"down": {"uv": [0.5, 7.5, 1.5, 9.5], "texture": "#0"}
			}
		}
	],
	"gui_light": "front",
	"display": {
		"gui": {
			"rotation": [20, -140, 0],
			"translation": [-1.5, -1.5, 0],
			"scale": [0.9, 0.9, 0.9]
		}
	},
	"groups": [
		{
			"name": "head",
			"origin": [8, 16, 2],
			"color": 0,
			"children": [0, 1, 2, 3]
		},
		{
			"name": "mouth",
			"origin": [8, 16, 2],
			"color": 0,
			"children": [4, 5, 6, 7]
		},
		{
			"name": "neck",
			"origin": [8, 16, 2],
			"color": 0,
			"children": [8, 9, 10]
		},
		{
			"name": "mane",
			"origin": [8, 16, 1.993],
			"color": 0,
			"children": [11, 12]
		},
		{
			"name": "body",
			"origin": [8, 9.7, 12.5],
			"color": 0,
			"children": [13, 14, 15, 16]
		},
		{
			"name": "front_left_leg",
			"origin": [5.2, 7.6, 2],
			"color": 0,
			"children": [17, 18, 19]
		},
		{
			"name": "front_right_leg",
			"origin": [10.8, 7.6, 2],
			"color": 0,
			"children": [20, 21]
		},
		{
			"name": "back_left_leg",
			"origin": [5.2, 7.6, 13.9],
			"color": 0,
			"children": [22, 23, 24]
		},
		{
			"name": "back_right_leg",
			"origin": [10.8, 7.6, 13.9],
			"color": 0,
			"children": [25, 26]
		}
	]
}