{
	"credit": "Made with Blockbench",
	"texture_size": [64, 16],
	"textures": {
		"0": "mc_overhaul:item/compendium_icons/bestiary/skeleton",
		"particle": "minecraft:item/emerald"
	},
	"elements": [
		{
			"name": "head",
			"from": [4.92, 19, 4.92],
			"to": [11.08, 25.16, 11.08],
			"rotation": {"angle": 0, "axis": "y", "origin": [8, 0.52, 8]},
			"faces": {
				"north": {"uv": [2, 8, 4, 16], "texture": "#0"},
				"east": {"uv": [0, 8, 2, 16], "texture": "#0"},
				"south": {"uv": [0, 0, 2, 8], "texture": "#0"},
				"west": {"uv": [0, 0, 2, 8], "texture": "#0"},
				"up": {"uv": [2, 0, 4, 8], "texture": "#0"},
				"down": {"uv": [0, 0, 2, 8], "texture": "#0"}
			}
		},
		{
			"name": "front",
			"from": [4.92, 9.76, 6.46],
			"to": [11.08, 19, 9.54],
			"rotation": {"angle": 0, "axis": "y", "origin": [8, 0.52, 8]},
			"faces": {
				"north": {"uv": [5, 4, 7, 16], "texture": "#0"},
				"east": {"uv": [5, 0, 7, 4], "texture": "#0"},
				"south": {"uv": [5, 0, 7, 4], "texture": "#0"},
				"west": {"uv": [5, 0, 7, 4], "texture": "#0"},
				"up": {"uv": [5, 0, 7, 4], "texture": "#0"},
				"down": {"uv": [5, 0, 7, 4], "texture": "#0"}
			}
		},
		{
			"name": "back",
			"from": [4.92, 9.76, 9.54],
			"to": [11.08, 19, 9.54],
			"rotation": {"angle": 0, "axis": "y", "origin": [8, 0.52, 8]},
			"faces": {
				"north": {"uv": [8, 4, 10, 16], "texture": "#0"},
				"east": {"uv": [9, 0, 10, 4], "texture": "#0"},
				"south": {"uv": [9, 0, 10, 4], "texture": "#0"},
				"west": {"uv": [9, 0, 10, 4], "texture": "#0"},
				"up": {"uv": [9, 0, 10, 4], "texture": "#0"},
				"down": {"uv": [9, 0, 10, 4], "texture": "#0"}
			}
		},
		{
			"name": "bottom",
			"from": [4.92, 9.76, 6.46],
			"to": [11.08, 9.76, 9.54],
			"rotation": {"angle": 0, "axis": "y", "origin": [8, 0.52, 8]},
			"faces": {
				"north": {"uv": [7, 0, 8, 4], "texture": "#0"},
				"east": {"uv": [7, 0, 8, 4], "texture": "#0"},
				"south": {"uv": [7, 0, 8, 4], "texture": "#0"},
				"west": {"uv": [7, 0, 8, 4], "texture": "#0"},
				"up": {"uv": [8, 0, 10, 4], "texture": "#0"},
				"down": {"uv": [7, 0, 8, 4], "texture": "#0"}
			}
		},
		{
			"name": "west",
			"from": [4.92, 9.76, 6.46],
			"to": [4.92, 19, 9.54],
			"rotation": {"angle": 0, "axis": "y", "origin": [8, 0.52, 8]},
			"faces": {
				"north": {"texture": "#0"},
				"east": {"texture": "#0"},
				"south": {"texture": "#0"},
				"west": {"texture": "#0"},
				"up": {"texture": "#0"},
				"down": {"texture": "#0"}
			}
		},
		{
			"name": "left_arm",
			"from": [3.38, 9.76, 7.23],
			"to": [4.92, 19, 8.77],
			"rotation": {"angle": 0, "axis": "y", "origin": [8, 0.52, 8]},
			"faces": {
				"north": {"uv": [4.5, 4, 5, 16], "texture": "#0"},
				"east": {"uv": [4, 4, 4.5, 16], "texture": "#0"},
				"south": {"uv": [4, 2, 4.5, 4], "texture": "#0"},
				"west": {"uv": [4, 2, 4.5, 4], "texture": "#0"},
				"up": {"uv": [4.5, 2, 5, 4], "texture": "#0"},
				"down": {"uv": [4, 2, 4.5, 4], "texture": "#0"}
			}
		},
		{
			"name": "right_arm",
			"from": [11.08, 9.76, 7.23],
			"to": [12.62, 19, 8.77],
			"rotation": {"angle": 0, "axis": "y", "origin": [15.7, 0.52, 8]},
			"faces": {
				"north": {"uv": [4.5, 4, 5, 16], "texture": "#0"},
				"east": {"uv": [4, 4, 4.5, 16], "texture": "#0"},
				"south": {"uv": [4, 2, 4.5, 4], "texture": "#0"},
				"west": {"uv": [4, 2, 4.5, 4], "texture": "#0"},
				"up": {"uv": [4.5, 2, 5, 4], "texture": "#0"},
				"down": {"uv": [4, 2, 4.5, 4], "texture": "#0"}
			}
		},
		{
			"name": "left_leg",
			"from": [5.69, 0.52, 7.23],
			"to": [7.23, 9.76, 8.77],
			"rotation": {"angle": 0, "axis": "y", "origin": [8, 0.52, 8]},
			"faces": {
				"north": {"uv": [4.5, 4, 5, 16], "texture": "#0"},
				"east": {"uv": [4, 4, 4.5, 16], "texture": "#0"},
				"south": {"uv": [4, 2, 4.5, 4], "texture": "#0"},
				"west": {"uv": [4, 2, 4.5, 4], "texture": "#0"},
				"up": {"uv": [4.5, 2, 5, 4], "texture": "#0"},
				"down": {"uv": [4, 2, 4.5, 4], "texture": "#0"}
			}
		},
		{
			"name": "right_leg",
			"from": [8.77, 0.52, 7.23],
			"to": [10.31, 9.76, 8.77],
			"rotation": {"angle": 0, "axis": "y", "origin": [11.08, 0.52, 8]},
			"faces": {
				"north": {"uv": [4.5, 4, 5, 16], "texture": "#0"},
				"east": {"uv": [4, 4, 4.5, 16], "texture": "#0"},
				"south": {"uv": [4, 2, 4.5, 4], "texture": "#0"},
				"west": {"uv": [4, 2, 4.5, 4], "texture": "#0"},
				"up": {"uv": [4.5, 2, 5, 4], "texture": "#0"},
				"down": {"uv": [4, 2, 4.5, 4], "texture": "#0"}
			}
		},
		{
			"name": "bow",
			"from": [11.74, 6.46, -2.34],
			"to": [11.74, 17.46, 8.66],
			"rotation": {"angle": 45, "axis": "x", "origin": [11.74, 6.46, 6.46]},
			"faces": {
				"north": {"uv": [10, 0, 13.75, 1], "texture": "#0"},
				"east": {"uv": [10, 16, 13.75, 1], "texture": "#0"},
				"south": {"uv": [10, 0, 13.75, 1], "texture": "#0"},
				"west": {"uv": [10, 0, 13.75, 1], "texture": "#0"},
				"up": {"uv": [10, 0, 13.75, 1], "texture": "#0"},
				"down": {"uv": [10, 0, 13.75, 1], "texture": "#0"}
			}
		}
	],
	"gui_light": "front",
	"display": {
		"gui": {
			"rotation": [20, -140, 0],
			"translation": [0, -3.5, 0],
			"scale": [0.8, 0.8, 0.8]
		}
	},
	"groups": [
		{
			"name": "head",
			"origin": [8, 18, 8],
			"color": 0,
			"children": [0]
		},
		{
			"name": "body",
			"origin": [8, 18, 8],
			"color": 0,
			"children": [1, 2, 3, 4]
		},
		{
			"name": "left_arm",
			"origin": [4.5, 16.6, 8],
			"color": 0,
			"children": [5]
		},
		{
			"name": "right_arm",
			"origin": [11.5, 16.6, 8],
			"color": 0,
			"children": [6]
		},
		{
			"name": "left_leg",
			"origin": [6.6, 9.6, 8.07],
			"color": 0,
			"children": [7]
		},
		{
			"name": "right_leg",
			"origin": [9.4, 9.6, 8.07],
			"color": 0,
			"children": [8]
		},
		9
	]
}