{
	"credit": "Made with Blockbench",
	"texture_size": [16, 8],
	"textures": {
		"1": "mc_overhaul:item/compendium_icons/bestiary/slime",
		"particle": "minecraft:item/emerald"
	},
	"elements": [
		{
			"name": "body",
			"from": [4, 0, 4],
			"to": [12, 8, 12],
			"rotation": {"angle": 0, "axis": "y", "origin": [8, 0, 8]},
			"faces": {
				"north": {"uv": [6, 0, 14, 16], "texture": "#1"},
				"east": {"uv": [6, 0, 14, 16], "texture": "#1"},
				"south": {"uv": [14, 0, 16, 16], "texture": "#1"},
				"west": {"uv": [14, 0, 16, 16], "texture": "#1"},
				"up": {"uv": [6, 0, 14, 16], "texture": "#1"},
				"down": {"uv": [14, 0, 16, 16], "texture": "#1"}
			}
		},
		{
			"name": "body",
			"from": [12, 1, 5],
			"to": [12, 7, 11],
			"rotation": {"angle": 0, "axis": "y", "origin": [8, 0, 8]},
			"faces": {
				"north": {"uv": [0, 0, 6, 12], "texture": "#1"},
				"east": {"uv": [0, 0, 6, 12], "texture": "#1"},
				"south": {"uv": [0, 12, 2, 16], "texture": "#1"},
				"west": {"uv": [0, 12, 2, 16], "texture": "#1"},
				"up": {"uv": [0, 0, 6, 12], "texture": "#1"},
				"down": {"uv": [0, 12, 2, 16], "texture": "#1"}
			}
		},
		{
			"name": "body",
			"from": [5, 1, 4],
			"to": [11, 7, 4],
			"rotation": {"angle": 0, "axis": "y", "origin": [7, 0, 7]},
			"faces": {
				"north": {"uv": [0, 0, 6, 12], "texture": "#1"},
				"east": {"uv": [0, 0, 6, 12], "texture": "#1"},
				"south": {"uv": [0, 12, 2, 16], "texture": "#1"},
				"west": {"uv": [0, 12, 2, 16], "texture": "#1"},
				"up": {"uv": [0, 0, 6, 12], "texture": "#1"},
				"down": {"uv": [0, 12, 2, 16], "texture": "#1"}
			}
		},
		{
			"name": "body",
			"from": [5, 8, 5],
			"to": [11, 8, 11],
			"rotation": {"angle": 0, "axis": "y", "origin": [7, 1, 8]},
			"faces": {
				"north": {"uv": [0, 0, 6, 12], "texture": "#1"},
				"east": {"uv": [0, 0, 6, 12], "texture": "#1"},
				"south": {"uv": [0, 12, 2, 16], "texture": "#1"},
				"west": {"uv": [0, 12, 2, 16], "texture": "#1"},
				"up": {"uv": [0, 0, 6, 12], "texture": "#1"},
				"down": {"uv": [0, 12, 2, 16], "texture": "#1"}
			}
		},
		{
			"name": "right_eye",
			"from": [4.7, 4, 3.7],
			"to": [6.7, 6, 5.7],
			"rotation": {"angle": 0, "axis": "y", "origin": [8, 0, 7.2]},
			"faces": {
				"north": {"uv": [6, 12, 4, 16], "texture": "#1"},
				"east": {"uv": [4, 12, 6, 14], "texture": "#1"},
				"south": {"uv": [2, 12, 4, 16], "texture": "#1"},
				"west": {"uv": [2, 12, 4, 16], "texture": "#1"},
				"up": {"uv": [4, 12, 6, 14], "texture": "#1"},
				"down": {"uv": [2, 12, 4, 16], "texture": "#1"}
			}
		},
		{
			"name": "left_eye",
			"from": [9.3, 4, 3.7],
			"to": [11.3, 6, 5.7],
			"rotation": {"angle": 0, "axis": "y", "origin": [12.6, 0, 7.2]},
			"faces": {
				"north": {"uv": [4, 12, 6, 16], "texture": "#1"},
				"east": {"uv": [4, 12, 6, 14], "texture": "#1"},
				"south": {"uv": [2, 12, 4, 16], "texture": "#1"},
				"west": {"uv": [2, 12, 4, 16], "texture": "#1"},
				"up": {"uv": [4, 12, 6, 14], "texture": "#1"},
				"down": {"uv": [2, 12, 4, 16], "texture": "#1"}
			}
		},
		{
			"name": "mouth",
			"from": [8, 2, 3.7],
			"to": [9, 3, 4.7],
			"rotation": {"angle": 0, "axis": "y", "origin": [8, 0, 7.2]},
			"faces": {
				"north": {"uv": [5, 14, 6, 16], "texture": "#1"},
				"east": {"uv": [5, 14, 6, 16], "texture": "#1"},
				"south": {"uv": [2, 12, 4, 16], "texture": "#1"},
				"west": {"uv": [2, 12, 4, 16], "texture": "#1"},
				"up": {"uv": [5, 14, 6, 16], "texture": "#1"},
				"down": {"uv": [2, 12, 4, 16], "texture": "#1"}
			}
		}
	],
	"gui_light": "front",
	"display": {
		"gui": {
			"rotation": [20, -140, 0],
			"translation": [0, 4.75, 0],
			"scale": [1.3, 1.3, 1.3]
		}
	},
	"groups": [
		{
			"name": "body",
			"origin": [8, 24, 8],
			"color": 0,
			"children": [0]
		},
		{
			"name": "body",
			"origin": [8, 24, 8],
			"color": 0,
			"children": [1, 2, 3]
		},
		{
			"name": "right_eye",
			"origin": [8, 24, 8],
			"color": 0,
			"children": [4]
		},
		{
			"name": "left_eye",
			"origin": [8, 24, 8],
			"color": 0,
			"children": [5]
		},
		{
			"name": "mouth",
			"origin": [8, 24, 8],
			"color": 0,
			"children": [6]
		}
	]
}