{
	"credit": "Made with Blockbench",
	"texture_size": [128, 64],
	"textures": {
		"0": "mc_overhaul:item/compendium_icons/bestiary/sniffer",
		"particle": "minecraft:item/emerald"
	},
	"elements": [
		{
			"name": "head",
			"from": [4.36, 1.62, -9.94],
			"to": [11.64, 11.7, -3.78],
			"rotation": {"angle": 0, "axis": "y", "origin": [8, 0.5, 7.42]},
			"faces": {
				"north": {"uv": [1.375, 6.5, 3, 11], "texture": "#0"},
				"east": {"uv": [0, 6.5, 1.375, 11], "texture": "#0"},
				"south": {"uv": [1, 3.75, 1.375, 6.5], "texture": "#0"},
				"west": {"uv": [1, 3.75, 1.375, 6.5], "texture": "#0"},
				"up": {"uv": [1.375, 3.75, 3, 6.5], "texture": "#0"},
				"down": {"uv": [1, 3.75, 1.375, 6.5], "texture": "#0"}
			}
		},
		{
			"name": "lower_beak",
			"from": [4.36, 3.3, -14.98],
			"to": [11.64, 10.02, -9.94],
			"rotation": {"angle": 0, "axis": "y", "origin": [8, 0.5, 7.42]},
			"faces": {
				"north": {"uv": [5, 0.5, 6.625, 3.5], "texture": "#0"},
				"east": {"uv": [3.875, 0.5, 5, 3.5], "texture": "#0"},
				"south": {"uv": [3.875, 0, 6.625, 0.5], "texture": "#0"},
				"west": {"uv": [3.875, 0, 6.625, 0.5], "texture": "#0"},
				"up": {"uv": [3.875, 0, 6.625, 0.5], "texture": "#0"},
				"down": {"uv": [3.875, 0, 6.625, 0.5], "texture": "#0"}
			}
		},
		{
			"name": "nose",
			"from": [4.36, 10.02, -14.98],
			"to": [11.64, 11.14, -9.94],
			"rotation": {"angle": 0, "axis": "y", "origin": [8, 0.5, 7.42]},
			"faces": {
				"north": {"uv": [2.25, 3, 3.875, 3.5], "texture": "#0"},
				"east": {"uv": [1.125, 3, 2.25, 3.5], "texture": "#0"},
				"south": {"uv": [3.875, 3, 2.25, 0.75], "texture": "#0"},
				"west": {"uv": [3.875, 3, 2.25, 0.75], "texture": "#0"},
				"up": {"uv": [3.875, 3, 2.25, 0.75], "texture": "#0"},
				"down": {"uv": [3.875, 3, 2.25, 0.75], "texture": "#0"}
			}
		},
		{
			"name": "right_ear",
			"from": [11.6456, 1.06, -7.7],
			"to": [12.2056, 11.7, -3.78],
			"rotation": {"angle": 0, "axis": "y", "origin": [8, 0.5, 7.42]},
			"faces": {
				"north": {"uv": [0.875, 1.75, 1, 6.5], "texture": "#0"},
				"east": {"uv": [0, 1.75, 0.875, 6.5], "texture": "#0"},
				"south": {"uv": [0, 0, 0.875, 1.75], "texture": "#0"},
				"west": {"uv": [0, 0, 0.875, 1.75], "texture": "#0"},
				"up": {"uv": [0.875, 0, 1, 1.75], "texture": "#0"},
				"down": {"uv": [0, 0, 0.875, 1.75], "texture": "#0"}
			}
		},
		{
			"name": "body",
			"from": [1, 2.74, -3.78],
			"to": [15, 18.98, 18.62],
			"rotation": {"angle": 0, "axis": "y", "origin": [8, 0.5, 7.42]},
			"faces": {
				"north": {"uv": [8, 3.75, 11.125, 11], "texture": "#0"},
				"east": {"uv": [3, 3.75, 8, 11], "texture": "#0"},
				"south": {"uv": [3, 11, 6.125, 12.25], "texture": "#0"},
				"west": {"uv": [3, 11, 6.125, 12.25], "texture": "#0"},
				"up": {"uv": [3, 11, 6.125, 12.25], "texture": "#0"},
				"down": {"uv": [3, 11, 6.125, 12.25], "texture": "#0"}
			}
		},
		{
			"name": "body",
			"from": [0.72, 5.26, -4.06],
			"to": [15.28, 19.26, 18.9],
			"rotation": {"angle": 0, "axis": "y", "origin": [8, 0.5, 7.42]},
			"faces": {
				"north": {"uv": [11.125, 11, 14.25, 16], "texture": "#0"},
				"east": {"uv": [6.125, 11, 11.125, 16], "texture": "#0"},
				"south": {"uv": [3, 11, 6.125, 16], "texture": "#0"},
				"west": {"uv": [3, 11, 6.125, 16], "texture": "#0"},
				"up": {"uv": [14.25, 11, 11.125, 1], "texture": "#0"},
				"down": {"uv": [3, 11, 6.125, 16], "texture": "#0"}
			}
		},
		{
			"name": "front_right_leg",
			"from": [10.24, 0.5, -3.22],
			"to": [14.16, 6.1, 1.26],
			"rotation": {"angle": 0, "axis": "y", "origin": [8, 0.5, 7.42]},
			"faces": {
				"north": {"uv": [7.75, 1, 8.625, 3.5], "texture": "#0"},
				"east": {"uv": [6.75, 1, 7.75, 3.5], "texture": "#0"},
				"south": {"uv": [6.75, 0, 8.625, 1], "texture": "#0"},
				"west": {"uv": [6.75, 0, 8.625, 1], "texture": "#0"},
				"up": {"uv": [6.75, 0, 8.625, 1], "texture": "#0"},
				"down": {"uv": [6.75, 0, 8.625, 1], "texture": "#0"}
			}
		},
		{
			"name": "middle_right_leg",
			"from": [10.24, 0.5, 5.18],
			"to": [14.16, 6.1, 9.66],
			"rotation": {"angle": 0, "axis": "y", "origin": [8, 0.5, 15.82]},
			"faces": {
				"north": {"uv": [7.75, 1, 8.625, 3.5], "texture": "#0"},
				"east": {"uv": [6.75, 1, 7.75, 3.5], "texture": "#0"},
				"south": {"uv": [6.75, 0, 8.625, 1], "texture": "#0"},
				"west": {"uv": [6.75, 0, 8.625, 1], "texture": "#0"},
				"up": {"uv": [6.75, 0, 8.625, 1], "texture": "#0"},
				"down": {"uv": [6.75, 0, 8.625, 1], "texture": "#0"}
			}
		},
		{
			"name": "back_right_leg",
			"from": [10.24, 0.5, 13.58],
			"to": [14.16, 6.1, 18.06],
			"rotation": {"angle": 0, "axis": "y", "origin": [8, 0.5, 24.22]},
			"faces": {
				"north": {"uv": [7.75, 1, 8.625, 3.5], "texture": "#0"},
				"east": {"uv": [6.75, 1, 7.75, 3.5], "texture": "#0"},
				"south": {"uv": [6.75, 0, 8.625, 1], "texture": "#0"},
				"west": {"uv": [6.75, 0, 8.625, 1], "texture": "#0"},
				"up": {"uv": [6.75, 0, 8.625, 1], "texture": "#0"},
				"down": {"uv": [6.75, 0, 8.625, 1], "texture": "#0"}
			}
		}
	],
	"gui_light": "front",
	"display": {
		"gui": {
			"rotation": [20, -140, 0],
			"translation": [-2, -1.5, 0],
			"scale": [0.6, 0.6, 0.6]
		}
	},
	"groups": [
		{
			"name": "head",
			"origin": [8, 7.5, -3.5],
			"color": 0,
			"children": [0]
		},
		{
			"name": "lower_beak",
			"origin": [8, 6.1, -10.5],
			"color": 0,
			"children": [1]
		},
		{
			"name": "nose",
			"origin": [8, 10.02, -9.94],
			"color": 0,
			"children": [2]
		},
		{
			"name": "right_ear",
			"origin": [11.6456, 11.7, -6.02],
			"color": 0,
			"children": [3]
		},
		{
			"name": "body",
			"origin": [8, 11.14, 7.42],
			"color": 0,
			"children": [4, 5]
		},
		{
			"name": "front_right_leg",
			"origin": [12.2, 5.54, -0.98],
			"color": 0,
			"children": [6]
		},
		{
			"name": "middle_right_leg",
			"origin": [12.2, 5.54, 7.42],
			"color": 0,
			"children": [7]
		},
		{
			"name": "back_right_leg",
			"origin": [12.2, 5.54, 15.82],
			"color": 0,
			"children": [8]
		}
	]
}