{
	"credit": "Made with Blockbench",
	"texture_size": [64, 64],
	"textures": {
		"0": "mc_overhaul:item/compendium_icons/bestiary/snow_golem",
		"particle": "minecraft:item/emerald"
	},
	"elements": [
		{
			"name": "head",
			"from": [2.5, 20.5, 2.5],
			"to": [13.5, 31.5, 13.5],
			"rotation": {"angle": 0, "axis": "y", "origin": [8, 0, 8]},
			"faces": {
				"north": {"uv": [11, 6, 15, 10], "texture": "#0"},
				"east": {"uv": [7, 6, 11, 10], "texture": "#0"},
				"south": {"uv": [11, 0.5, 15, 2], "texture": "#0"},
				"west": {"uv": [11, 0.5, 15, 2], "texture": "#0"},
				"up": {"uv": [11, 2, 15, 6], "texture": "#0"},
				"down": {"uv": [11, 0.5, 15, 2], "texture": "#0"}
			}
		},
		{
			"name": "right_hand_rotation",
			"from": [11.55, 0, 7.5],
			"to": [12.55, 11, 8.5],
			"rotation": {"angle": 22.5, "axis": "z", "origin": [-5.7, 15, 8]},
			"faces": {
				"north": {"uv": [11.5, 0, 14.5, 0.5], "rotation": 270, "texture": "#0"},
				"east": {"uv": [11.5, 0, 14.5, 0.5], "rotation": 90, "texture": "#0"},
				"south": {"uv": [14.5, 0, 15, 0.5], "rotation": 90, "texture": "#0"},
				"west": {"uv": [14.5, 0, 15, 0.5], "rotation": 90, "texture": "#0"},
				"up": {"uv": [11, 0, 11.5, 0.5], "rotation": 90, "texture": "#0"},
				"down": {"uv": [14.5, 0, 15, 0.5], "rotation": 90, "texture": "#0"}
			}
		},
		{
			"name": "body",
			"from": [3.5, 11.5, 3.5],
			"to": [12.5, 20.5, 12.5],
			"rotation": {"angle": 0, "axis": "y", "origin": [8, 0, 8]},
			"faces": {
				"north": {"uv": [2.5, 2.5, 5, 5], "texture": "#0"},
				"east": {"uv": [0, 2.5, 2.5, 5], "texture": "#0"},
				"south": {"uv": [0, 0, 2.5, 2.5], "texture": "#0"},
				"west": {"uv": [0, 0, 2.5, 2.5], "texture": "#0"},
				"up": {"uv": [2.5, 0, 5, 2.5], "texture": "#0"},
				"down": {"uv": [0, 0, 2.5, 2.5], "texture": "#0"}
			}
		},
		{
			"name": "body_bottom",
			"from": [2.5, 0.5, 2.5],
			"to": [13.5, 11.5, 13.5],
			"rotation": {"angle": 0, "axis": "y", "origin": [8, 0, 8]},
			"faces": {
				"north": {"uv": [8, 3, 11, 6], "texture": "#0"},
				"east": {"uv": [5, 3, 8, 6], "texture": "#0"},
				"south": {"uv": [5, 0, 8, 3], "texture": "#0"},
				"west": {"uv": [5, 0, 8, 3], "texture": "#0"},
				"up": {"uv": [8, 0, 11, 3], "texture": "#0"},
				"down": {"uv": [5, 0, 8, 3], "texture": "#0"}
			}
		}
	],
	"gui_light": "front",
	"display": {
		"gui": {
			"rotation": [20, -140, 0],
			"translation": [0, -4, 0],
			"scale": [0.6, 0.6, 0.6]
		}
	},
	"groups": [
		{
			"name": "head",
			"origin": [8, 20, 8],
			"color": 0,
			"children": [0]
		},
		{
			"name": "right_hand",
			"origin": [22.5, 18.75, 8],
			"color": 0,
			"children": [
				{
					"name": "right_hand_flip",
					"origin": [17.5, 17.75, 8],
					"color": 0,
					"children": [
						{
							"name": "right_hand_rotation",
							"origin": [23, 17.75, 8],
							"color": 0,
							"children": [1]
						}
					]
				}
			]
		},
		{
			"name": "body",
			"origin": [8, 11, 8],
			"color": 0,
			"children": [2]
		},
		{
			"name": "body_bottom",
			"origin": [8, 0, 8],
			"color": 0,
			"children": [3]
		}
	]
}