{
	"credit": "Made with Blockbench",
	"texture_size": [64, 32],
	"textures": {
		"0": "mc_overhaul:item/compendium_icons/bestiary/spider",
		"particle": "minecraft:item/emerald"
	},
	"elements": [
		{
			"name": "head",
			"from": [4, 5, -3],
			"to": [12, 13, 5],
			"rotation": {"angle": 0, "axis": "y", "origin": [8, 0, 8]},
			"faces": {
				"north": {"uv": [3, 6, 5, 10], "texture": "#0"},
				"east": {"uv": [1, 6, 3, 10], "texture": "#0"},
				"south": {"uv": [1, 3, 3, 6], "texture": "#0"},
				"west": {"uv": [1, 3, 3, 6], "texture": "#0"},
				"up": {"uv": [5, 6, 3, 2], "texture": "#0"},
				"down": {"uv": [1, 3, 3, 6], "texture": "#0"}
			}
		},
		{
			"name": "neck",
			"from": [5, 6, 5],
			"to": [11, 12, 11],
			"rotation": {"angle": 0, "axis": "y", "origin": [8, 0, 8]},
			"faces": {
				"north": {"uv": [1.5, 0, 3, 3], "texture": "#0"},
				"east": {"uv": [0, 0, 1.5, 3], "texture": "#0"},
				"south": {"uv": [0, 3, 1.5, 6], "texture": "#0"},
				"west": {"uv": [0, 3, 1.5, 6], "texture": "#0"},
				"up": {"uv": [0, 3, 1.5, 6], "texture": "#0"},
				"down": {"uv": [0, 3, 1.5, 6], "texture": "#0"}
			}
		},
		{
			"name": "body",
			"from": [3, 5, 11],
			"to": [13, 13, 23],
			"rotation": {"angle": 0, "axis": "y", "origin": [8, 0, 8]},
			"faces": {
				"north": {"uv": [8, 6, 10.5, 10], "texture": "#0"},
				"east": {"uv": [5, 6, 8, 10], "texture": "#0"},
				"south": {"uv": [6, 2, 8, 6], "texture": "#0"},
				"west": {"uv": [6, 2, 8, 6], "texture": "#0"},
				"up": {"uv": [10.5, 6, 8, 0], "texture": "#0"},
				"down": {"uv": [6, 2, 8, 6], "texture": "#0"}
			}
		},
		{
			"name": "leg1",
			"from": [7.3, 9.8, 11],
			"to": [23.3, 11.8, 13],
			"rotation": {"angle": -22.5, "axis": "z", "origin": [4.3, 1.8, 8]},
			"faces": {
				"north": {"uv": [3.5, 1, 7.5, 2], "texture": "#0"},
				"east": {"uv": [3, 1, 3.5, 2], "texture": "#0"},
				"south": {"uv": [3, 0, 3.5, 1], "texture": "#0"},
				"west": {"uv": [3, 0, 3.5, 1], "texture": "#0"},
				"up": {"uv": [7.5, 1, 3.5, 0], "texture": "#0"},
				"down": {"uv": [3, 0, 3.5, 1], "texture": "#0"}
			}
		},
		{
			"name": "leg2",
			"from": [-7.4, 9.7, 11],
			"to": [8.6, 11.7, 13],
			"rotation": {"angle": 22.5, "axis": "z", "origin": [11.6, 1.7, 8]},
			"faces": {
				"north": {"uv": [3.5, 1, 7.5, 2], "texture": "#0"},
				"east": {"uv": [3, 1, 3.5, 2], "texture": "#0"},
				"south": {"uv": [3, 0, 3.5, 1], "texture": "#0"},
				"west": {"uv": [3, 0, 3.5, 1], "texture": "#0"},
				"up": {"uv": [7.5, 1, 3.5, 0], "texture": "#0"},
				"down": {"uv": [3, 0, 3.5, 1], "texture": "#0"}
			}
		},
		{
			"name": "leg3",
			"from": [7.2, 9.8, 8],
			"to": [23.2, 11.8, 10],
			"rotation": {"angle": -22.5, "axis": "z", "origin": [4.2, 1.8, 8]},
			"faces": {
				"north": {"uv": [3.5, 1, 7.5, 2], "texture": "#0"},
				"east": {"uv": [3, 1, 3.5, 2], "texture": "#0"},
				"south": {"uv": [3, 0, 3.5, 1], "texture": "#0"},
				"west": {"uv": [3, 0, 3.5, 1], "texture": "#0"},
				"up": {"uv": [7.5, 1, 3.5, 0], "texture": "#0"},
				"down": {"uv": [3, 0, 3.5, 1], "texture": "#0"}
			}
		},
		{
			"name": "leg4",
			"from": [-7.4, 9.7, 8],
			"to": [8.6, 11.7, 10],
			"rotation": {"angle": 22.5, "axis": "z", "origin": [11.6, 1.7, 8]},
			"faces": {
				"north": {"uv": [3.5, 1, 7.5, 2], "texture": "#0"},
				"east": {"uv": [3, 1, 3.5, 2], "texture": "#0"},
				"south": {"uv": [3, 0, 3.5, 1], "texture": "#0"},
				"west": {"uv": [3, 0, 3.5, 1], "texture": "#0"},
				"up": {"uv": [7.5, 1, 3.5, 0], "texture": "#0"},
				"down": {"uv": [3, 0, 3.5, 1], "texture": "#0"}
			}
		},
		{
			"name": "leg5",
			"from": [7.2, 9.8, 5],
			"to": [23.2, 11.8, 7],
			"rotation": {"angle": -22.5, "axis": "z", "origin": [4.2, 1.8, 8]},
			"faces": {
				"north": {"uv": [3.5, 1, 7.5, 2], "texture": "#0"},
				"east": {"uv": [3, 1, 3.5, 2], "texture": "#0"},
				"south": {"uv": [3, 0, 3.5, 1], "texture": "#0"},
				"west": {"uv": [3, 0, 3.5, 1], "texture": "#0"},
				"up": {"uv": [7.5, 1, 3.5, 0], "texture": "#0"},
				"down": {"uv": [3, 0, 3.5, 1], "texture": "#0"}
			}
		},
		{
			"name": "leg6",
			"from": [-7.4, 9.7, 5],
			"to": [8.6, 11.7, 7],
			"rotation": {"angle": 22.5, "axis": "z", "origin": [11.6, 1.7, 8]},
			"faces": {
				"north": {"uv": [3.5, 1, 7.5, 2], "texture": "#0"},
				"east": {"uv": [3, 1, 3.5, 2], "texture": "#0"},
				"south": {"uv": [3, 0, 3.5, 0.5], "texture": "#0"},
				"west": {"uv": [3, 0, 3.5, 0.5], "texture": "#0"},
				"up": {"uv": [7.5, 1, 3.5, 0], "texture": "#0"},
				"down": {"uv": [3, 0, 3.5, 0.5], "texture": "#0"}
			}
		},
		{
			"name": "leg7",
			"from": [7.2, 9.8, 2],
			"to": [23.2, 11.8, 4],
			"rotation": {"angle": -22.5, "axis": "z", "origin": [4.2, 1.8, 8]},
			"faces": {
				"north": {"uv": [3.5, 1, 7.5, 2], "texture": "#0"},
				"east": {"uv": [3, 1, 3.5, 2], "texture": "#0"},
				"south": {"uv": [3, 0, 3.5, 1], "texture": "#0"},
				"west": {"uv": [3, 0, 3.5, 1], "texture": "#0"},
				"up": {"uv": [7.5, 1, 3.5, 0], "texture": "#0"},
				"down": {"uv": [3, 0, 3.5, 1], "texture": "#0"}
			}
		},
		{
			"name": "leg8",
			"from": [-7.4, 9.7, 2],
			"to": [8.6, 11.7, 4],
			"rotation": {"angle": 22.5, "axis": "z", "origin": [11.6, 1.7, 8]},
			"faces": {
				"north": {"uv": [3.5, 1, 7.5, 2], "texture": "#0"},
				"east": {"uv": [3, 1, 3.5, 2], "texture": "#0"},
				"south": {"uv": [3, 0, 3.5, 1], "texture": "#0"},
				"west": {"uv": [3, 0, 3.5, 1], "texture": "#0"},
				"up": {"uv": [7.5, 1, 3.5, 0], "texture": "#0"},
				"down": {"uv": [3, 0, 3.5, 1], "texture": "#0"}
			}
		}
	],
	"gui_light": "front",
	"display": {
		"gui": {
			"rotation": [20, -140, 0],
			"translation": [-0.75, 0.25, 0],
			"scale": [0.6, 0.6, 0.6]
		}
	},
	"groups": [
		{
			"name": "head",
			"origin": [8, 9, 5],
			"color": 0,
			"children": [0]
		},
		{
			"name": "neck",
			"origin": [8, 9, 8],
			"color": 0,
			"children": [1]
		},
		{
			"name": "body",
			"origin": [8, 9, 17],
			"color": 0,
			"children": [2]
		},
		{
			"name": "leg1",
			"origin": [12, 9, 12],
			"color": 0,
			"children": [3]
		},
		{
			"name": "leg2",
			"origin": [4, 9, 12],
			"color": 0,
			"children": [4]
		},
		{
			"name": "leg3",
			"origin": [12, 9, 9],
			"color": 0,
			"children": [5]
		},
		{
			"name": "leg4",
			"origin": [4, 9, 9],
			"color": 0,
			"children": [6]
		},
		{
			"name": "leg5",
			"origin": [12, 9, 6],
			"color": 0,
			"children": [7]
		},
		{
			"name": "leg6",
			"origin": [4, 9, 6],
			"color": 0,
			"children": [8]
		},
		{
			"name": "leg7",
			"origin": [12, 9, 3],
			"color": 0,
			"children": [9]
		},
		{
			"name": "leg8",
			"origin": [4, 9, 3],
			"color": 0,
			"children": [10]
		}
	]
}