{
	"credit": "Made with Blockbench",
	"texture_size": [32, 32],
	"textures": {
		"0": "mc_overhaul:item/compendium_icons/bestiary/squid",
		"particle": "minecraft:item/emerald"
	},
	"elements": [
		{
			"name": "body",
			"from": [3.8, 1.3, -4.1],
			"to": [12.2, 9.7, 7.1],
			"rotation": {"angle": 0, "axis": "y", "origin": [8, 5.5, 19]},
			"faces": {
				"north": {"uv": [1.5, 1.5, 4.5, 3.5], "rotation": 180, "texture": "#0"},
				"east": {"uv": [1.5, 1.5, 4.5, 3.5], "rotation": 90, "texture": "#0"},
				"south": {"uv": [6, 0, 12, 6], "texture": "#0"},
				"west": {"uv": [6, 6, 12, 14], "rotation": 270, "texture": "#0"},
				"up": {"uv": [0, 6, 6, 14], "texture": "#0"},
				"down": {"uv": [1.5, 1.5, 4.5, 3.5], "rotation": 180, "texture": "#0"}
			}
		},
		{
			"name": "tentacle2",
			"from": [4.05, 4.8, 6.75],
			"to": [5.45, 6.2, 19.35],
			"rotation": {"angle": 0, "axis": "y", "origin": [8.25, 5.5, 19.35]},
			"faces": {
				"north": {"uv": [0.5, 0, 1, 0.5], "rotation": 180, "texture": "#0"},
				"east": {"uv": [0.5, 0, 1, 0.5], "rotation": 90, "texture": "#0"},
				"south": {"uv": [0, 0, 0.5, 0.5], "texture": "#0"},
				"west": {"uv": [0, 0, 0.5, 0.5], "rotation": 270, "texture": "#0"},
				"up": {"uv": [0, 0, 0.5, 0.5], "texture": "#0"},
				"down": {"uv": [0.5, 0, 1, 0.5], "rotation": 180, "texture": "#0"}
			}
		},
		{
			"name": "tentacle3",
			"from": [7.25, 8.2, 6.75],
			"to": [8.65, 9.6, 19.35],
			"rotation": {"angle": 0, "axis": "y", "origin": [11.45, 8.9, 19.35]},
			"faces": {
				"north": {"uv": [0.5, 0, 1, 0.5], "rotation": 180, "texture": "#0"},
				"east": {"uv": [0.5, 0, 1, 0.5], "rotation": 90, "texture": "#0"},
				"south": {"uv": [0, 0, 0.5, 0.5], "texture": "#0"},
				"west": {"uv": [0, 0, 0.5, 0.5], "rotation": 270, "texture": "#0"},
				"up": {"uv": [0, 0, 0.5, 0.5], "texture": "#0"},
				"down": {"uv": [0.5, 0, 1, 0.5], "rotation": 180, "texture": "#0"}
			}
		},
		{
			"name": "tentacle4",
			"from": [7.25, 1.6, 6.75],
			"to": [8.65, 3, 19.35],
			"rotation": {"angle": 0, "axis": "y", "origin": [11.45, 2.3, 19.35]},
			"faces": {
				"north": {"uv": [0.5, 0, 1, 0.5], "rotation": 180, "texture": "#0"},
				"east": {"uv": [0.5, 0, 1, 0.5], "rotation": 90, "texture": "#0"},
				"south": {"uv": [0, 0, 0.5, 0.5], "texture": "#0"},
				"west": {"uv": [0, 0, 0.5, 0.5], "rotation": 270, "texture": "#0"},
				"up": {"uv": [0, 0, 0.5, 0.5], "texture": "#0"},
				"down": {"uv": [0.5, 0, 1, 0.5], "rotation": 180, "texture": "#0"}
			}
		},
		{
			"name": "tentacle5",
			"from": [12.15, 8.3, 6.75],
			"to": [13.55, 9.7, 19.35],
			"rotation": {"angle": 45, "axis": "z", "origin": [12.85, 5.5, 19.35]},
			"faces": {
				"north": {"uv": [0.5, 0, 1, 0.5], "rotation": 90, "texture": "#0"},
				"east": {"uv": [0.5, 0, 1, 0.5], "rotation": 90, "texture": "#0"},
				"south": {"uv": [0, 0, 0.5, 0.5], "rotation": 90, "texture": "#0"},
				"west": {"uv": [0, 0, 0.5, 0.5], "rotation": 270, "texture": "#0"},
				"up": {"uv": [0, 0, 0.5, 0.5], "texture": "#0"},
				"down": {"uv": [0.5, 0, 1, 0.5], "rotation": 180, "texture": "#0"}
			}
		},
		{
			"name": "tentacle6",
			"from": [4.25, 10.2, 6.75],
			"to": [5.65, 11.6, 19.35],
			"rotation": {"angle": 45, "axis": "z", "origin": [8.45, 10.9, 19.35]},
			"faces": {
				"north": {"uv": [0.5, 0, 1, 0.5], "rotation": 180, "texture": "#0"},
				"east": {"uv": [0.5, 0, 1, 0.5], "rotation": 90, "texture": "#0"},
				"south": {"uv": [0, 0, 0.5, 0.5], "texture": "#0"},
				"west": {"uv": [0, 0, 0.5, 0.5], "rotation": 270, "texture": "#0"},
				"up": {"uv": [0, 0, 0.5, 0.5], "texture": "#0"},
				"down": {"uv": [0.5, 0, 1, 0.5], "rotation": 180, "texture": "#0"}
			}
		},
		{
			"name": "tentacle7",
			"from": [8.25, 5.2, 6.75],
			"to": [9.65, 6.6, 19.35],
			"rotation": {"angle": 45, "axis": "z", "origin": [12.45, 5.9, 19.35]},
			"faces": {
				"north": {"uv": [0.5, 0, 1, 0.5], "rotation": 180, "texture": "#0"},
				"east": {"uv": [0.5, 0, 1, 0.5], "rotation": 90, "texture": "#0"},
				"south": {"uv": [0, 0, 0.5, 0.5], "texture": "#0"},
				"west": {"uv": [0, 0, 0.5, 0.5], "rotation": 270, "texture": "#0"},
				"up": {"uv": [0, 0, 0.5, 0.5], "texture": "#0"},
				"down": {"uv": [0.5, 0, 1, 0.5], "rotation": 180, "texture": "#0"}
			}
		},
		{
			"name": "tentacle8",
			"from": [4.25, 5.2, 6.75],
			"to": [5.65, 6.6, 19.35],
			"rotation": {"angle": 45, "axis": "z", "origin": [8.45, 5.9, 19.35]},
			"faces": {
				"north": {"uv": [0.5, 0, 1, 0.5], "rotation": 180, "texture": "#0"},
				"east": {"uv": [0.5, 0, 1, 0.5], "rotation": 90, "texture": "#0"},
				"south": {"uv": [0, 0, 0.5, 0.5], "texture": "#0"},
				"west": {"uv": [0, 0, 0.5, 0.5], "rotation": 270, "texture": "#0"},
				"up": {"uv": [0, 0, 0.5, 0.5], "texture": "#0"},
				"down": {"uv": [0.5, 0, 1, 0.5], "rotation": 180, "texture": "#0"}
			}
		},
		{
			"name": "tentacle2",
			"from": [10.25, 4.8, 6.75],
			"to": [11.65, 6.2, 19.35],
			"rotation": {"angle": 0, "axis": "y", "origin": [14.45, 5.5, 19.35]},
			"faces": {
				"north": {"uv": [0.5, 0, 1, 0.5], "rotation": 180, "texture": "#0"},
				"east": {"uv": [0.5, 0, 1, 0.5], "rotation": 90, "texture": "#0"},
				"south": {"uv": [0, 0, 0.5, 0.5], "texture": "#0"},
				"west": {"uv": [0, 0, 0.5, 0.5], "rotation": 270, "texture": "#0"},
				"up": {"uv": [0, 0, 0.5, 0.5], "texture": "#0"},
				"down": {"uv": [0.5, 0, 1, 0.5], "rotation": 180, "texture": "#0"}
			}
		}
	],
	"gui_light": "front",
	"display": {
		"gui": {
			"rotation": [20, 40, 0],
			"translation": [0.25, 1.5, 0],
			"scale": [0.85, 0.85, 0.85]
		}
	},
	"groups": [
		{
			"name": "body",
			"origin": [8, 18, 8],
			"color": 0,
			"children": [0]
		},
		{
			"name": "tentacle2",
			"origin": [5.55, 13.1, 10.45],
			"color": 0,
			"children": [1]
		},
		{
			"name": "tentacle3",
			"origin": [8, 13.1, 11.5],
			"color": 0,
			"children": [2]
		},
		{
			"name": "tentacle4",
			"origin": [10.45, 13.1, 10.45],
			"color": 0,
			"children": [3]
		},
		{
			"name": "tentacle5",
			"origin": [11.5, 13.1, 8],
			"color": 0,
			"children": [4]
		},
		{
			"name": "tentacle6",
			"origin": [10.45, 13.1, 5.55],
			"color": 0,
			"children": [5]
		},
		{
			"name": "tentacle7",
			"origin": [8, 13.1, 4.5],
			"color": 0,
			"children": [6]
		},
		{
			"name": "tentacle8",
			"origin": [5.55, 13.1, 5.55],
			"color": 0,
			"children": [7]
		},
		{
			"name": "tentacle1",
			"origin": [8, 8, 8],
			"color": 0,
			"children": [8]
		}
	]
}