{
	"credit": "Made with Blockbench",
	"texture_size": [64, 32],
	"textures": {
		"0": "mc_overhaul:item/compendium_icons/bestiary/stray",
		"particle": "minecraft:item/emerald"
	},
	"elements": [
		{
			"name": "head",
			"from": [4.976, 18.71, 4.976],
			"to": [11.024, 24.758, 11.024],
			"rotation": {"angle": 0, "axis": "y", "origin": [8, 0.566, 8]},
			"faces": {
				"north": {"uv": [2, 4, 4, 8], "texture": "#0"},
				"east": {"uv": [0, 4, 2, 8], "texture": "#0"},
				"south": {"uv": [0, 0, 2, 4], "texture": "#0"},
				"west": {"uv": [0, 0, 2, 4], "texture": "#0"},
				"up": {"uv": [4, 4, 2, 0], "texture": "#0"},
				"down": {"uv": [0, 0, 2, 4], "texture": "#0"}
			}
		},
		{
			"name": "body",
			"from": [4.976, 9.638, 6.488],
			"to": [11.024, 18.71, 9.512],
			"rotation": {"angle": 0, "axis": "y", "origin": [8, 0.566, 8]},
			"faces": {
				"north": {"uv": [4, 2, 6, 8], "texture": "#0"},
				"east": {"uv": [6, 2, 7, 8], "texture": "#0"},
				"south": {"uv": [4, 0, 6, 2], "texture": "#0"},
				"west": {"uv": [4, 0, 6, 2], "texture": "#0"},
				"up": {"uv": [4, 0, 6, 2], "texture": "#0"},
				"down": {"uv": [4, 0, 6, 2], "texture": "#0"}
			}
		},
		{
			"name": "body",
			"from": [4.976, 9.638, 9.512],
			"to": [11.024, 18.71, 9.512],
			"rotation": {"angle": 0, "axis": "y", "origin": [8, 0.566, 8]},
			"faces": {
				"north": {"uv": [7, 2, 9, 8], "texture": "#0"},
				"east": {"uv": [8.5, 0, 9, 2], "texture": "#0"},
				"south": {"uv": [8.5, 0, 9, 2], "texture": "#0"},
				"west": {"uv": [8.5, 0, 9, 2], "texture": "#0"},
				"up": {"uv": [8.5, 0, 9, 2], "texture": "#0"},
				"down": {"uv": [8.5, 0, 9, 2], "texture": "#0"}
			}
		},
		{
			"name": "body",
			"from": [4.976, 9.638, 6.488],
			"to": [4.976, 18.71, 9.512],
			"rotation": {"angle": 0, "axis": "y", "origin": [8, 0.566, 8]},
			"faces": {
				"north": {"uv": [6, 0, 6.5, 2], "texture": "#0"},
				"east": {"uv": [6, 2, 7, 8], "texture": "#0"},
				"south": {"uv": [6, 0, 6.5, 2], "texture": "#0"},
				"west": {"uv": [6, 0, 6.5, 2], "texture": "#0"},
				"up": {"uv": [6, 0, 6.5, 2], "texture": "#0"},
				"down": {"uv": [6, 0, 6.5, 2], "texture": "#0"}
			}
		},
		{
			"name": "body",
			"from": [4.976, 9.638, 6.488],
			"to": [11.024, 9.638, 9.512],
			"rotation": {"angle": 0, "axis": "y", "origin": [8, 0.566, 8]},
			"faces": {
				"north": {"uv": [4, 0, 6.5, 2], "texture": "#0"},
				"east": {"uv": [4, 0, 6.5, 2], "texture": "#0"},
				"south": {"uv": [4, 0, 6.5, 2], "texture": "#0"},
				"west": {"uv": [4, 0, 6.5, 2], "texture": "#0"},
				"up": {"uv": [6.5, 0, 8.5, 2], "texture": "#0"},
				"down": {"uv": [4, 0, 6.5, 2], "texture": "#0"}
			}
		},
		{
			"name": "left_arm",
			"from": [3.464, 9.638, 7.244],
			"to": [4.976, 18.71, 8.756],
			"rotation": {"angle": 0, "axis": "y", "origin": [8, 0.566, 8]},
			"faces": {
				"north": {"uv": [10, 2, 9.5, 8], "texture": "#0"},
				"east": {"uv": [9.5, 2, 9, 8], "texture": "#0"},
				"south": {"uv": [9, 1, 9.5, 2], "texture": "#0"},
				"west": {"uv": [9, 1, 9.5, 2], "texture": "#0"},
				"up": {"uv": [9.5, 2, 10, 1], "texture": "#0"},
				"down": {"uv": [9, 1, 9.5, 2], "texture": "#0"}
			}
		},
		{
			"name": "right_arm",
			"from": [11.024, 9.638, 7.244],
			"to": [12.536, 18.71, 8.756],
			"rotation": {"angle": 0, "axis": "y", "origin": [8, 0.566, 8]},
			"faces": {
				"north": {"uv": [9.5, 2, 10, 8], "texture": "#0"},
				"east": {"uv": [9, 2, 9.5, 8], "texture": "#0"},
				"south": {"uv": [9, 1, 9.5, 2], "texture": "#0"},
				"west": {"uv": [9, 1, 9.5, 2], "texture": "#0"},
				"up": {"uv": [10, 2, 9.5, 1], "texture": "#0"},
				"down": {"uv": [9, 1, 9.5, 2], "texture": "#0"}
			}
		},
		{
			"name": "left_leg",
			"from": [5.732, 0.566, 7.244],
			"to": [7.244, 9.638, 8.756],
			"rotation": {"angle": 0, "axis": "y", "origin": [8, 0.566, 8]},
			"faces": {
				"north": {"uv": [10, 2, 9.5, 8], "texture": "#0"},
				"east": {"uv": [9.5, 2, 9, 8], "texture": "#0"},
				"south": {"uv": [9, 1, 9.5, 2], "texture": "#0"},
				"west": {"uv": [9, 1, 9.5, 2], "texture": "#0"},
				"up": {"uv": [9.5, 2, 10, 1], "texture": "#0"},
				"down": {"uv": [9, 1, 9.5, 2], "texture": "#0"}
			}
		},
		{
			"name": "right_leg",
			"from": [8.756, 0.566, 7.244],
			"to": [10.268, 9.638, 8.756],
			"rotation": {"angle": 0, "axis": "y", "origin": [11.024, 0.566, 8]},
			"faces": {
				"north": {"uv": [10, 2, 9.5, 8], "texture": "#0"},
				"east": {"uv": [9.5, 2, 9, 8], "texture": "#0"},
				"south": {"uv": [9, 1, 9.5, 2], "texture": "#0"},
				"west": {"uv": [9, 1, 9.5, 2], "texture": "#0"},
				"up": {"uv": [9.5, 2, 10, 1], "texture": "#0"},
				"down": {"uv": [9, 1, 9.5, 2], "texture": "#0"}
			}
		},
		{
			"name": "bow",
			"from": [12, 5.9, -3.4],
			"to": [12, 17.9, 8.6],
			"rotation": {"angle": 45, "axis": "x", "origin": [12, 5.9, 6.6]},
			"faces": {
				"north": {"uv": [15.75, 8.5, 16, 16], "texture": "#0"},
				"east": {"uv": [12, 16, 15.75, 8.5], "texture": "#0"},
				"south": {"uv": [15.75, 8.5, 16, 16], "texture": "#0"},
				"west": {"uv": [15.75, 8.5, 16, 16], "texture": "#0"},
				"up": {"uv": [15.75, 8.5, 16, 16], "texture": "#0"},
				"down": {"uv": [15.75, 8.5, 16, 16], "texture": "#0"}
			}
		},
		{
			"name": "headwear",
			"from": [4.409, 18.143, 4.409],
			"to": [11.591, 25.325, 11.591],
			"rotation": {"angle": 0, "axis": "y", "origin": [8, 0.566, 8]},
			"faces": {
				"north": {"uv": [12, 4, 14, 8], "texture": "#0"},
				"east": {"uv": [10, 4, 12, 8], "texture": "#0"},
				"south": {"uv": [10, 0, 12, 4], "texture": "#0"},
				"west": {"uv": [10, 0, 12, 4], "texture": "#0"},
				"up": {"uv": [14, 4, 12, 0], "texture": "#0"},
				"down": {"uv": [10, 0, 12, 4], "texture": "#0"}
			}
		},
		{
			"name": "body",
			"from": [4.787, 9.449, 6.299],
			"to": [11.213, 18.899, 9.701],
			"rotation": {"angle": 0, "axis": "y", "origin": [8, 0.566, 8]},
			"faces": {
				"north": {"uv": [4, 10, 6, 16], "texture": "#0"},
				"east": {"uv": [3, 10, 4, 16], "texture": "#0"},
				"south": {"uv": [3, 8, 4, 10], "texture": "#0"},
				"west": {"uv": [3, 8, 4, 10], "texture": "#0"},
				"up": {"uv": [6, 10, 4, 8], "texture": "#0"},
				"down": {"uv": [3, 8, 4, 10], "texture": "#0"}
			}
		},
		{
			"name": "body",
			"from": [4.367, 9.449, 6.299],
			"to": [4.787, 18.899, 9.701],
			"rotation": {"angle": 0, "axis": "y", "origin": [7.58, 0.566, 8]},
			"faces": {
				"north": {"uv": [6, 8, 7, 10], "texture": "#0"},
				"east": {"uv": [6, 10, 7, 16], "texture": "#0"},
				"south": {"uv": [6, 8, 7, 10], "texture": "#0"},
				"west": {"uv": [6, 8, 7, 10], "texture": "#0"},
				"up": {"uv": [6, 8, 7, 10], "texture": "#0"},
				"down": {"uv": [6, 8, 7, 10], "texture": "#0"}
			}
		},
		{
			"name": "body",
			"from": [4.787, 9.449, 9.701],
			"to": [11.213, 18.899, 10.121],
			"rotation": {"angle": 0, "axis": "y", "origin": [8, 0.566, 8.42]},
			"faces": {
				"north": {"uv": [7, 10, 9, 16], "texture": "#0"},
				"east": {"uv": [7, 8, 9, 10], "texture": "#0"},
				"south": {"uv": [7, 8, 9, 10], "texture": "#0"},
				"west": {"uv": [7, 8, 9, 10], "texture": "#0"},
				"up": {"uv": [7, 8, 9, 10], "texture": "#0"},
				"down": {"uv": [7, 8, 9, 10], "texture": "#0"}
			}
		},
		{
			"name": "left_arm",
			"from": [1.763, 9.449, 6.299],
			"to": [5.165, 18.899, 9.701],
			"rotation": {"angle": 0, "axis": "y", "origin": [8, 0.566, 8]},
			"faces": {
				"north": {"uv": [11, 10, 10, 16], "texture": "#0"},
				"east": {"uv": [10, 8, 11, 10], "texture": "#0"},
				"south": {"uv": [10, 8, 11, 10], "texture": "#0"},
				"west": {"uv": [10, 8, 11, 10], "texture": "#0"},
				"up": {"uv": [10, 8, 11, 10], "texture": "#0"},
				"down": {"uv": [10, 8, 11, 10], "texture": "#0"}
			}
		},
		{
			"name": "left_arm",
			"from": [1.343, 9.449, 6.299],
			"to": [1.763, 18.899, 9.701],
			"rotation": {"angle": 0, "axis": "y", "origin": [7.58, 0.566, 8]},
			"faces": {
				"north": {"uv": [9, 8, 10, 10], "texture": "#0"},
				"east": {"uv": [9, 10, 10, 16], "texture": "#0"},
				"south": {"uv": [9, 8, 10, 10], "texture": "#0"},
				"west": {"uv": [9, 8, 10, 10], "texture": "#0"},
				"up": {"uv": [9, 8, 10, 10], "texture": "#0"},
				"down": {"uv": [9, 8, 10, 10], "texture": "#0"}
			}
		},
		{
			"name": "left_arm",
			"from": [1.763, 9.449, 9.701],
			"to": [5.165, 18.899, 10.121],
			"rotation": {"angle": 0, "axis": "y", "origin": [8, 0.566, 8.42]},
			"faces": {
				"north": {"uv": [11, 10, 12, 16], "texture": "#0"},
				"east": {"uv": [12, 10, 13, 16], "texture": "#0"},
				"south": {"uv": [12, 10, 13, 16], "texture": "#0"},
				"west": {"uv": [12, 10, 13, 16], "texture": "#0"},
				"up": {"uv": [12, 10, 13, 16], "texture": "#0"},
				"down": {"uv": [12, 10, 13, 16], "texture": "#0"}
			}
		},
		{
			"name": "right_arm",
			"from": [10.835, 9.449, 6.299],
			"to": [14.237, 18.899, 9.701],
			"rotation": {"angle": 0, "axis": "y", "origin": [17.072, 0.566, 8]},
			"faces": {
				"north": {"uv": [11, 10, 10, 16], "texture": "#0"},
				"east": {"uv": [10, 8, 11, 10], "texture": "#0"},
				"south": {"uv": [10, 8, 11, 10], "texture": "#0"},
				"west": {"uv": [10, 8, 11, 10], "texture": "#0"},
				"up": {"uv": [10, 8, 11, 10], "texture": "#0"},
				"down": {"uv": [10, 8, 11, 10], "texture": "#0"}
			}
		},
		{
			"name": "right_arm",
			"from": [10.415, 9.449, 6.299],
			"to": [10.835, 18.899, 9.701],
			"rotation": {"angle": 0, "axis": "y", "origin": [16.652, 0.566, 8]},
			"faces": {
				"north": {"uv": [9, 8, 10, 10], "texture": "#0"},
				"east": {"uv": [9, 10, 10, 16], "texture": "#0"},
				"south": {"uv": [9, 8, 10, 10], "texture": "#0"},
				"west": {"uv": [9, 8, 10, 10], "texture": "#0"},
				"up": {"uv": [9, 8, 10, 10], "texture": "#0"},
				"down": {"uv": [9, 8, 10, 10], "texture": "#0"}
			}
		},
		{
			"name": "right_arm",
			"from": [10.835, 9.449, 9.701],
			"to": [14.237, 18.899, 10.121],
			"rotation": {"angle": 0, "axis": "y", "origin": [17.072, 0.566, 8.42]},
			"faces": {
				"north": {"uv": [11, 10, 12, 16], "texture": "#0"},
				"east": {"uv": [12, 10, 13, 16], "texture": "#0"},
				"south": {"uv": [12, 10, 13, 16], "texture": "#0"},
				"west": {"uv": [12, 10, 13, 16], "texture": "#0"},
				"up": {"uv": [12, 10, 13, 16], "texture": "#0"},
				"down": {"uv": [12, 10, 13, 16], "texture": "#0"}
			}
		},
		{
			"name": "left_leg",
			"from": [4.8626, 0.377, 6.3746],
			"to": [8.2646, 9.827, 9.7766],
			"rotation": {"angle": 0, "axis": "y", "origin": [8, 0.566, 8]},
			"faces": {
				"north": {"uv": [2, 10, 1, 16], "texture": "#0"},
				"east": {"uv": [1, 8, 2, 10], "texture": "#0"},
				"south": {"uv": [1, 8, 2, 10], "texture": "#0"},
				"west": {"uv": [1, 8, 2, 10], "texture": "#0"},
				"up": {"uv": [1, 8, 2, 10], "texture": "#0"},
				"down": {"uv": [1, 8, 2, 10], "texture": "#0"}
			}
		},
		{
			"name": "left_leg",
			"from": [4.4426, 0.377, 6.3746],
			"to": [4.8626, 9.827, 9.7766],
			"rotation": {"angle": 0, "axis": "y", "origin": [7.58, 0.566, 8]},
			"faces": {
				"north": {"uv": [0, 8, 1, 10], "texture": "#0"},
				"east": {"uv": [0, 10, 1, 16], "texture": "#0"},
				"south": {"uv": [0, 8, 1, 10], "texture": "#0"},
				"west": {"uv": [0, 8, 1, 10], "texture": "#0"},
				"up": {"uv": [0, 8, 1, 10], "texture": "#0"},
				"down": {"uv": [0, 8, 1, 10], "texture": "#0"}
			}
		},
		{
			"name": "left_leg",
			"from": [4.8626, 0.377, 9.7766],
			"to": [8.2646, 9.827, 10.1966],
			"rotation": {"angle": 0, "axis": "y", "origin": [8, 0.566, 8.42]},
			"faces": {
				"north": {"uv": [2, 10, 3, 16], "texture": "#0"},
				"east": {"uv": [2, 8, 3, 10], "texture": "#0"},
				"south": {"uv": [2, 8, 3, 10], "texture": "#0"},
				"west": {"uv": [2, 8, 3, 10], "texture": "#0"},
				"up": {"uv": [2, 8, 3, 10], "texture": "#0"},
				"down": {"uv": [2, 8, 3, 10], "texture": "#0"}
			}
		},
		{
			"name": "right_leg",
			"from": [7.7396, 0.377, 6.3746],
			"to": [11.1416, 9.827, 9.7766],
			"rotation": {"angle": 0, "axis": "y", "origin": [10.877, 0.566, 8]},
			"faces": {
				"north": {"uv": [2, 10, 1, 16], "texture": "#0"},
				"east": {"uv": [1, 8, 2, 10], "texture": "#0"},
				"south": {"uv": [1, 8, 2, 10], "texture": "#0"},
				"west": {"uv": [1, 8, 2, 10], "texture": "#0"},
				"up": {"uv": [1, 8, 2, 10], "texture": "#0"},
				"down": {"uv": [1, 8, 2, 10], "texture": "#0"}
			}
		},
		{
			"name": "right_leg",
			"from": [7.3196, 0.377, 6.3746],
			"to": [7.7396, 9.827, 9.7766],
			"rotation": {"angle": 0, "axis": "y", "origin": [10.457, 0.566, 8]},
			"faces": {
				"north": {"uv": [0, 8, 1, 10], "texture": "#0"},
				"east": {"uv": [0, 10, 1, 16], "texture": "#0"},
				"south": {"uv": [0, 8, 1, 10], "texture": "#0"},
				"west": {"uv": [0, 8, 1, 10], "texture": "#0"},
				"up": {"uv": [0, 8, 1, 10], "texture": "#0"},
				"down": {"uv": [0, 8, 1, 10], "texture": "#0"}
			}
		},
		{
			"name": "right_leg",
			"from": [7.7396, 0.377, 9.7766],
			"to": [11.1416, 9.827, 10.1966],
			"rotation": {"angle": 0, "axis": "y", "origin": [10.877, 0.566, 8.42]},
			"faces": {
				"north": {"uv": [2, 10, 3, 16], "texture": "#0"},
				"east": {"uv": [2, 8, 3, 10], "texture": "#0"},
				"south": {"uv": [2, 8, 3, 10], "texture": "#0"},
				"west": {"uv": [2, 8, 3, 10], "texture": "#0"},
				"up": {"uv": [2, 8, 3, 10], "texture": "#0"},
				"down": {"uv": [2, 8, 3, 10], "texture": "#0"}
			}
		}
	],
	"gui_light": "front",
	"display": {
		"gui": {
			"rotation": [20, -140, 0],
			"translation": [0, -3.75, 0],
			"scale": [0.8, 0.8, 0.8]
		}
	},
	"groups": [
		{
			"name": "inner",
			"origin": [8, 8, 8],
			"color": 0,
			"children": [
				{
					"name": "head",
					"origin": [8, 22, 8],
					"color": 0,
					"children": [0]
				},
				{
					"name": "body",
					"origin": [8, 22, 8],
					"color": 0,
					"children": [1, 2, 3, 4]
				},
				{
					"name": "left_arm",
					"origin": [3.5, 20.2, 8],
					"color": 0,
					"children": [5]
				},
				{
					"name": "right_arm",
					"origin": [12.5, 20.2, 8],
					"color": 0,
					"children": [6]
				},
				{
					"name": "left_leg",
					"origin": [6.2, 11.2, 8.09],
					"color": 0,
					"children": [7]
				},
				{
					"name": "right_leg",
					"origin": [9.8, 11.2, 8.09],
					"color": 0,
					"children": [8]
				},
				{
					"name": "bow",
					"origin": [8, 8, 8],
					"color": 0,
					"children": [9]
				}
			]
		},
		{
			"name": "outer",
			"origin": [8, 8, 8],
			"color": 0,
			"children": [
				{
					"name": "headwear",
					"origin": [0, 22, 0],
					"color": 0,
					"children": [10]
				},
				{
					"name": "body",
					"origin": [0, 22, 0],
					"color": 0,
					"children": [11, 12, 13]
				},
				{
					"name": "left_arm",
					"origin": [-4.5, 20.2, 0],
					"color": 0,
					"children": [14, 15, 16]
				},
				{
					"name": "right_arm",
					"origin": [4.5, 20.2, 0],
					"color": 0,
					"children": [17, 18, 19]
				},
				{
					"name": "left_leg",
					"origin": [-1.71, 11.2, 0.09],
					"color": 0,
					"children": [20, 21, 22]
				},
				{
					"name": "right_leg",
					"origin": [1.71, 11.2, 0.09],
					"color": 0,
					"children": [23, 24, 25]
				}
			]
		}
	]
}