{
	"credit": "Made with Blockbench",
	"texture_size": [64, 32],
	"textures": {
		"0": "mc_overhaul:item/compendium_icons/bestiary/strider",
		"particle": "minecraft:item/emerald"
	},
	"elements": [
		{
			"name": "body",
			"from": [1.6, 12.6, 1.6],
			"to": [14.4, 23.8, 14.4],
			"rotation": {"angle": 0, "axis": "y", "origin": [8, 0.6, 8]},
			"faces": {
				"north": {"uv": [4, 8.5, 8, 15.5], "texture": "#0"},
				"east": {"uv": [0, 8.5, 4, 15.5], "texture": "#0"},
				"south": {"uv": [3.25, 0.5, 4, 8.5], "texture": "#0"},
				"west": {"uv": [3.25, 0.5, 4, 8.5], "texture": "#0"},
				"up": {"uv": [4, 0.5, 8, 8.5], "texture": "#0"},
				"down": {"uv": [3.25, 0.5, 4, 8.5], "texture": "#0"}
			}
		},
		{
			"name": "left_leg",
			"from": [9.6, 0.6, 6.4],
			"to": [12.8, 14.2, 9.6],
			"rotation": {"angle": 0, "axis": "y", "origin": [8, 0.6, 8]},
			"faces": {
				"north": {"uv": [1.25, 0, 2.25, 8.5], "texture": "#0"},
				"east": {"uv": [0.25, 0, 1.25, 8.5], "texture": "#0"},
				"south": {"uv": [0, 0, 0.25, 8.5], "texture": "#0"},
				"west": {"uv": [0, 0, 0.25, 8.5], "texture": "#0"},
				"up": {"uv": [0, 0, 0.25, 8.5], "texture": "#0"},
				"down": {"uv": [0, 0, 0.25, 8.5], "texture": "#0"}
			}
		},
		{
			"name": "right_leg",
			"from": [3.2, 0.6, 6.4],
			"to": [6.4, 14.2, 9.6],
			"rotation": {"angle": 0, "axis": "y", "origin": [8, 0.6, 8]},
			"faces": {
				"north": {"uv": [1.25, 0, 2.25, 8.5], "texture": "#0"},
				"east": {"uv": [3.25, 0, 2.25, 8.5], "texture": "#0"},
				"south": {"uv": [4.25, 3, 5.75, 7.5], "texture": "#0"},
				"west": {"uv": [4.25, 3, 5.75, 7.5], "texture": "#0"},
				"up": {"uv": [4.25, 3, 5.75, 7.5], "texture": "#0"},
				"down": {"uv": [4.25, 3, 5.75, 7.5], "texture": "#0"}
			}
		},
		{
			"name": "hair_left_top_rotation",
			"from": [2.2, 4.5, 1.6],
			"to": [2.2, 14.1, 14.4],
			"rotation": {"angle": -22.5, "axis": "z", "origin": [25.4, 20.5, 8]},
			"faces": {
				"north": {"uv": [11, 0, 12.25, 8], "rotation": 90, "texture": "#0"},
				"east": {"uv": [11, 0, 8, 8], "rotation": 270, "texture": "#0"},
				"south": {"uv": [11, 0, 12.25, 8], "rotation": 270, "texture": "#0"},
				"west": {"uv": [12.25, 8, 11, 0], "rotation": 270, "texture": "#0"},
				"up": {"uv": [11, 0, 12.25, 8], "rotation": 270, "texture": "#0"},
				"down": {"uv": [11, 0, 12.25, 8], "rotation": 270, "texture": "#0"}
			}
		},
		{
			"name": "hair_left_bottom_rotation",
			"from": [2.9, -2.4, 1.6],
			"to": [2.9, 7.2, 14.4],
			"rotation": {"angle": -22.5, "axis": "z", "origin": [18.9, 13.6, 8]},
			"faces": {
				"north": {"uv": [11, 0, 12.25, 8], "rotation": 90, "texture": "#0"},
				"east": {"uv": [15.25, 0, 12.25, 8], "rotation": 270, "texture": "#0"},
				"south": {"uv": [11, 0, 12.25, 8], "rotation": 270, "texture": "#0"},
				"west": {"uv": [12.25, 8, 11, 0], "rotation": 270, "texture": "#0"},
				"up": {"uv": [11, 0, 12.25, 8], "rotation": 270, "texture": "#0"},
				"down": {"uv": [11, 0, 12.25, 8], "rotation": 270, "texture": "#0"}
			}
		},
		{
			"name": "hair_left_top_rotation",
			"from": [22.2, 6, 1.6],
			"to": [22.2, 15.6, 14.4],
			"rotation": {"angle": 22.5, "axis": "z", "origin": [-1, -0.4, 8]},
			"faces": {
				"north": {"uv": [11, 0, 12.25, 8], "rotation": 270, "texture": "#0"},
				"east": {"uv": [8, 8, 11, 0], "rotation": 90, "texture": "#0"},
				"south": {"uv": [11, 0, 12.25, 8], "rotation": 90, "texture": "#0"},
				"west": {"uv": [11, 0, 12.25, 8], "rotation": 90, "texture": "#0"},
				"up": {"uv": [11, 0, 12.25, 8], "rotation": 90, "texture": "#0"},
				"down": {"uv": [11, 0, 12.25, 8], "rotation": 90, "texture": "#0"}
			}
		},
		{
			"name": "hair_left_middle_rotation",
			"from": [22, 3, 1.6],
			"to": [22, 12.6, 14.4],
			"rotation": {"angle": 22.5, "axis": "z", "origin": [2, -3.4, 8]},
			"faces": {
				"north": {"uv": [11, 8, 12.25, 16], "rotation": 270, "texture": "#0"},
				"east": {"uv": [8, 16, 11, 8], "rotation": 90, "texture": "#0"},
				"south": {"uv": [11, 8, 12.25, 16], "rotation": 90, "texture": "#0"},
				"west": {"uv": [11, 8, 12.25, 16], "rotation": 90, "texture": "#0"},
				"up": {"uv": [11, 8, 12.25, 16], "rotation": 90, "texture": "#0"},
				"down": {"uv": [11, 8, 12.25, 16], "rotation": 90, "texture": "#0"}
			}
		},
		{
			"name": "hair_left_bottom_rotation",
			"from": [21.7, -1, 1.6],
			"to": [21.7, 8.6, 14.4],
			"rotation": {"angle": 22.5, "axis": "z", "origin": [5.7, -7.4, 8]},
			"faces": {
				"north": {"uv": [11, 0, 12.25, 8], "rotation": 270, "texture": "#0"},
				"east": {"uv": [12.25, 8, 15.25, 0], "rotation": 90, "texture": "#0"},
				"south": {"uv": [11, 0, 12.25, 8], "rotation": 90, "texture": "#0"},
				"west": {"uv": [11, 0, 12.25, 8], "rotation": 90, "texture": "#0"},
				"up": {"uv": [11, 0, 12.25, 8], "rotation": 90, "texture": "#0"},
				"down": {"uv": [11, 0, 12.25, 8], "rotation": 90, "texture": "#0"}
			}
		}
	],
	"gui_light": "front",
	"display": {
		"gui": {
			"rotation": [20, -140, 0],
			"translation": [0, -3.25, 0],
			"scale": [0.75, 0.75, 0.75]
		}
	},
	"groups": [
		{
			"name": "body",
			"origin": [8, 23, 8],
			"color": 0,
			"children": [0]
		},
		{
			"name": "left_leg",
			"origin": [12, 17, 8],
			"color": 0,
			"children": [1]
		},
		{
			"name": "right_leg",
			"origin": [4, 17, 8],
			"color": 0,
			"children": [2]
		},
		{
			"name": "hair_left_top",
			"origin": [0, 29, 0],
			"color": 0,
			"children": [
				{
					"name": "hair_left_top_rotation",
					"origin": [0, 29, 8],
					"color": 0,
					"children": [3]
				}
			]
		},
		{
			"name": "hair_left_bottom",
			"origin": [0, 20, 0],
			"color": 0,
			"children": [
				{
					"name": "hair_left_bottom_rotation",
					"origin": [0, 20, 8],
					"color": 0,
					"children": [4]
				}
			]
		},
		{
			"name": "hair_right_top",
			"origin": [0, 29, 0],
			"color": 0,
			"children": [
				{
					"name": "hair_left_top_rotation",
					"origin": [0, 29, 8],
					"color": 0,
					"children": [5]
				}
			]
		},
		{
			"name": "hair_right_middle",
			"origin": [0, 25, 0],
			"color": 0,
			"children": [
				{
					"name": "hair_left_middle_rotation",
					"origin": [0, 25, 8],
					"color": 0,
					"children": [6]
				}
			]
		},
		{
			"name": "hair_right_bottom",
			"origin": [0, 20, 0],
			"color": 0,
			"children": [
				{
					"name": "hair_left_bottom_rotation",
					"origin": [0, 20, 8],
					"color": 0,
					"children": [7]
				}
			]
		}
	]
}