{
	"credit": "Made with Blockbench",
	"textures": {
		"0": "mc_overhaul:item/compendium_icons/bestiary/tadpole",
		"particle": "minecraft:item/emerald"
	},
	"elements": [
		{
			"name": "body",
			"from": [5.465, -0.69, 0.5],
			"to": [10.535, 2.69, 5.57],
			"rotation": {"angle": 0, "axis": "y", "origin": [8, -0.69, 3.035]},
			"faces": {
				"north": {"uv": [6, 6, 12, 10], "texture": "#0"},
				"east": {"uv": [0, 6, 6, 10], "texture": "#0"},
				"south": {"uv": [0, 0, 6, 6], "texture": "#0"},
				"west": {"uv": [0, 0, 6, 6], "texture": "#0"},
				"up": {"uv": [6, 6, 12, 0], "texture": "#0"},
				"down": {"uv": [0, 0, 6, 6], "texture": "#0"}
			}
		},
		{
			"name": "tail",
			"from": [8, -0.69, 5.57],
			"to": [8, 2.69, 17.4],
			"rotation": {"angle": 0, "axis": "y", "origin": [8, -0.69, 3.035]},
			"faces": {
				"north": {"uv": [0, 14, 14, 16], "texture": "#0"},
				"east": {"uv": [0, 10, 14, 14], "texture": "#0"},
				"south": {"uv": [0, 14, 14, 16], "texture": "#0"},
				"west": {"uv": [0, 14, 14, 16], "texture": "#0"},
				"up": {"uv": [0, 14, 14, 16], "texture": "#0"},
				"down": {"uv": [0, 14, 14, 16], "texture": "#0"}
			}
		}
	],
	"gui_light": "front",
	"display": {
		"gui": {
			"rotation": [20, -140, 0],
			"translation": [-0.25, 6.25, 0]
		}
	},
	"groups": [
		{
			"name": "body",
			"origin": [8, 1, 3.5],
			"color": 0,
			"children": [0]
		},
		{
			"name": "tail",
			"origin": [8, 1, 6.5],
			"color": 0,
			"children": [1]
		}
	]
}