{
	"credit": "Made with Blockbench",
	"texture_size": [16, 8],
	"textures": {
		"0": "mc_overhaul:item/compendium_icons/bestiary/tropical_fish",
		"particle": "minecraft:item/emerald"
	},
	"elements": [
		{
			"name": "body",
			"from": [5.6, 0.9, 0.8],
			"to": [10.4, 8.1, 15.2],
			"rotation": {"angle": 0, "axis": "y", "origin": [8, 0.9, 8]},
			"faces": {
				"north": {"uv": [6, 4, 8, 10], "texture": "#0"},
				"east": {"uv": [0, 4, 6, 10], "texture": "#0"},
				"south": {"uv": [0, 10, 8, 12], "texture": "#0"},
				"west": {"uv": [0, 10, 8, 12], "texture": "#0"},
				"up": {"uv": [8, 0, 10, 12], "texture": "#0"},
				"down": {"uv": [0, 10, 8, 12], "texture": "#0"}
			}
		},
		{
			"name": "right_fin",
			"from": [11, 0.9, 6.2],
			"to": [15.8, 5.7, 6.2],
			"rotation": {"angle": -45, "axis": "y", "origin": [8.6, 0.9, 6.2]},
			"faces": {
				"north": {"uv": [0, 0, 2, 4], "texture": "#0"},
				"east": {"uv": [0, 2, 1, 4], "texture": "#0"},
				"south": {"uv": [0, 2, 1, 4], "texture": "#0"},
				"west": {"uv": [0, 2, 1, 4], "texture": "#0"},
				"up": {"uv": [0, 2, 1, 4], "texture": "#0"},
				"down": {"uv": [0, 2, 1, 4], "texture": "#0"}
			}
		},
		{
			"name": "fin_top",
			"from": [8, 8.1, 3.2],
			"to": [8, 10.5, 12.8],
			"rotation": {"angle": 0, "axis": "y", "origin": [8, 0.9, 10.4]},
			"faces": {
				"north": {"uv": [2, 2, 6, 4], "texture": "#0"},
				"east": {"uv": [2, 0, 6, 2], "texture": "#0"},
				"south": {"uv": [2, 2, 6, 4], "texture": "#0"},
				"west": {"uv": [2, 2, 6, 4], "texture": "#0"},
				"up": {"uv": [2, 2, 6, 4], "texture": "#0"},
				"down": {"uv": [2, 2, 6, 4], "texture": "#0"}
			}
		},
		{
			"name": "tail",
			"from": [8, 0.9, 15.2],
			"to": [8, 8.1, 20],
			"rotation": {"angle": 0, "axis": "y", "origin": [8, 0.9, 8]},
			"faces": {
				"north": {"uv": [10, 6, 12, 8], "texture": "#0"},
				"east": {"uv": [12, 0, 10, 6], "texture": "#0"},
				"south": {"uv": [10, 6, 12, 8], "texture": "#0"},
				"west": {"uv": [10, 6, 12, 8], "texture": "#0"},
				"up": {"uv": [10, 6, 12, 8], "texture": "#0"},
				"down": {"uv": [10, 6, 12, 8], "texture": "#0"}
			}
		}
	],
	"gui_light": "front",
	"display": {
		"gui": {
			"rotation": [20, -140, 0],
			"translation": [0.5, 2.75, 0]
		}
	},
	"groups": [
		{
			"name": "body",
			"origin": [8, 1.5, 8],
			"color": 0,
			"children": [
				0,
				{
					"name": "right_fin",
					"origin": [9, 0, 8],
					"color": 0,
					"children": [1]
				}
			]
		},
		{
			"name": "fin_top",
			"origin": [8, 3, 5],
			"color": 0,
			"children": [2]
		},
		{
			"name": "tail",
			"origin": [8, 1.5, 11],
			"color": 0,
			"children": [3]
		}
	]
}