{
	"credit": "Made with Blockbench",
	"texture_size": [32, 64],
	"textures": {
		"0": "mc_overhaul:item/compendium_icons/bestiary/turtle",
		"particle": "minecraft:item/emerald"
	},
	"elements": [
		{
			"name": "head",
			"from": [5, 3, -5],
			"to": [11, 8, 1],
			"rotation": {"angle": 0, "axis": "y", "origin": [8, 2, 8]},
			"faces": {
				"north": {"uv": [3, 1.5, 6, 2.75], "texture": "#0"},
				"east": {"uv": [0, 1.5, 3, 2.75], "texture": "#0"},
				"south": {"uv": [0, 0, 3, 1.5], "texture": "#0"},
				"west": {"uv": [0, 0, 3, 1.5], "texture": "#0"},
				"up": {"uv": [3, 1.5, 6, 0], "texture": "#0"},
				"down": {"uv": [0, 0, 3, 1.5], "texture": "#0"}
			}
		},
		{
			"name": "body_rotation",
			"from": [-1.5, 5, 1.3],
			"to": [17.5, 11, 21.3],
			"rotation": {"angle": 0, "axis": "x", "origin": [8, 25, 11.3]},
			"faces": {
				"north": {"uv": [0, 4.25, 9.5, 2.75], "rotation": 180, "texture": "#0"},
				"east": {"uv": [0, 4.25, 3, 9.25], "rotation": 90, "texture": "#0"},
				"south": {"uv": [0, 9.25, 12.5, 10.75], "texture": "#0"},
				"west": {"uv": [0, 9.25, 12.5, 10.75], "rotation": 270, "texture": "#0"},
				"up": {"uv": [3, 4.25, 12.5, 9.25], "texture": "#0"},
				"down": {"uv": [0, 9.25, 12.5, 10.75], "rotation": 180, "texture": "#0"}
			}
		},
		{
			"name": "body_rotation",
			"from": [2.5, 2, 1.3],
			"to": [13.5, 5, 19.3],
			"rotation": {"angle": 0, "axis": "x", "origin": [8, 25, 11.3]},
			"faces": {
				"north": {"uv": [9.5, 4.25, 15, 3.5], "rotation": 180, "texture": "#0"},
				"east": {"uv": [13.5, 4.25, 15, 8.75], "rotation": 90, "texture": "#0"},
				"south": {"uv": [12.5, 4.25, 13.5, 8.75], "texture": "#0"},
				"west": {"uv": [12.5, 4.25, 13.5, 8.75], "rotation": 270, "texture": "#0"},
				"up": {"uv": [12.5, 4.25, 13.5, 8.75], "texture": "#0"},
				"down": {"uv": [12.5, 4.25, 13.5, 8.75], "rotation": 180, "texture": "#0"}
			}
		},
		{
			"name": "body2_rotation",
			"from": [3.5, 1, 1.3],
			"to": [12.5, 2, 19.3],
			"rotation": {"angle": 0, "axis": "x", "origin": [8, 25, 11.3]},
			"faces": {
				"north": {"uv": [11, 3.25, 15.5, 3.5], "rotation": 180, "texture": "#0"},
				"east": {"uv": [15, 3.5, 15.5, 8], "rotation": 90, "texture": "#0"},
				"south": {"uv": [15.5, 3.25, 16, 8], "texture": "#0"},
				"west": {"uv": [15.5, 3.25, 16, 8], "rotation": 270, "texture": "#0"},
				"up": {"uv": [15.5, 3.25, 16, 8], "texture": "#0"},
				"down": {"uv": [15.5, 3.25, 16, 8], "rotation": 180, "texture": "#0"}
			}
		},
		{
			"name": "leg1",
			"from": [9.5, 3, 19],
			"to": [13.5, 4, 29],
			"rotation": {"angle": 0, "axis": "y", "origin": [8, 2, 8]},
			"faces": {
				"north": {"uv": [9.5, 1.5, 12.5, 2.5], "texture": "#0"},
				"east": {"uv": [9.5, 2.5, 14.5, 2.75], "texture": "#0"},
				"south": {"uv": [9.5, 1.5, 12.5, 2.5], "texture": "#0"},
				"west": {"uv": [9.5, 1.5, 12.5, 2.5], "texture": "#0"},
				"up": {"uv": [12.5, 0, 14.5, 2.5], "texture": "#0"},
				"down": {"uv": [9.5, 1.5, 12.5, 2.5], "texture": "#0"}
			}
		},
		{
			"name": "leg3",
			"from": [13, 4, 2],
			"to": [26, 5, 7],
			"rotation": {"angle": 0, "axis": "y", "origin": [8, 2, 8]},
			"faces": {
				"north": {"uv": [6, 1.25, 12.5, 1.5], "texture": "#0"},
				"east": {"uv": [6, 1.5, 8.5, 1.75], "texture": "#0"},
				"south": {"uv": [8.5, 1.5, 12.5, 1.75], "texture": "#0"},
				"west": {"uv": [8.5, 1.5, 12.5, 1.75], "texture": "#0"},
				"up": {"uv": [12.5, 1.25, 6, 0], "texture": "#0"},
				"down": {"uv": [8.5, 1.5, 12.5, 1.75], "texture": "#0"}
			}
		},
		{
			"name": "leg4",
			"from": [-10, 4, 2],
			"to": [3, 5, 7],
			"rotation": {"angle": 0, "axis": "y", "origin": [8, 2, 8]},
			"faces": {
				"north": {"uv": [6, 1.25, 12.5, 1.5], "texture": "#0"},
				"east": {"uv": [8.5, 1.5, 12.5, 1.75], "texture": "#0"},
				"south": {"uv": [8.5, 1.5, 12.5, 1.75], "texture": "#0"},
				"west": {"uv": [8.5, 1.5, 12.5, 1.75], "texture": "#0"},
				"up": {"uv": [6, 1.25, 12.5, 0], "texture": "#0"},
				"down": {"uv": [8.5, 1.5, 12.5, 1.75], "texture": "#0"}
			}
		}
	],
	"gui_light": "front",
	"display": {
		"gui": {
			"rotation": [20, -140, 0],
			"translation": [0, 0.25, 0],
			"scale": [0.55, 0.55, 0.55]
		}
	},
	"groups": [
		{
			"name": "head",
			"origin": [8, 5, -2],
			"color": 0,
			"children": [0]
		},
		{
			"name": "body",
			"origin": [8, 13, -2],
			"color": 0,
			"children": [
				{
					"name": "body_rotation",
					"origin": [8, 13, -2],
					"color": 0,
					"children": [1, 2]
				}
			]
		},
		{
			"name": "body2",
			"origin": [8, 13, -2],
			"color": 0,
			"children": [
				{
					"name": "body2_rotation",
					"origin": [8, 13, -2],
					"color": 0,
					"children": [3]
				}
			]
		},
		{
			"name": "leg1",
			"origin": [11.5, 2, 19],
			"color": 0,
			"children": [4]
		},
		{
			"name": "leg3",
			"origin": [13, 3, 4],
			"color": 0,
			"children": [5]
		},
		{
			"name": "leg4",
			"origin": [3, 3, 4],
			"color": 0,
			"children": [6]
		}
	]
}