{
	"credit": "Made with Blockbench",
	"texture_size": [32, 16],
	"textures": {
		"0": "mc_overhaul:item/compendium_icons/bestiary/vex",
		"particle": "minecraft:item/emerald"
	},
	"elements": [
		{
			"name": "head",
			"from": [5.5, 6, 5.5],
			"to": [10.5, 11, 10.5],
			"rotation": {"angle": 0, "axis": "y", "origin": [8, 0, 8]},
			"faces": {
				"north": {"uv": [2.5, 5, 5, 10], "texture": "#0"},
				"east": {"uv": [0, 5, 2.5, 10], "texture": "#0"},
				"south": {"uv": [2, 0, 2.5, 5], "texture": "#0"},
				"west": {"uv": [2, 0, 2.5, 5], "texture": "#0"},
				"up": {"uv": [2.5, 0, 5, 5], "texture": "#0"},
				"down": {"uv": [2, 0, 2.5, 5], "texture": "#0"}
			}
		},
		{
			"name": "body",
			"from": [6.5, 2, 7],
			"to": [9.5, 6, 9],
			"rotation": {"angle": 0, "axis": "y", "origin": [8, 0, 8]},
			"faces": {
				"north": {"uv": [0.5, 0, 2, 4], "texture": "#0"},
				"east": {"uv": [2, 0, 2.5, 4], "texture": "#0"},
				"south": {"uv": [2, 0, 2.5, 4], "texture": "#0"},
				"west": {"uv": [2, 0, 2.5, 4], "texture": "#0"},
				"up": {"uv": [2, 0, 2.5, 4], "texture": "#0"},
				"down": {"uv": [2, 0, 2.5, 4], "texture": "#0"}
			}
		},
		{
			"name": "body",
			"from": [6.7, 0.2, 7.2],
			"to": [9.3, 4.8, 8.8],
			"rotation": {"angle": 0, "axis": "y", "origin": [8, 0, 8]},
			"faces": {
				"north": {"uv": [1, 10, 2.5, 15], "texture": "#0"},
				"east": {"uv": [0, 10, 1, 15], "texture": "#0"},
				"south": {"uv": [0, 15, 2.5, 16], "texture": "#0"},
				"west": {"uv": [0, 15, 2.5, 16], "texture": "#0"},
				"up": {"uv": [0, 15, 2.5, 16], "texture": "#0"},
				"down": {"uv": [0, 15, 2.5, 16], "texture": "#0"}
			}
		},
		{
			"name": "right_arm",
			"from": [11.2, 1.7, 7],
			"to": [13.2, 5.7, 9],
			"rotation": {"angle": 22.5, "axis": "z", "origin": [9.7, -0.3, 8]},
			"faces": {
				"north": {"uv": [6, 2, 7, 6], "texture": "#0"},
				"east": {"uv": [5, 2, 6, 6], "texture": "#0"},
				"south": {"uv": [5, 0, 6, 2], "texture": "#0"},
				"west": {"uv": [5, 0, 6, 2], "texture": "#0"},
				"up": {"uv": [6, 0, 7, 2], "texture": "#0"},
				"down": {"uv": [5, 0, 6, 2], "texture": "#0"}
			}
		},
		{
			"name": "left_arm",
			"from": [2.6, 1.7, 7],
			"to": [4.6, 5.7, 9],
			"rotation": {"angle": -22.5, "axis": "z", "origin": [6.1, -0.3, 8]},
			"faces": {
				"north": {"uv": [6, 2, 7, 6], "texture": "#0"},
				"east": {"uv": [5, 2, 6, 6], "texture": "#0"},
				"south": {"uv": [5, 0, 6, 2], "texture": "#0"},
				"west": {"uv": [5, 0, 6, 2], "texture": "#0"},
				"up": {"uv": [6, 0, 7, 2], "texture": "#0"},
				"down": {"uv": [5, 0, 6, 2], "texture": "#0"}
			}
		},
		{
			"name": "left_wing",
			"from": [7.5, 0, 9],
			"to": [7.5, 5, 17],
			"rotation": {"angle": 0, "axis": "y", "origin": [8, 0, 8]},
			"faces": {
				"north": {"uv": [2.5, 15, 6.5, 16], "texture": "#0"},
				"east": {"uv": [2.5, 10, 6.5, 15], "texture": "#0"},
				"south": {"uv": [2.5, 15, 6.5, 16], "texture": "#0"},
				"west": {"uv": [2.5, 15, 6.5, 16], "texture": "#0"},
				"up": {"uv": [2.5, 15, 6.5, 16], "texture": "#0"},
				"down": {"uv": [2.5, 15, 6.5, 16], "texture": "#0"}
			}
		},
		{
			"name": "right_wing",
			"from": [8.5, 0, 9],
			"to": [8.5, 5, 17],
			"rotation": {"angle": 0, "axis": "y", "origin": [8, 0, 8]},
			"faces": {
				"north": {"uv": [2.5, 15, 6.5, 16], "texture": "#0"},
				"east": {"uv": [2.5, 10, 6.5, 15], "texture": "#0"},
				"south": {"uv": [2.5, 15, 6.5, 16], "texture": "#0"},
				"west": {"uv": [2.5, 15, 6.5, 16], "texture": "#0"},
				"up": {"uv": [2.5, 15, 6.5, 16], "texture": "#0"},
				"down": {"uv": [2.5, 15, 6.5, 16], "texture": "#0"}
			}
		},
		{
			"name": "sword",
			"from": [11.6, -0.2, 4],
			"to": [11.6, 6.8, 11],
			"rotation": {"angle": -45, "axis": "x", "origin": [11.6, -0.2, 6]},
			"faces": {
				"north": {"uv": [15, 0, 16, 16], "texture": "#0"},
				"east": {"uv": [7, 0, 15, 16], "texture": "#0"},
				"south": {"uv": [15, 0, 16, 16], "texture": "#0"},
				"west": {"uv": [15, 0, 16, 16], "texture": "#0"},
				"up": {"uv": [15, 0, 16, 16], "texture": "#0"},
				"down": {"uv": [15, 0, 16, 16], "texture": "#0"}
			}
		}
	],
	"gui_light": "front",
	"display": {
		"gui": {
			"rotation": [20, -140, 0],
			"translation": [1, 1.5, 0],
			"scale": [1.3, 1.3, 1.3]
		}
	},
	"groups": [
		{
			"name": "head",
			"origin": [8, 6, 8],
			"color": 0,
			"children": [0]
		},
		{
			"name": "body",
			"origin": [8, 6, 8],
			"color": 0,
			"children": [1, 2]
		},
		{
			"name": "right_arm",
			"origin": [10, 5.5, 8],
			"color": 0,
			"children": [3]
		},
		{
			"name": "left_arm",
			"origin": [6, 5.5, 8],
			"color": 0,
			"children": [4]
		},
		{
			"name": "left_wing",
			"origin": [7.5, 5, 9],
			"color": 0,
			"children": [5]
		},
		{
			"name": "right_wing",
			"origin": [8.5, 5, 9],
			"color": 0,
			"children": [6]
		},
		{
			"name": "sword",
			"origin": [8, 8, 8],
			"color": 0,
			"children": [7]
		}
	]
}