{
	"credit": "Made with Blockbench",
	"texture_size": [64, 32],
	"textures": {
		"1": "mc_overhaul:item/compendium_icons/bestiary/villager",
		"particle": "minecraft:item/emerald"
	},
	"elements": [
		{
			"name": "head",
			"from": [4.8, 20, 4.8],
			"to": [11.2, 28, 11.2],
			"rotation": {"angle": 0, "axis": "y", "origin": [8, 0.8, 8]},
			"faces": {
				"north": {"uv": [2, 4, 4, 9], "texture": "#1"},
				"east": {"uv": [0, 4, 2, 9], "texture": "#1"},
				"south": {"uv": [0.75, 1.5, 2, 4], "texture": "#1"},
				"west": {"uv": [0.75, 1.5, 2, 4], "texture": "#1"},
				"up": {"uv": [2, 0, 4, 4], "texture": "#1"},
				"down": {"uv": [0.75, 1.5, 2, 4], "texture": "#1"}
			}
		},
		{
			"name": "nose",
			"from": [7.2, 19.2, 3.2],
			"to": [8.8, 22.4, 4.8],
			"rotation": {"angle": 0, "axis": "y", "origin": [8, 0.8, 8]},
			"faces": {
				"north": {"uv": [0.5, 0.5, 0.75, 1], "texture": "#1"},
				"east": {"uv": [0.25, 0.5, 0.5, 1], "texture": "#1"},
				"south": {"uv": [0, 0.5, 0.25, 1], "texture": "#1"},
				"west": {"uv": [0, 0.5, 0.25, 1], "texture": "#1"},
				"up": {"uv": [0.25, 0.5, 0.5, 1], "texture": "#1"},
				"down": {"uv": [0, 0.5, 0.25, 1], "texture": "#1"}
			}
		},
		{
			"name": "body",
			"from": [4.8, 10.4, 5.6],
			"to": [11.2, 20, 10.4],
			"rotation": {"angle": 0, "axis": "y", "origin": [8, 0.8, 8]},
			"faces": {
				"north": {"uv": [4, 0, 6, 6], "texture": "#1"},
				"east": {"uv": [4, 6, 5, 8], "texture": "#1"},
				"south": {"uv": [4, 6, 5, 8], "texture": "#1"},
				"west": {"uv": [4, 6, 5, 8], "texture": "#1"},
				"up": {"uv": [4, 6, 5, 8], "texture": "#1"},
				"down": {"uv": [4, 6, 5, 8], "texture": "#1"}
			}
		},
		{
			"name": "bodywear",
			"from": [4.4, 3.6, 5.2],
			"to": [11.6, 20.4, 10.8],
			"rotation": {"angle": 0, "axis": "y", "origin": [8, 0.8, 8]},
			"faces": {
				"north": {"uv": [9.5, 3, 11.5, 13], "texture": "#1"},
				"east": {"uv": [8, 3, 9.5, 13], "texture": "#1"},
				"south": {"uv": [8, 0, 9.5, 3], "texture": "#1"},
				"west": {"uv": [8, 0, 9.5, 3], "texture": "#1"},
				"up": {"uv": [9.5, 0, 11.5, 3], "texture": "#1"},
				"down": {"uv": [8, 0, 9.5, 3], "texture": "#1"}
			}
		},
		{
			"name": "arms",
			"from": [4.8, 18.04, 12.86],
			"to": [11.2, 21.24, 16.06],
			"rotation": {"angle": -45, "axis": "x", "origin": [8, 6, 15.3]},
			"faces": {
				"north": {"uv": [8, 6, 6, 8], "texture": "#1"},
				"east": {"uv": [6, 10, 8, 12], "texture": "#1"},
				"south": {"uv": [6, 10, 8, 12], "texture": "#1"},
				"west": {"uv": [6, 10, 8, 12], "texture": "#1"},
				"up": {"uv": [6, 8, 8, 10], "texture": "#1"},
				"down": {"uv": [6, 10, 8, 12], "texture": "#1"}
			}
		},
		{
			"name": "arms",
			"from": [11.2, 16.84, -6.44],
			"to": [14.4, 23.24, -3.24],
			"rotation": {"angle": 45, "axis": "x", "origin": [8, 4.8, -4]},
			"faces": {
				"north": {"uv": [5, 8, 6, 12], "texture": "#1"},
				"east": {"uv": [4, 8, 5, 12], "texture": "#1"},
				"south": {"uv": [4, 6, 5, 8], "texture": "#1"},
				"west": {"uv": [4, 6, 5, 8], "texture": "#1"},
				"up": {"uv": [4, 6, 5, 8], "texture": "#1"},
				"down": {"uv": [5, 6, 6, 8], "texture": "#1"}
			}
		},
		{
			"name": "mirrored",
			"from": [1.6, 16.84, -6.44],
			"to": [4.8, 23.24, -3.24],
			"rotation": {"angle": 45, "axis": "x", "origin": [8, 4.8, -4]},
			"faces": {
				"north": {"uv": [5, 8, 6, 12], "texture": "#1"},
				"east": {"uv": [4, 8, 5, 12], "texture": "#1"},
				"south": {"uv": [4, 6, 5, 8], "texture": "#1"},
				"west": {"uv": [4, 6, 5, 8], "texture": "#1"},
				"up": {"uv": [4, 6, 5, 8], "texture": "#1"},
				"down": {"uv": [5, 6, 6, 8], "texture": "#1"}
			}
		},
		{
			"name": "right_leg",
			"from": [8, 0.8, 6.4],
			"to": [11.2, 10.4, 9.6],
			"rotation": {"angle": 0, "axis": "y", "origin": [8, 0.8, 8]},
			"faces": {
				"north": {"uv": [7, 0, 8, 6], "texture": "#1"},
				"east": {"uv": [6, 0, 7, 6], "texture": "#1"},
				"south": {"uv": [8, 0, 9.5, 3], "texture": "#1"},
				"west": {"uv": [8, 0, 9.5, 3], "texture": "#1"},
				"up": {"uv": [8, 0, 9.5, 3], "texture": "#1"},
				"down": {"uv": [8, 0, 9.5, 3], "texture": "#1"}
			}
		},
		{
			"name": "left_leg",
			"from": [4.8, 0.8, 6.4],
			"to": [8, 10.4, 9.6],
			"rotation": {"angle": 0, "axis": "y", "origin": [4.8, 0.8, 8]},
			"faces": {
				"north": {"uv": [7, 0, 8, 6], "texture": "#1"},
				"east": {"uv": [8, 0, 9.5, 3], "texture": "#1"},
				"south": {"uv": [8, 0, 9.5, 3], "texture": "#1"},
				"west": {"uv": [8, 0, 9.5, 3], "texture": "#1"},
				"up": {"uv": [8, 0, 9.5, 3], "texture": "#1"},
				"down": {"uv": [8, 0, 9.5, 3], "texture": "#1"}
			}
		}
	],
	"gui_light": "front",
	"display": {
		"gui": {
			"rotation": [20, -140, 0],
			"translation": [0, -4.25, 0],
			"scale": [0.75, 0.75, 0.75]
		}
	},
	"groups": [
		{
			"name": "head",
			"origin": [8, 20, 8],
			"color": 0,
			"children": [0]
		},
		{
			"name": "nose",
			"origin": [8, 21.6, 8],
			"color": 0,
			"children": [1]
		},
		{
			"name": "body",
			"origin": [8, 20, 8],
			"color": 0,
			"children": [2]
		},
		{
			"name": "bodywear",
			"origin": [8, 20, 8],
			"color": 0,
			"children": [3]
		},
		{
			"name": "arms",
			"origin": [8, 17.64, 7.16],
			"color": 0,
			"children": [
				4,
				5,
				{
					"name": "mirrored",
					"origin": [8, 0.8, 8],
					"color": 0,
					"children": [6]
				}
			]
		},
		{
			"name": "right_leg",
			"origin": [9.6, 10.4, 8],
			"color": 0,
			"children": [7]
		},
		{
			"name": "left_leg",
			"origin": [6.4, 10.4, 8],
			"color": 0,
			"children": [8]
		}
	]
}