{
	"credit": "Made with Blockbench",
	"texture_size": [64, 32],
	"textures": {
		"0": "mc_overhaul:item/compendium_icons/bestiary/vindicator",
		"particle": "minecraft:item/emerald"
	},
	"elements": [
		{
			"name": "head",
			"from": [5.2, 18, 5.2],
			"to": [10.8, 25, 10.8],
			"rotation": {"angle": 0, "axis": "y", "origin": [8, 1.2, 8]},
			"faces": {
				"north": {"uv": [2, 4, 4, 9], "texture": "#0"},
				"east": {"uv": [0, 4, 2, 9], "texture": "#0"},
				"south": {"uv": [0, 0, 2, 4], "texture": "#0"},
				"west": {"uv": [0, 0, 2, 4], "texture": "#0"},
				"up": {"uv": [4, 4, 2, 0], "texture": "#0"},
				"down": {"uv": [0, 0, 2, 4], "texture": "#0"}
			}
		},
		{
			"name": "nose",
			"from": [7.3, 17.3, 3.8],
			"to": [8.7, 20.1, 5.2],
			"rotation": {"angle": 0, "axis": "y", "origin": [8, 1.2, 8]},
			"faces": {
				"north": {"uv": [0.25, 0, 0.5, 0.5], "texture": "#0"},
				"east": {"uv": [0, 0, 0.25, 0.5], "texture": "#0"},
				"south": {"uv": [0.5, 0, 0.75, 0.5], "texture": "#0"},
				"west": {"uv": [0.5, 0, 0.75, 0.5], "texture": "#0"},
				"up": {"uv": [0.5, 0, 0.75, 0.5], "texture": "#0"},
				"down": {"uv": [0.5, 0, 0.75, 0.5], "texture": "#0"}
			}
		},
		{
			"name": "body",
			"from": [5.2, 9.6, 5.9],
			"to": [10.8, 18, 10.1],
			"rotation": {"angle": 0, "axis": "y", "origin": [8, 1.2, 8]},
			"faces": {
				"north": {"uv": [4, 0, 6, 6], "texture": "#0"},
				"east": {"uv": [5.75, 6, 6, 6.5], "texture": "#0"},
				"south": {"uv": [5.75, 6, 6, 6.5], "texture": "#0"},
				"west": {"uv": [5.75, 6, 6, 6.5], "texture": "#0"},
				"up": {"uv": [5.75, 6, 6, 6.5], "texture": "#0"},
				"down": {"uv": [5.75, 6, 6, 6.5], "texture": "#0"}
			}
		},
		{
			"name": "body",
			"from": [5.025, 5.225, 5.725],
			"to": [10.975, 18.175, 10.275],
			"rotation": {"angle": 0, "axis": "y", "origin": [8, 1.2, 8]},
			"faces": {
				"north": {"uv": [5.5, 6, 7.5, 12.5], "texture": "#0"},
				"east": {"uv": [4, 6, 5.5, 12.5], "texture": "#0"},
				"south": {"uv": [7.5, 6, 8, 12.5], "texture": "#0"},
				"west": {"uv": [7.5, 6, 8, 12.5], "texture": "#0"},
				"up": {"uv": [2, 9.5, 4, 12.5], "texture": "#0"},
				"down": {"uv": [7.5, 6, 8, 12.5], "texture": "#0"}
			}
		},
		{
			"name": "left_arm",
			"from": [2.4, 9.6, 6.6],
			"to": [5.2, 18, 9.4],
			"rotation": {"angle": 0, "axis": "y", "origin": [8, 1.2, 8]},
			"faces": {
				"north": {"uv": [10, 2, 9, 8], "texture": "#0"},
				"east": {"uv": [10, 0, 10.75, 8], "texture": "#0"},
				"south": {"uv": [10, 0, 10.75, 8], "texture": "#0"},
				"west": {"uv": [10, 0, 10.75, 8], "texture": "#0"},
				"up": {"uv": [9, 2, 10, 0], "texture": "#0"},
				"down": {"uv": [10, 0, 10.75, 8], "texture": "#0"}
			}
		},
		{
			"name": "right_arm",
			"from": [10.8, 19.8, 1.4],
			"to": [13.6, 22.6, 9.8],
			"rotation": {"angle": 22.5, "axis": "x", "origin": [8, 21.2, -7]},
			"faces": {
				"north": {"uv": [9, 0, 8, 2], "rotation": 180, "texture": "#0"},
				"east": {"uv": [8, 2, 9, 8], "rotation": 270, "texture": "#0"},
				"south": {"uv": [10, 2, 10.75, 8], "texture": "#0"},
				"west": {"uv": [10, 2, 10.75, 8], "rotation": 90, "texture": "#0"},
				"up": {"uv": [9, 2, 10, 8], "rotation": 180, "texture": "#0"},
				"down": {"uv": [10, 2, 10.75, 8], "texture": "#0"}
			}
		},
		{
			"name": "left_leg",
			"from": [5.2, 1.2, 6.6],
			"to": [8, 9.6, 9.4],
			"rotation": {"angle": 0, "axis": "y", "origin": [8, 1.2, 8]},
			"faces": {
				"north": {"uv": [8, 0, 7, 6], "texture": "#0"},
				"east": {"uv": [13.65, 11.2, 14.35, 15.4], "texture": "#0"},
				"south": {"uv": [1.3, 11.2, 2, 15.4], "texture": "#0"},
				"west": {"uv": [1.65, 11.2, 2.35, 15.4], "texture": "#0"},
				"up": {"uv": [1.3, 3.3, 2, 4.7], "texture": "#0"},
				"down": {"uv": [1.3, 11.3, 2, 12.7], "texture": "#0"}
			}
		},
		{
			"name": "right_leg",
			"from": [8, 1.2, 6.6],
			"to": [10.8, 9.6, 9.4],
			"rotation": {"angle": 0, "axis": "y", "origin": [10.8, 1.2, 8]},
			"faces": {
				"north": {"uv": [8, 0, 7, 6], "texture": "#0"},
				"east": {"uv": [6, 0, 7, 6], "texture": "#0"},
				"south": {"uv": [7.5, 6, 8, 8], "texture": "#0"},
				"west": {"uv": [7.5, 6, 8, 8], "texture": "#0"},
				"up": {"uv": [7.5, 6, 8, 8], "texture": "#0"},
				"down": {"uv": [7.5, 6, 8, 8], "texture": "#0"}
			}
		},
		{
			"name": "axe",
			"from": [12, 15.6, 1.2],
			"to": [12, 24.6, 10.2],
			"rotation": {"angle": -22.5, "axis": "x", "origin": [12, 15.6, 1.2]},
			"faces": {
				"north": {"uv": [13, 0, 10, 7], "texture": "#0"},
				"east": {"uv": [13, 0, 10, 7], "texture": "#0"},
				"south": {"uv": [13, 0, 10, 7], "texture": "#0"},
				"west": {"uv": [13, 0, 10, 7], "texture": "#0"},
				"up": {"uv": [13, 0, 10, 7], "texture": "#0"},
				"down": {"uv": [13, 0, 10, 7], "texture": "#0"}
			}
		}
	],
	"gui_light": "front",
	"display": {
		"gui": {
			"rotation": [20, -140, 0],
			"translation": [0, -3.75, 0],
			"scale": [0.85, 0.85, 0.85]
		}
	},
	"groups": [
		{
			"name": "head",
			"origin": [8, 18, 8],
			"color": 0,
			"children": [0]
		},
		{
			"name": "nose",
			"origin": [8, 19.4, 8],
			"color": 0,
			"children": [1]
		},
		{
			"name": "body",
			"origin": [8, 18, 8],
			"color": 0,
			"children": [2, 3]
		},
		{
			"name": "left_arm",
			"origin": [4.5, 16.6, 8],
			"color": 0,
			"children": [4]
		},
		{
			"name": "right_arm",
			"origin": [11.5, 16.6, 8],
			"color": 0,
			"children": [5]
		},
		{
			"name": "left_leg",
			"origin": [6.6, 9.6, 8],
			"color": 0,
			"children": [6]
		},
		{
			"name": "right_leg",
			"origin": [9.4, 9.6, 8],
			"color": 0,
			"children": [7]
		},
		{
			"name": "axe",
			"origin": [8, 8, 8],
			"color": 0,
			"children": [8]
		}
	]
}