{
	"credit": "Made with Blockbench",
	"texture_size": [64, 32],
	"textures": {
		"0": "mc_overhaul:item/compendium_icons/bestiary/wandering_trader",
		"particle": "minecraft:item/emerald"
	},
	"elements": [
		{
			"name": "head",
			"from": [5.2, 17, 5.2],
			"to": [10.8, 24, 10.8],
			"rotation": {"angle": 0, "axis": "y", "origin": [8, 0.2, 8]},
			"faces": {
				"north": {"uv": [2, 4, 4, 9], "texture": "#0"},
				"east": {"uv": [0, 4, 2, 9], "texture": "#0"},
				"south": {"uv": [0.5, 0.5, 2, 4], "texture": "#0"},
				"west": {"uv": [0.5, 0.5, 2, 4], "texture": "#0"},
				"up": {"uv": [4, 4, 2, 0], "texture": "#0"},
				"down": {"uv": [0.5, 0.5, 2, 4], "texture": "#0"}
			}
		},
		{
			"name": "nose",
			"from": [7.3, 16.3, 3.8],
			"to": [8.7, 19.1, 5.2],
			"rotation": {"angle": 0, "axis": "y", "origin": [8, 0.2, 8]},
			"faces": {
				"north": {"uv": [0.25, 0, 0.5, 0.5], "texture": "#0"},
				"east": {"uv": [0, 0, 0.25, 0.5], "texture": "#0"},
				"south": {"uv": [0.5, 0, 0.75, 0.5], "texture": "#0"},
				"west": {"uv": [0.5, 0, 0.75, 0.5], "texture": "#0"},
				"up": {"uv": [0.25, 0.5, 0, 0], "texture": "#0"},
				"down": {"uv": [0.5, 0, 0.75, 0.5], "texture": "#0"}
			}
		},
		{
			"name": "headwear",
			"from": [4.843, 16.643, 4.843],
			"to": [11.157, 24.357, 11.157],
			"rotation": {"angle": 0, "axis": "y", "origin": [8, 0.2, 8]},
			"faces": {
				"north": {"uv": [8, 6, 10, 11], "texture": "#0"},
				"east": {"uv": [6, 6, 8, 11], "texture": "#0"},
				"south": {"uv": [7.25, 13.5, 11.75, 16], "texture": "#0"},
				"west": {"uv": [7.25, 13.5, 11.75, 16], "texture": "#0"},
				"up": {"uv": [7.25, 13.5, 11.75, 16], "texture": "#0"},
				"down": {"uv": [7.25, 13.5, 11.75, 16], "texture": "#0"}
			}
		},
		{
			"name": "body",
			"from": [5.2, 8.6, 5.9],
			"to": [10.8, 17, 10.1],
			"rotation": {"angle": 0, "axis": "y", "origin": [8, 0.2, 8]},
			"faces": {
				"north": {"uv": [6, 0, 8, 6], "texture": "#0"},
				"east": {"uv": [6, 6, 8, 7.5], "texture": "#0"},
				"south": {"uv": [6, 6, 8, 7.5], "texture": "#0"},
				"west": {"uv": [6, 6, 8, 7.5], "texture": "#0"},
				"up": {"uv": [6, 6, 8, 7.5], "texture": "#0"},
				"down": {"uv": [6, 6, 8, 7.5], "texture": "#0"}
			}
		},
		{
			"name": "bodywear",
			"from": [4.85, 2.65, 5.55],
			"to": [11.15, 17.35, 10.45],
			"rotation": {"angle": 0, "axis": "y", "origin": [8, 0.2, 8]},
			"faces": {
				"north": {"uv": [11.5, 0, 13.5, 10], "texture": "#0"},
				"east": {"uv": [10, 0, 11.5, 10], "texture": "#0"},
				"south": {"uv": [10, 10, 13.5, 13], "texture": "#0"},
				"west": {"uv": [10, 10, 13.5, 13], "texture": "#0"},
				"up": {"uv": [10, 10, 13.5, 13], "texture": "#0"},
				"down": {"uv": [10, 10, 13.5, 13], "texture": "#0"}
			}
		},
		{
			"name": "arms",
			"from": [5.2, 14.735, -4.135],
			"to": [10.8, 17.535, -1.335],
			"rotation": {"angle": 45, "axis": "x", "origin": [8, 4.2, -2]},
			"faces": {
				"north": {"uv": [6, 11, 8, 13], "texture": "#0"},
				"east": {"uv": [6, 10.5, 10, 11], "texture": "#0"},
				"south": {"uv": [6, 10.5, 10, 11], "texture": "#0"},
				"west": {"uv": [6, 10.5, 10, 11], "texture": "#0"},
				"up": {"uv": [6, 10.5, 10, 11], "texture": "#0"},
				"down": {"uv": [10, 11, 8, 13], "texture": "#0"}
			}
		},
		{
			"name": "arms",
			"from": [10.8, 14.735, -4.135],
			"to": [13.6, 20.335, -1.335],
			"rotation": {"angle": 45, "axis": "x", "origin": [8, 4.2, -2]},
			"faces": {
				"north": {"uv": [5, 7, 6, 11], "texture": "#0"},
				"east": {"uv": [4, 7, 5, 11], "texture": "#0"},
				"south": {"uv": [9.75, 8, 10.75, 12], "texture": "#0"},
				"west": {"uv": [8.75, 8, 9.75, 12], "texture": "#0"},
				"up": {"uv": [8.75, 8, 7.75, 6], "texture": "#0"},
				"down": {"uv": [4, 9, 3, 11], "texture": "#0"}
			}
		},
		{
			"name": "mirrored",
			"from": [2.4, 14.735, -4.135],
			"to": [5.2, 20.335, -1.335],
			"rotation": {"angle": 45, "axis": "x", "origin": [8, 4.2, -2]},
			"faces": {
				"north": {"uv": [5, 7, 4, 11], "texture": "#0"},
				"east": {"uv": [2, 9, 3, 11], "texture": "#0"},
				"south": {"uv": [2, 9, 3, 11], "texture": "#0"},
				"west": {"uv": [2, 9, 3, 11], "texture": "#0"},
				"up": {"uv": [2, 9, 3, 11], "texture": "#0"},
				"down": {"uv": [3, 9, 4, 11], "texture": "#0"}
			}
		},
		{
			"name": "right_leg",
			"from": [8, 0.2, 6.6],
			"to": [10.8, 8.6, 9.4],
			"rotation": {"angle": 0, "axis": "y", "origin": [8, 0.2, 8]},
			"faces": {
				"north": {"uv": [5, 0, 6, 6], "texture": "#0"},
				"east": {"uv": [4, 0, 5, 6], "texture": "#0"},
				"south": {"uv": [4, 6, 6, 7], "texture": "#0"},
				"west": {"uv": [4, 6, 6, 7], "texture": "#0"},
				"up": {"uv": [4, 6, 6, 7], "texture": "#0"},
				"down": {"uv": [4, 6, 6, 7], "texture": "#0"}
			}
		},
		{
			"name": "left_leg",
			"from": [5.2, 0.2, 6.6],
			"to": [8, 8.6, 9.4],
			"rotation": {"angle": 0, "axis": "y", "origin": [8, 0.2, 8]},
			"faces": {
				"north": {"uv": [5, 0, 6, 6], "texture": "#0"},
				"east": {"uv": [5, 6, 6, 7], "texture": "#0"},
				"south": {"uv": [5, 6, 6, 7], "texture": "#0"},
				"west": {"uv": [5, 6, 6, 7], "texture": "#0"},
				"up": {"uv": [5, 6, 6, 7], "texture": "#0"},
				"down": {"uv": [5, 6, 6, 7], "texture": "#0"}
			}
		}
	],
	"gui_light": "front",
	"display": {
		"gui": {
			"rotation": [20, -140, 0],
			"translation": [0, -3, 0],
			"scale": [0.85, 0.85, 0.85]
		}
	},
	"groups": [
		{
			"name": "head",
			"origin": [8, 17, 8],
			"color": 0,
			"children": [0]
		},
		{
			"name": "nose",
			"origin": [8, 18.4, 8],
			"color": 0,
			"children": [1]
		},
		{
			"name": "headwear",
			"origin": [8, 17, 8],
			"color": 0,
			"children": [2]
		},
		{
			"name": "body",
			"origin": [8, 17, 8],
			"color": 0,
			"children": [3]
		},
		{
			"name": "bodywear",
			"origin": [8, 17, 8],
			"color": 0,
			"children": [4]
		},
		{
			"name": "arms",
			"origin": [8, 14.935, 7.265],
			"color": 0,
			"children": [
				5,
				6,
				{
					"name": "mirrored",
					"origin": [8, 0.2, 8],
					"color": 0,
					"children": [7]
				}
			]
		},
		{
			"name": "right_leg",
			"origin": [9.4, 8.6, 8],
			"color": 0,
			"children": [8]
		},
		{
			"name": "left_leg",
			"origin": [6.6, 8.6, 8],
			"color": 0,
			"children": [9]
		}
	]
}