{
	"credit": "Made with Blockbench",
	"texture_size": [64, 64],
	"textures": {
		"0": "mc_overhaul:item/compendium_icons/bestiary/warden",
		"particle": "minecraft:item/emerald"
	},
	"elements": [
		{
			"name": "head",
			"from": [4, 18, 4.5],
			"to": [12, 26, 9.5],
			"rotation": {"angle": 0, "axis": "y", "origin": [8, 1, 7.5]},
			"faces": {
				"north": {"uv": [2.5, 11, 6.5, 15], "texture": "#0"},
				"east": {"uv": [0, 11, 2.5, 15], "texture": "#0"},
				"south": {"uv": [1.5, 8.5, 2.5, 11], "texture": "#0"},
				"west": {"uv": [1.5, 8.5, 2.5, 11], "texture": "#0"},
				"up": {"uv": [6.5, 11, 2.5, 8.5], "texture": "#0"},
				"down": {"uv": [1.5, 8.5, 2.5, 11], "texture": "#0"}
			}
		},
		{
			"name": "left_tendril",
			"from": [-1, 22.5, 7.5],
			"to": [4, 27.5, 7.5],
			"rotation": {"angle": 0, "axis": "y", "origin": [8, 1, 7.5]},
			"faces": {
				"north": {"uv": [0, 0, 2.5, 2.5], "texture": "#0"},
				"east": {"uv": [0, 2.5, 2.5, 2.75], "texture": "#0"},
				"south": {"uv": [0, 2.5, 2.5, 2.75], "texture": "#0"},
				"west": {"uv": [0, 2.5, 2.5, 2.75], "texture": "#0"},
				"up": {"uv": [0, 2.5, 2.5, 2.75], "texture": "#0"},
				"down": {"uv": [0, 2.5, 2.5, 2.75], "texture": "#0"}
			}
		},
		{
			"name": "right_tendril",
			"from": [12, 22.5, 7.5],
			"to": [17, 27.5, 7.5],
			"rotation": {"angle": 0, "axis": "y", "origin": [8, 1, 7.5]},
			"faces": {
				"north": {"uv": [2.5, 0, 0, 2.5], "texture": "#0"},
				"east": {"uv": [0, 2.5, 2.5, 2.75], "texture": "#0"},
				"south": {"uv": [0, 2.5, 2.5, 2.75], "texture": "#0"},
				"west": {"uv": [0, 2.5, 2.5, 2.75], "texture": "#0"},
				"up": {"uv": [0, 2.5, 2.5, 2.75], "texture": "#0"},
				"down": {"uv": [0, 2.5, 2.5, 2.75], "texture": "#0"}
			}
		},
		{
			"name": "torso",
			"from": [3.5, 7.5, 5],
			"to": [12.5, 18, 10.5],
			"rotation": {"angle": 0, "axis": "y", "origin": [8, 1, 7.5]},
			"faces": {
				"north": {"uv": [2.75, 2.75, 7.25, 8], "texture": "#0"},
				"east": {"uv": [0, 2.75, 2.75, 8], "texture": "#0"},
				"south": {"uv": [0, 2.5, 2.75, 2.75], "texture": "#0"},
				"west": {"uv": [0, 2.5, 2.75, 2.75], "texture": "#0"},
				"up": {"uv": [7.25, 2.75, 2.75, 0], "texture": "#0"},
				"down": {"uv": [0, 2.5, 2.75, 2.75], "texture": "#0"}
			}
		},
		{
			"name": "left_ribcage",
			"from": [4.5, 9.5, 4.95],
			"to": [7, 16, 4.95],
			"rotation": {"angle": 0, "axis": "y", "origin": [9, 1, 7.5]},
			"faces": {
				"north": {"uv": [1.75, 8, 0, 11], "texture": "#0"},
				"east": {"uv": [1.75, 8, 2.5, 11], "texture": "#0"},
				"south": {"uv": [1.75, 8, 2.5, 11], "texture": "#0"},
				"west": {"uv": [1.75, 8, 2.5, 11], "texture": "#0"},
				"up": {"uv": [1.75, 8, 2.5, 11], "texture": "#0"},
				"down": {"uv": [1.75, 8, 2.5, 11], "texture": "#0"}
			}
		},
		{
			"name": "right_ribcage",
			"from": [9, 9.5, 4.95],
			"to": [11.5, 16, 4.95],
			"rotation": {"angle": 0, "axis": "y", "origin": [7, 1, 7.5]},
			"faces": {
				"north": {"uv": [0, 8, 1.75, 11], "texture": "#0"},
				"east": {"uv": [1.75, 8, 2.5, 11], "texture": "#0"},
				"south": {"uv": [1.75, 8, 2.5, 11], "texture": "#0"},
				"west": {"uv": [1.75, 8, 2.5, 11], "texture": "#0"},
				"up": {"uv": [1.75, 8, 2.5, 11], "texture": "#0"},
				"down": {"uv": [1.75, 8, 2.5, 11], "texture": "#0"}
			}
		},
		{
			"name": "left_arm",
			"from": [-0.5, 4, 5.5],
			"to": [3.5, 18, 9.5],
			"rotation": {"angle": 0, "axis": "y", "origin": [8, 1, 7.5]},
			"faces": {
				"north": {"uv": [9.25, 2, 11.25, 9], "texture": "#0"},
				"east": {"uv": [7.25, 0, 9.25, 2], "texture": "#0"},
				"south": {"uv": [7.25, 0, 9.25, 2], "texture": "#0"},
				"west": {"uv": [7.25, 0, 9.25, 2], "texture": "#0"},
				"up": {"uv": [11.25, 2, 9.25, 0], "texture": "#0"},
				"down": {"uv": [7.25, 0, 9.25, 2], "texture": "#0"}
			}
		},
		{
			"name": "right_arm",
			"from": [12.5, 4, 5.5],
			"to": [16.5, 18, 9.5],
			"rotation": {"angle": 0, "axis": "y", "origin": [8, 1, 7.5]},
			"faces": {
				"north": {"uv": [9.25, 2, 11.25, 9], "texture": "#0"},
				"east": {"uv": [7.25, 2, 9.25, 9], "texture": "#0"},
				"south": {"uv": [7.25, 0, 9.25, 2], "texture": "#0"},
				"west": {"uv": [7.25, 0, 9.25, 2], "texture": "#0"},
				"up": {"uv": [11.25, 2, 9.25, 0], "texture": "#0"},
				"down": {"uv": [7.25, 0, 9.25, 2], "texture": "#0"}
			}
		},
		{
			"name": "left_leg",
			"from": [3.45, 1, 5.5],
			"to": [6.45, 7.5, 8.5],
			"rotation": {"angle": 0, "axis": "y", "origin": [8, 1, 7.5]},
			"faces": {
				"north": {"uv": [8, 10.5, 9.5, 13.75], "texture": "#0"},
				"east": {"uv": [6.5, 10.5, 8, 13.75], "texture": "#0"},
				"south": {"uv": [6.5, 9, 9.5, 10.5], "texture": "#0"},
				"west": {"uv": [6.5, 9, 9.5, 10.5], "texture": "#0"},
				"up": {"uv": [6.5, 9, 9.5, 10.5], "texture": "#0"},
				"down": {"uv": [6.5, 9, 9.5, 10.5], "texture": "#0"}
			}
		},
		{
			"name": "right_leg",
			"from": [9.55, 1, 5.5],
			"to": [12.55, 7.5, 8.5],
			"rotation": {"angle": 0, "axis": "y", "origin": [8, 1, 7.5]},
			"faces": {
				"north": {"uv": [8, 10.5, 9.5, 13.75], "texture": "#0"},
				"east": {"uv": [6.5, 10.5, 8, 13.75], "texture": "#0"},
				"south": {"uv": [6.5, 9, 9.5, 10.5], "texture": "#0"},
				"west": {"uv": [6.5, 9, 9.5, 10.5], "texture": "#0"},
				"up": {"uv": [6.5, 9, 9.5, 10.5], "texture": "#0"},
				"down": {"uv": [6.5, 9, 9.5, 10.5], "texture": "#0"}
			}
		}
	],
	"gui_light": "front",
	"display": {
		"gui": {
			"rotation": [20, -140, 0],
			"translation": [0, -3.75, 0],
			"scale": [0.73, 0.73, 0.73]
		}
	},
	"groups": [
		{
			"name": "head",
			"origin": [8, 18, 7],
			"color": 0,
			"children": [0]
		},
		{
			"name": "left_tendril",
			"origin": [4, 24, 7.5],
			"color": 0,
			"children": [1]
		},
		{
			"name": "right_tendril",
			"origin": [12, 24, 7.5],
			"color": 0,
			"children": [2]
		},
		{
			"name": "torso",
			"origin": [8, 11.5, 7],
			"color": 0,
			"children": [3]
		},
		{
			"name": "left_ribcage",
			"origin": [4.5, 12.5, 5],
			"color": 0,
			"children": [4]
		},
		{
			"name": "right_ribcage",
			"origin": [11.5, 12.5, 5],
			"color": 0,
			"children": [5]
		},
		{
			"name": "left_arm",
			"origin": [1.5, 18, 7.5],
			"color": 0,
			"children": [6]
		},
		{
			"name": "right_arm",
			"origin": [14.5, 18, 7.5],
			"color": 0,
			"children": [7]
		},
		{
			"name": "left_leg",
			"origin": [5, 7.5, 7],
			"color": 0,
			"children": [8]
		},
		{
			"name": "right_leg",
			"origin": [11, 7.5, 7],
			"color": 0,
			"children": [9]
		}
	]
}