{
	"credit": "Made with Blockbench",
	"texture_size": [64, 32],
	"textures": {
		"0": "mc_overhaul:item/compendium_icons/bestiary/witch",
		"particle": "minecraft:item/emerald"
	},
	"elements": [
		{
			"name": "head",
			"from": [5.536, 15, 5.536],
			"to": [10.464, 21.16, 10.464],
			"rotation": {"angle": 0, "axis": "y", "origin": [8, 0.216, 8]},
			"faces": {
				"north": {"uv": [2, 4, 4, 9], "texture": "#0"},
				"east": {"uv": [0, 4, 2, 9], "texture": "#0"},
				"south": {"uv": [0.5, 1, 2, 4], "texture": "#0"},
				"west": {"uv": [0.5, 1, 2, 4], "texture": "#0"},
				"up": {"uv": [4, 4, 2, 0], "texture": "#0"},
				"down": {"uv": [0.5, 1, 2, 4], "texture": "#0"}
			}
		},
		{
			"name": "nose",
			"from": [7.384, 14.384, 4.304],
			"to": [8.616, 16.848, 5.536],
			"rotation": {"angle": 0, "axis": "y", "origin": [8, 0.216, 8]},
			"faces": {
				"north": {"uv": [0.25, 0, 0.5, 0.5], "texture": "#0"},
				"east": {"uv": [0, 0, 0.25, 0.5], "texture": "#0"},
				"south": {"uv": [0.5, 0, 0.75, 0.5], "texture": "#0"},
				"west": {"uv": [0.5, 0, 0.75, 0.5], "texture": "#0"},
				"up": {"uv": [0.25, 0.5, 0, 0], "texture": "#0"},
				"down": {"uv": [0.5, 0, 0.75, 0.5], "texture": "#0"}
			}
		},
		{
			"name": "headwear",
			"from": [4.92, 19.9588, 4.92],
			"to": [11.08, 21.1908, 11.08],
			"rotation": {"angle": 0, "axis": "y", "origin": [8, 0.216, 8]},
			"faces": {
				"north": {"uv": [13.5, 6, 16, 7], "texture": "#0"},
				"east": {"uv": [11, 6, 13.5, 7], "texture": "#0"},
				"south": {"uv": [11, 7, 16, 8], "texture": "#0"},
				"west": {"uv": [11, 7, 16, 8], "texture": "#0"},
				"up": {"uv": [11, 7, 16, 8], "texture": "#0"},
				"down": {"uv": [11, 7, 16, 8], "texture": "#0"}
			}
		},
		{
			"name": "hat2",
			"from": [5.69, 21.1908, 6.152],
			"to": [10.002, 23.6548, 10.464],
			"rotation": {"angle": 0, "axis": "y", "origin": [8, 0.216, 8]},
			"faces": {
				"north": {"uv": [14.25, 4, 16, 6], "texture": "#0"},
				"east": {"uv": [12.5, 4, 14.25, 6], "texture": "#0"},
				"south": {"uv": [14, 0.5, 14.25, 4], "texture": "#0"},
				"west": {"uv": [14, 0.5, 14.25, 4], "texture": "#0"},
				"up": {"uv": [16, 4, 14.25, 0.5], "texture": "#0"},
				"down": {"uv": [14, 0.5, 14.25, 4], "texture": "#0"}
			}
		},
		{
			"name": "hat3",
			"from": [6.46, 23.6548, 7.384],
			"to": [8.924, 26.1188, 9.848],
			"rotation": {"angle": 0, "axis": "y", "origin": [8, 0.216, 8]},
			"faces": {
				"north": {"uv": [13, 2, 14, 4], "texture": "#0"},
				"east": {"uv": [12, 2, 13, 4], "texture": "#0"},
				"south": {"uv": [14, 0, 14.25, 4], "texture": "#0"},
				"west": {"uv": [14, 0, 14.25, 4], "texture": "#0"},
				"up": {"uv": [14, 2, 13, 0], "texture": "#0"},
				"down": {"uv": [14, 0, 14.25, 4], "texture": "#0"}
			}
		},
		{
			"name": "hat4",
			"from": [7.076, 25.9648, 8.462],
			"to": [8, 27.5048, 9.386],
			"rotation": {"angle": 0, "axis": "y", "origin": [8, 0.216, 8]},
			"faces": {
				"north": {"uv": [12.75, 1, 13, 2], "texture": "#0"},
				"east": {"uv": [12.75, 1, 13, 2], "texture": "#0"},
				"south": {"uv": [12.75, 0.5, 13, 1], "texture": "#0"},
				"west": {"uv": [12.75, 0.5, 13, 1], "texture": "#0"},
				"up": {"uv": [13, 1.5, 12.75, 1], "texture": "#0"},
				"down": {"uv": [12.75, 0.5, 13, 1], "texture": "#0"}
			}
		},
		{
			"name": "mole",
			"from": [7.538, 15.154, 3.996],
			"to": [7.846, 15.462, 4.304],
			"rotation": {"angle": 0, "axis": "y", "origin": [8, 15.216, 8]},
			"faces": {
				"north": {"uv": [0.25, 0.5, 0.5, 1], "texture": "#0"},
				"east": {"uv": [0, 0.5, 0.25, 1], "texture": "#0"},
				"south": {"uv": [0.5, 0.5, 0.75, 1], "texture": "#0"},
				"west": {"uv": [0.5, 0.5, 0.75, 1], "texture": "#0"},
				"up": {"uv": [0.25, 1, 0, 0.5], "texture": "#0"},
				"down": {"uv": [0.5, 0.5, 0.75, 1], "texture": "#0"}
			}
		},
		{
			"name": "body",
			"from": [5.536, 7.608, 6.152],
			"to": [10.464, 15, 9.848],
			"rotation": {"angle": 0, "axis": "y", "origin": [8, 0.216, 8]},
			"faces": {
				"north": {"uv": [6, 0, 8, 6], "texture": "#0"},
				"east": {"uv": [8, 0, 9, 2], "texture": "#0"},
				"south": {"uv": [8, 0, 9, 2], "texture": "#0"},
				"west": {"uv": [8, 0, 9, 2], "texture": "#0"},
				"up": {"uv": [8, 0, 9, 2], "texture": "#0"},
				"down": {"uv": [8, 0, 9, 2], "texture": "#0"}
			}
		},
		{
			"name": "bodywear",
			"from": [5.382, 2.526, 5.998],
			"to": [10.618, 15.154, 10.002],
			"rotation": {"angle": 0, "axis": "y", "origin": [8, 0.216, 8]},
			"faces": {
				"north": {"uv": [7.5, 6, 9.5, 16], "texture": "#0"},
				"east": {"uv": [6, 6, 7.5, 16], "texture": "#0"},
				"south": {"uv": [9.5, 6, 10.5, 16], "texture": "#0"},
				"west": {"uv": [9.5, 6, 10.5, 16], "texture": "#0"},
				"up": {"uv": [9.5, 6, 10.5, 16], "texture": "#0"},
				"down": {"uv": [9.5, 6, 10.5, 16], "texture": "#0"}
			}
		},
		{
			"name": "arms",
			"from": [5.536, 13.4118, 11.9962],
			"to": [10.464, 15.8758, 14.4602],
			"rotation": {"angle": -45, "axis": "x", "origin": [8, 4.141, 13.875]},
			"faces": {
				"north": {"uv": [12, 2, 10, 4], "texture": "#0"},
				"east": {"uv": [10, 0, 12, 2], "texture": "#0"},
				"south": {"uv": [10, 0, 12, 2], "texture": "#0"},
				"west": {"uv": [10, 0, 12, 2], "texture": "#0"},
				"up": {"uv": [12, 6, 10, 4], "texture": "#0"},
				"down": {"uv": [10, 0, 12, 2], "texture": "#0"}
			}
		},
		{
			"name": "arms",
			"from": [10.464, 12.4868, -2.8788],
			"to": [12.928, 17.4148, -0.4148],
			"rotation": {"angle": 45, "axis": "x", "origin": [8, 3.216, -1]},
			"faces": {
				"north": {"uv": [9, 2, 10, 6], "texture": "#0"},
				"east": {"uv": [8, 2, 9, 6], "texture": "#0"},
				"south": {"uv": [8, 0, 9, 2], "texture": "#0"},
				"west": {"uv": [8, 0, 9, 2], "texture": "#0"},
				"up": {"uv": [8, 0, 9, 2], "texture": "#0"},
				"down": {"uv": [10, 0, 9, 2], "texture": "#0"}
			}
		},
		{
			"name": "mirrored",
			"from": [3.072, 12.4868, -2.8788],
			"to": [5.536, 17.4148, -0.4148],
			"rotation": {"angle": 45, "axis": "x", "origin": [8, 3.216, -1]},
			"faces": {
				"north": {"uv": [10, 2, 9, 6], "texture": "#0"},
				"east": {"uv": [8, 0, 9, 2], "texture": "#0"},
				"south": {"uv": [8, 0, 9, 2], "texture": "#0"},
				"west": {"uv": [9, 2, 8, 6], "texture": "#0"},
				"up": {"uv": [8, 0, 9, 2], "texture": "#0"},
				"down": {"uv": [9, 0, 10, 2], "texture": "#0"}
			}
		},
		{
			"name": "left_leg",
			"from": [5.536, 0.216, 6.768],
			"to": [8, 7.608, 9.232],
			"rotation": {"angle": 0, "axis": "y", "origin": [8, 0.216, 8]},
			"faces": {
				"north": {"uv": [5, 0, 6, 6], "texture": "#0"},
				"east": {"uv": [5, 6, 6, 8], "texture": "#0"},
				"south": {"uv": [5, 6, 6, 8], "texture": "#0"},
				"west": {"uv": [5, 6, 6, 8], "texture": "#0"},
				"up": {"uv": [5, 6, 6, 8], "texture": "#0"},
				"down": {"uv": [5, 6, 6, 8], "texture": "#0"}
			}
		},
		{
			"name": "right_leg",
			"from": [8, 0.216, 6.768],
			"to": [10.464, 7.608, 9.232],
			"rotation": {"angle": 0, "axis": "y", "origin": [8, 0.216, 8]},
			"faces": {
				"north": {"uv": [5, 0, 6, 6], "texture": "#0"},
				"east": {"uv": [5, 0, 4, 6], "texture": "#0"},
				"south": {"uv": [4, 6, 6, 8], "texture": "#0"},
				"west": {"uv": [4, 6, 6, 8], "texture": "#0"},
				"up": {"uv": [4, 6, 6, 8], "texture": "#0"},
				"down": {"uv": [4, 6, 6, 8], "texture": "#0"}
			}
		}
	],
	"gui_light": "front",
	"display": {
		"gui": {
			"rotation": [20, -140, 0],
			"translation": [0, -3.75, 0],
			"scale": [0.75, 0.75, 0.75]
		}
	},
	"groups": [
		{
			"name": "head",
			"origin": [8, 15, 8],
			"color": 0,
			"children": [0]
		},
		{
			"name": "nose",
			"origin": [8, 16.232, 8],
			"color": 0,
			"children": [1]
		},
		{
			"name": "headwear",
			"origin": [11.08, 21.1908, 4.92],
			"color": 0,
			"children": [
				2,
				{
					"name": "hat2",
					"origin": [10.002, 23.6548, 6.152],
					"color": 0,
					"children": [
						3,
						{
							"name": "hat3",
							"origin": [8.924, 26.1188, 7.384],
							"color": 0,
							"children": [
								4,
								{
									"name": "hat4",
									"origin": [7.846, 27.3508, 8.616],
									"color": 0,
									"children": [5]
								}
							]
						}
					]
				}
			]
		},
		{
			"name": "mole",
			"origin": [8, 17.464, 8],
			"color": 0,
			"children": [6]
		},
		{
			"name": "body",
			"origin": [8, 15, 8],
			"color": 0,
			"children": [7]
		},
		{
			"name": "bodywear",
			"origin": [8, 15, 8],
			"color": 0,
			"children": [8]
		},
		{
			"name": "arms",
			"origin": [8, 13.1828, 7.3532],
			"color": 0,
			"children": [
				9,
				10,
				{
					"name": "mirrored",
					"origin": [8, 0.216, 8],
					"color": 0,
					"children": [11]
				}
			]
		},
		{
			"name": "left_leg",
			"origin": [6.768, 7.608, 8],
			"color": 0,
			"children": [12]
		},
		{
			"name": "right_leg",
			"origin": [9.232, 7.608, 8],
			"color": 0,
			"children": [13]
		}
	]
}