{
	"credit": "Made with Blockbench",
	"texture_size": [64, 16],
	"textures": {
		"0": "mc_overhaul:item/compendium_icons/bestiary/wither_skeleton",
		"particle": "minecraft:item/emerald"
	},
	"elements": [
		{
			"name": "head",
			"from": [4.976, 18, 4.976],
			"to": [11.024, 24.048, 11.024],
			"rotation": {"angle": 0, "axis": "y", "origin": [8, -0.144, 8]},
			"faces": {
				"north": {"uv": [2, 8, 4, 16], "texture": "#0"},
				"east": {"uv": [0, 8, 2, 16], "texture": "#0"},
				"south": {"uv": [0, 0, 2, 8], "texture": "#0"},
				"west": {"uv": [0, 0, 2, 8], "texture": "#0"},
				"up": {"uv": [4, 8, 2, 0], "texture": "#0"},
				"down": {"uv": [0, 0, 2, 8], "texture": "#0"}
			}
		},
		{
			"name": "body",
			"from": [4.976, 8.928, 6.488],
			"to": [11.024, 18, 9.512],
			"rotation": {"angle": 0, "axis": "y", "origin": [8, -0.144, 8]},
			"faces": {
				"north": {"uv": [4, 4, 6, 16], "texture": "#0"},
				"east": {"uv": [6, 4, 7, 16], "texture": "#0"},
				"south": {"uv": [4, 0, 6.5, 4], "texture": "#0"},
				"west": {"uv": [4, 0, 6.5, 4], "texture": "#0"},
				"up": {"uv": [4, 0, 6.5, 4], "texture": "#0"},
				"down": {"uv": [4, 0, 6.5, 4], "texture": "#0"}
			}
		},
		{
			"name": "body",
			"from": [4.976, 8.928, 9.512],
			"to": [11.024, 18, 9.512],
			"rotation": {"angle": 0, "axis": "y", "origin": [8, -0.144, 8]},
			"faces": {
				"north": {"uv": [7, 4, 9, 16], "texture": "#0"},
				"east": {"uv": [8.5, 0, 9, 4], "texture": "#0"},
				"south": {"uv": [8.5, 0, 9, 4], "texture": "#0"},
				"west": {"uv": [8.5, 0, 9, 4], "texture": "#0"},
				"up": {"uv": [8.5, 0, 9, 4], "texture": "#0"},
				"down": {"uv": [8.5, 0, 9, 4], "texture": "#0"}
			}
		},
		{
			"name": "body",
			"from": [4.976, 8.928, 6.488],
			"to": [4.976, 18, 9.512],
			"rotation": {"angle": 0, "axis": "y", "origin": [8, -0.144, 8]},
			"faces": {
				"north": {"uv": [6, 0, 6.5, 4], "texture": "#0"},
				"east": {"uv": [6, 4, 7, 16], "texture": "#0"},
				"south": {"uv": [6, 0, 6.5, 4], "texture": "#0"},
				"west": {"uv": [6, 0, 6.5, 4], "texture": "#0"},
				"up": {"uv": [6, 0, 6.5, 4], "texture": "#0"},
				"down": {"uv": [6, 0, 6.5, 4], "texture": "#0"}
			}
		},
		{
			"name": "body",
			"from": [4.976, 8.928, 6.488],
			"to": [11.024, 8.928, 9.512],
			"rotation": {"angle": 0, "axis": "y", "origin": [8, -0.144, 8]},
			"faces": {
				"north": {"uv": [8.5, 0, 9, 4], "texture": "#0"},
				"east": {"uv": [8.5, 0, 9, 4], "texture": "#0"},
				"south": {"uv": [8.5, 0, 9, 4], "texture": "#0"},
				"west": {"uv": [8.5, 0, 9, 4], "texture": "#0"},
				"up": {"uv": [6.5, 0, 8.5, 4], "texture": "#0"},
				"down": {"uv": [8.5, 0, 9, 4], "texture": "#0"}
			}
		},
		{
			"name": "left_arm",
			"from": [3.464, 8.928, 7.244],
			"to": [4.976, 18, 8.756],
			"rotation": {"angle": 0, "axis": "y", "origin": [8, -0.144, 8]},
			"faces": {
				"north": {"uv": [10, 2, 9.5, 14], "texture": "#0"},
				"east": {"uv": [9.5, 2, 9, 14], "texture": "#0"},
				"south": {"uv": [9, 0, 9.5, 2], "texture": "#0"},
				"west": {"uv": [9, 0, 9.5, 2], "texture": "#0"},
				"up": {"uv": [9.5, 2, 10, 0], "texture": "#0"},
				"down": {"uv": [9, 0, 9.5, 2], "texture": "#0"}
			}
		},
		{
			"name": "right_arm",
			"from": [11.039, 8.928, 7.244],
			"to": [12.551, 18, 8.756],
			"rotation": {"angle": 0, "axis": "y", "origin": [15.575, -0.144, 8]},
			"faces": {
				"north": {"uv": [10, 2, 9.5, 14], "texture": "#0"},
				"east": {"uv": [9.5, 2, 9, 14], "texture": "#0"},
				"south": {"uv": [9, 0, 9.5, 2], "texture": "#0"},
				"west": {"uv": [9, 0, 9.5, 2], "texture": "#0"},
				"up": {"uv": [9.5, 2, 10, 0], "texture": "#0"},
				"down": {"uv": [9, 0, 9.5, 2], "texture": "#0"}
			}
		},
		{
			"name": "left_leg",
			"from": [5.732, -0.144, 7.244],
			"to": [7.244, 8.928, 8.756],
			"rotation": {"angle": 0, "axis": "y", "origin": [8, -0.144, 8]},
			"faces": {
				"north": {"uv": [10.5, 2, 10, 14], "texture": "#0"},
				"east": {"uv": [10, 2, 9.5, 14], "texture": "#0"},
				"south": {"uv": [10, 0, 10.5, 2], "texture": "#0"},
				"west": {"uv": [10, 0, 10.5, 2], "texture": "#0"},
				"up": {"uv": [9.5, 2, 10, 0], "texture": "#0"},
				"down": {"uv": [10, 0, 10.5, 2], "texture": "#0"}
			}
		},
		{
			"name": "right_leg",
			"from": [8.757, -0.144, 7.244],
			"to": [10.269, 8.928, 8.756],
			"rotation": {"angle": 0, "axis": "y", "origin": [11.025, -0.144, 8]},
			"faces": {
				"north": {"uv": [10.5, 2, 10, 14], "texture": "#0"},
				"east": {"uv": [10, 2, 9.5, 14], "texture": "#0"},
				"south": {"uv": [10, 0, 10.5, 2], "texture": "#0"},
				"west": {"uv": [10, 0, 10.5, 2], "texture": "#0"},
				"up": {"uv": [9.5, 2, 10, 0], "texture": "#0"},
				"down": {"uv": [10, 0, 10.5, 2], "texture": "#0"}
			}
		},
		{
			"name": "sword",
			"from": [11.8, 1.5, 3.3],
			"to": [11.8, 13.5, 15.3],
			"rotation": {"angle": -45, "axis": "x", "origin": [11.8, 1.5, 3.3]},
			"faces": {
				"north": {"uv": [10.5, 0, 14.5, 16], "texture": "#0"},
				"east": {"uv": [10.5, 0, 14.5, 16], "texture": "#0"},
				"south": {"uv": [10.5, 0, 14.5, 16], "texture": "#0"},
				"west": {"uv": [10.5, 0, 14.5, 16], "texture": "#0"},
				"up": {"uv": [10.5, 0, 14.5, 16], "texture": "#0"},
				"down": {"uv": [10.5, 0, 14.5, 16], "texture": "#0"}
			}
		}
	],
	"gui_light": "front",
	"display": {
		"gui": {
			"rotation": [20, -140, 0],
			"translation": [0, -3, 0],
			"scale": [0.85, 0.85, 0.85]
		}
	},
	"groups": [
		{
			"name": "head",
			"origin": [8, 18, 8],
			"color": 0,
			"children": [0]
		},
		{
			"name": "body",
			"origin": [8, 18, 8],
			"color": 0,
			"children": [1, 2, 3, 4]
		},
		{
			"name": "left_arm",
			"origin": [4.22, 16.488, 8],
			"color": 0,
			"children": [5]
		},
		{
			"name": "right_arm",
			"origin": [11.78, 16.488, 8],
			"color": 0,
			"children": [6]
		},
		{
			"name": "left_leg",
			"origin": [6.488, 8.928, 8.0756],
			"color": 0,
			"children": [7]
		},
		{
			"name": "right_leg",
			"origin": [9.512, 8.928, 8.0756],
			"color": 0,
			"children": [8]
		},
		{
			"name": "sword",
			"origin": [8, 8, 8],
			"color": 0,
			"children": [9]
		}
	]
}