{
	"credit": "Made with Blockbench",
	"texture_size": [64, 32],
	"textures": {
		"0": "mc_overhaul:item/compendium_icons/bestiary/wither",
		"particle": "minecraft:item/emerald"
	},
	"elements": [
		{
			"name": "head1",
			"from": [4.8, 15.8, 4.8],
			"to": [11.2, 22.2, 11.2],
			"rotation": {"angle": 0, "axis": "y", "origin": [8, -0.2, 8]},
			"faces": {
				"north": {"uv": [2, 4, 4, 8], "texture": "#0"},
				"east": {"uv": [0, 4, 2, 8], "texture": "#0"},
				"south": {"uv": [0, 0, 2, 4], "texture": "#0"},
				"west": {"uv": [0, 0, 2, 4], "texture": "#0"},
				"up": {"uv": [4, 4, 2, 0], "texture": "#0"},
				"down": {"uv": [0, 0, 2, 4], "texture": "#0"}
			}
		},
		{
			"name": "head2",
			"from": [12.8, 14.2, 4.8],
			"to": [17.6, 19, 9.6],
			"rotation": {"angle": 0, "axis": "y", "origin": [8, -0.2, 8]},
			"faces": {
				"north": {"uv": [5.5, 6.5, 7, 9.5], "texture": "#0"},
				"east": {"uv": [4, 6.5, 5.5, 9.5], "texture": "#0"},
				"south": {"uv": [5.5, 5, 7, 6.5], "texture": "#0"},
				"west": {"uv": [5.5, 5, 7, 6.5], "texture": "#0"},
				"up": {"uv": [5.5, 6.5, 4, 3.5], "texture": "#0"},
				"down": {"uv": [5.5, 5, 7, 6.5], "texture": "#0"}
			}
		},
		{
			"name": "head3",
			"from": [-1.6, 14.2, 4.8],
			"to": [3.2, 19, 9.6],
			"rotation": {"angle": 0, "axis": "y", "origin": [8, -0.2, 8]},
			"faces": {
				"north": {"uv": [5.5, 6.5, 7, 9.5], "texture": "#0"},
				"east": {"uv": [4, 6.5, 5.5, 9.5], "texture": "#0"},
				"south": {"uv": [5.5, 5, 7, 6.5], "texture": "#0"},
				"west": {"uv": [5.5, 5, 7, 6.5], "texture": "#0"},
				"up": {"uv": [5.5, 6.5, 4, 3.5], "texture": "#0"},
				"down": {"uv": [5.5, 5, 7, 6.5], "texture": "#0"}
			}
		},
		{
			"name": "body1",
			"from": [0, 13.48, 7.6],
			"to": [16, 15.88, 10],
			"rotation": {"angle": 0, "axis": "y", "origin": [8, -0.2, 8]},
			"faces": {
				"north": {"uv": [7.75, 2, 12.75, 3.5], "texture": "#0"},
				"east": {"uv": [7, 2, 7.75, 3.5], "texture": "#0"},
				"south": {"uv": [7, 3.5, 12.75, 5], "texture": "#0"},
				"west": {"uv": [7, 3.5, 12.75, 5], "texture": "#0"},
				"up": {"uv": [7, 3.5, 12.75, 5], "texture": "#0"},
				"down": {"uv": [7, 3.5, 12.75, 5], "texture": "#0"}
			}
		},
		{
			"name": "body2",
			"from": [7.2, 6.78, 12.9],
			"to": [9.6, 14.78, 15.3],
			"rotation": {"angle": -22.5, "axis": "x", "origin": [8, 1.1, 13.3]},
			"faces": {
				"north": {"uv": [6.25, 0, 7, 5], "texture": "#0"},
				"east": {"uv": [5.5, 0, 6.25, 5], "texture": "#0"},
				"south": {"uv": [7, 0, 7.5, 1], "texture": "#0"},
				"west": {"uv": [7, 0, 7.5, 1], "texture": "#0"},
				"up": {"uv": [7, 0, 7.5, 1], "texture": "#0"},
				"down": {"uv": [7, 0, 7.5, 1], "texture": "#0"}
			}
		},
		{
			"name": "body2",
			"from": [4, 11.98, 13.3],
			"to": [12.8, 13.58, 14.9],
			"rotation": {"angle": -22.5, "axis": "x", "origin": [8, 1.1, 13.3]},
			"faces": {
				"north": {"uv": [7.5, 1, 10.25, 2], "texture": "#0"},
				"east": {"uv": [7, 1, 7.5, 2], "texture": "#0"},
				"south": {"uv": [7, 0, 7.5, 1], "texture": "#0"},
				"west": {"uv": [7, 0, 7.5, 1], "texture": "#0"},
				"up": {"uv": [10.25, 1, 7.5, 0], "texture": "#0"},
				"down": {"uv": [7, 0, 7.5, 1], "texture": "#0"}
			}
		},
		{
			"name": "body2",
			"from": [4, 9.28, 14.1],
			"to": [12.8, 10.88, 15.7],
			"rotation": {"angle": -22.5, "axis": "x", "origin": [8, -0.9, 13.3]},
			"faces": {
				"north": {"uv": [7.5, 1, 10.25, 2], "texture": "#0"},
				"east": {"uv": [7, 1, 7.5, 2], "texture": "#0"},
				"south": {"uv": [7, 0, 7.5, 1], "texture": "#0"},
				"west": {"uv": [7, 0, 7.5, 1], "texture": "#0"},
				"up": {"uv": [10.25, 1, 7.5, 0], "texture": "#0"},
				"down": {"uv": [7, 0, 7.5, 1], "texture": "#0"}
			}
		},
		{
			"name": "body2",
			"from": [4, 6.48, 14.9],
			"to": [12.8, 8.08, 16.5],
			"rotation": {"angle": -22.5, "axis": "x", "origin": [8, -2.9, 13.3]},
			"faces": {
				"north": {"uv": [7.5, 1, 10.25, 2], "texture": "#0"},
				"east": {"uv": [7, 1, 7.5, 2], "texture": "#0"},
				"south": {"uv": [7, 0, 7.5, 1], "texture": "#0"},
				"west": {"uv": [7, 0, 7.5, 1], "texture": "#0"},
				"up": {"uv": [10.25, 1, 7.5, 0], "texture": "#0"},
				"down": {"uv": [7, 0, 7.5, 1], "texture": "#0"}
			}
		},
		{
			"name": "body3",
			"from": [7.2, 3.38, 14.7],
			"to": [9.6, 8.18, 17.1],
			"rotation": {"angle": -45, "axis": "x", "origin": [8, 2.5, 15.1]},
			"faces": {
				"north": {"uv": [4.75, 0, 5.5, 3], "texture": "#0"},
				"east": {"uv": [4, 0, 4.75, 3], "texture": "#0"},
				"south": {"uv": [4, 3, 5.5, 3.5], "texture": "#0"},
				"west": {"uv": [4, 3, 5.5, 3.5], "texture": "#0"},
				"up": {"uv": [4, 3, 5.5, 3.5], "texture": "#0"},
				"down": {"uv": [4, 3, 5.5, 3.5], "texture": "#0"}
			}
		}
	],
	"display": {
		"gui": {
			"rotation": [20, -140, 0],
			"translation": [-0.5, -5.25, 0]
		}
	},
	"groups": [
		{
			"name": "head1",
			"origin": [8, 19, 8],
			"color": 0,
			"children": [0]
		},
		{
			"name": "head2",
			"origin": [14.4, 15.8, 8],
			"color": 0,
			"children": [1]
		},
		{
			"name": "head3",
			"origin": [0, 15.8, 8],
			"color": 0,
			"children": [2]
		},
		{
			"name": "body1",
			"origin": [8, 19, 8],
			"color": 0,
			"children": [3]
		},
		{
			"name": "body2",
			"origin": [9.6, 13.48, 7.6],
			"color": 0,
			"children": [4, 5, 6, 7]
		},
		{
			"name": "body3",
			"origin": [9.6, 5.48, 7.6],
			"color": 0,
			"children": [8]
		}
	]
}