{
	"format_version": "1.9.0",
	"credit": "Made with Blockbench",
	"texture_size": [8, 8],
	"textures": {
		"0": "mc_overhaul:item/compendium_icons/bestiary/yellow_naped_amazon",
		"particle": "minecraft:item/emerald"
	},
	"elements": [
		{
			"name": "head",
			"from": [7, 8.5, 6.5],
			"to": [9, 11.5, 8.5],
			"rotation": {"angle": 0, "axis": "y", "origin": [8, 2, 8]},
			"faces": {
				"north": {"uv": [2, 0, 4, 3], "texture": "#0"},
				"east": {"uv": [0, 0, 2, 3], "texture": "#0"},
				"south": {"uv": [0, 3, 1, 4], "texture": "#0"},
				"west": {"uv": [0, 3, 1, 4], "texture": "#0"},
				"up": {"uv": [0, 3, 1, 4], "texture": "#0"},
				"down": {"uv": [0, 3, 1, 4], "texture": "#0"}
			}
		},
		{
			"name": "head",
			"from": [7, 11.5, 4.5],
			"to": [9, 12.5, 8.5],
			"rotation": {"angle": 0, "axis": "y", "origin": [8, 2, 8]},
			"faces": {
				"north": {"uv": [10, 4, 12, 5], "texture": "#0"},
				"east": {"uv": [6, 4, 10, 5], "texture": "#0"},
				"south": {"uv": [9, 3, 10, 4], "texture": "#0"},
				"west": {"uv": [9, 3, 10, 4], "texture": "#0"},
				"up": {"uv": [10, 0, 12, 4], "texture": "#0"},
				"down": {"uv": [9, 3, 10, 4], "texture": "#0"}
			}
		},
		{
			"name": "head",
			"from": [7.5, 9.5, 5.5],
			"to": [8.5, 11.5, 6.5],
			"rotation": {"angle": 0, "axis": "y", "origin": [8, 2, 8]},
			"faces": {
				"north": {"uv": [4, 1, 5, 3], "texture": "#0"},
				"east": {"uv": [4, 1, 5, 3], "texture": "#0"},
				"south": {"uv": [5, 2, 6, 3], "texture": "#0"},
				"west": {"uv": [5, 2, 6, 3], "texture": "#0"},
				"up": {"uv": [5, 2, 6, 3], "texture": "#0"},
				"down": {"uv": [5, 2, 6, 3], "texture": "#0"}
			}
		},
		{
			"name": "head",
			"from": [7.51, 9.76, 4.56],
			"to": [8.49, 11.74, 5.54],
			"rotation": {"angle": 0, "axis": "y", "origin": [8, 2, 8]},
			"faces": {
				"north": {"uv": [4, 1, 5, 2], "texture": "#0"},
				"east": {"uv": [4, 1, 5, 2], "texture": "#0"},
				"south": {"uv": [5, 2, 6, 3], "texture": "#0"},
				"west": {"uv": [5, 2, 6, 3], "texture": "#0"},
				"up": {"uv": [5, 2, 6, 3], "texture": "#0"},
				"down": {"uv": [5, 2, 6, 3], "texture": "#0"}
			}
		},
		{
			"name": "feather",
			"from": [8, 12.1, 1.5],
			"to": [8, 17.1, 5.5],
			"rotation": {"angle": 22.5, "axis": "x", "origin": [8, 2.6, 4]},
			"faces": {
				"north": {"uv": [6, 10, 7, 11], "texture": "#0"},
				"east": {"uv": [6, 5, 10, 10], "texture": "#0"},
				"south": {"uv": [6, 10, 7, 11], "texture": "#0"},
				"west": {"uv": [6, 10, 7, 11], "texture": "#0"},
				"up": {"uv": [6, 10, 7, 11], "texture": "#0"},
				"down": {"uv": [6, 10, 7, 11], "texture": "#0"}
			}
		},
		{
			"name": "left_leg",
			"from": [8.5, 1.6, 8.5],
			"to": [9.5, 3.6, 9.5],
			"rotation": {"angle": 0, "axis": "x", "origin": [8, 1.6, 10]},
			"faces": {
				"north": {"uv": [4, 0, 5, 1], "texture": "#0"},
				"east": {"uv": [5, 0, 6, 1], "texture": "#0"},
				"south": {"uv": [5, 0, 6, 1], "texture": "#0"},
				"west": {"uv": [5, 0, 6, 1], "texture": "#0"},
				"up": {"uv": [5, 0, 6, 1], "texture": "#0"},
				"down": {"uv": [5, 0, 6, 1], "texture": "#0"}
			}
		},
		{
			"name": "left_foot",
			"from": [8.5, 1.6, 7.5],
			"to": [9.5, 1.6, 8.5],
			"rotation": {"angle": 0, "axis": "y", "origin": [8.5, 1.6, 7.5]},
			"faces": {
				"north": {"uv": [5, 0, 6, 1], "texture": "#0"},
				"east": {"uv": [5, 0, 6, 1], "texture": "#0"},
				"south": {"uv": [5, 0, 6, 1], "texture": "#0"},
				"west": {"uv": [5, 0, 6, 1], "texture": "#0"},
				"up": {"uv": [4, 0, 5, 1], "texture": "#0"},
				"down": {"uv": [5, 0, 6, 1], "texture": "#0"}
			}
		},
		{
			"name": "right_leg",
			"from": [6.5, 1.6, 8.5],
			"to": [7.5, 3.6, 9.5],
			"rotation": {"angle": 0, "axis": "x", "origin": [8, 1.6, 10]},
			"faces": {
				"north": {"uv": [4, 0, 5, 1], "texture": "#0"},
				"east": {"uv": [5, 0, 6, 1], "texture": "#0"},
				"south": {"uv": [5, 0, 6, 1], "texture": "#0"},
				"west": {"uv": [5, 0, 6, 1], "texture": "#0"},
				"up": {"uv": [5, 0, 6, 1], "texture": "#0"},
				"down": {"uv": [5, 0, 6, 1], "texture": "#0"}
			}
		},
		{
			"name": "right_foot",
			"from": [6.5, 1.6, 7.5],
			"to": [7.5, 1.6, 8.5],
			"rotation": {"angle": 0, "axis": "y", "origin": [6.5, 1.6, 7.5]},
			"faces": {
				"north": {"uv": [5, 0, 6, 1], "texture": "#0"},
				"east": {"uv": [5, 0, 6, 1], "texture": "#0"},
				"south": {"uv": [5, 0, 6, 1], "texture": "#0"},
				"west": {"uv": [5, 0, 6, 1], "texture": "#0"},
				"up": {"uv": [4, 0, 5, 1], "texture": "#0"},
				"down": {"uv": [5, 0, 6, 1], "texture": "#0"}
			}
		},
		{
			"name": "left_wing_rotation",
			"from": [6, 4.1, 7.7],
			"to": [7, 9.1, 10.7],
			"rotation": {"angle": -22.5, "axis": "x", "origin": [8, 2, 10]},
			"faces": {
				"north": {"uv": [13, 5, 14, 10], "texture": "#0"},
				"east": {"uv": [10, 5, 13, 10], "texture": "#0"},
				"south": {"uv": [12, 2, 13, 5], "texture": "#0"},
				"west": {"uv": [12, 2, 13, 5], "texture": "#0"},
				"up": {"uv": [13, 2, 14, 5], "texture": "#0"},
				"down": {"uv": [12, 2, 13, 5], "texture": "#0"}
			}
		},
		{
			"name": "body",
			"from": [6.5, 3.8, 8.2],
			"to": [9.5, 9.8, 11.2],
			"rotation": {"angle": -22.5, "axis": "x", "origin": [8, 2.3, 10.7]},
			"faces": {
				"north": {"uv": [3, 6, 6, 12], "texture": "#0"},
				"east": {"uv": [0, 6, 3, 12], "texture": "#0"},
				"south": {"uv": [6, 4, 10, 7], "texture": "#0"},
				"west": {"uv": [6, 4, 10, 7], "texture": "#0"},
				"up": {"uv": [3, 3, 6, 6], "texture": "#0"},
				"down": {"uv": [6, 4, 10, 7], "texture": "#0"}
			}
		},
		{
			"name": "right_wing_rotation",
			"from": [9, 4.1, 7.7],
			"to": [10, 9.1, 10.7],
			"rotation": {"angle": -22.5, "axis": "x", "origin": [8, 2, 10]},
			"faces": {
				"north": {"uv": [13, 5, 14, 10], "texture": "#0"},
				"east": {"uv": [10, 5, 13, 10], "texture": "#0"},
				"south": {"uv": [12, 2, 13, 5], "texture": "#0"},
				"west": {"uv": [12, 2, 13, 5], "texture": "#0"},
				"up": {"uv": [13, 2, 14, 5], "texture": "#0"},
				"down": {"uv": [12, 2, 13, 5], "texture": "#0"}
			}
		},
		{
			"name": "tail",
			"from": [6.5, 0, 12.8],
			"to": [9.5, 4, 13.8],
			"rotation": {"angle": -45, "axis": "x", "origin": [6.5, 0, 11.8]},
			"faces": {
				"north": {"uv": [7, 10, 10, 14], "texture": "#0"},
				"east": {"uv": [6, 10, 7, 14], "texture": "#0"},
				"south": {"uv": [6, 9, 8, 10], "texture": "#0"},
				"west": {"uv": [6, 9, 8, 10], "texture": "#0"},
				"up": {"uv": [7, 10, 10, 14], "texture": "#0"},
				"down": {"uv": [6, 9, 8, 10], "texture": "#0"}
			}
		}
	],
	"gui_light": "front",
	"display": {
		"gui": {
			"rotation": [20, -140, 0],
			"translation": [0, -1.25, 0],
			"scale": [1.3, 1.3, 1.3]
		}
	},
	"groups": [
		{
			"name": "head",
			"origin": [8, 8, 7.5],
			"color": 0,
			"children": [
				0,
				1,
				2,
				3,
				{
					"name": "feather",
					"origin": [8, 9.5, 5.5],
					"color": 0,
					"children": [4]
				}
			]
		},
		{
			"name": "left_leg",
			"origin": [7, 2, 7],
			"color": 0,
			"children": [5, 6]
		},
		{
			"name": "right_leg",
			"origin": [9, 2, 7],
			"color": 0,
			"children": [7, 8]
		},
		9,
		10,
		11,
		12
	]
}