{
	"credit": "Made with Blockbench",
	"texture_size": [64, 64],
	"textures": {
		"0": "mc_overhaul:item/compendium_icons/bestiary/zoglin",
		"particle": "minecraft:item/emerald"
	},
	"elements": [
		{
			"name": "head_rotation",
			"from": [3.744, 10.14418, -7.47618],
			"to": [12.256, 13.79218, 4.07582],
			"rotation": {"angle": -45, "axis": "x", "origin": [8, 8.336, 0.108]},
			"faces": {
				"north": {"uv": [8.25, 14.25, 11.75, 15.75], "texture": "#0"},
				"east": {"uv": [3.5, 14.25, 8.25, 15.75], "texture": "#0"},
				"south": {"uv": [3.5, 11, 8.25, 14.25], "texture": "#0"},
				"west": {"uv": [3.5, 11, 8.25, 14.25], "texture": "#0"},
				"up": {"uv": [3.5, 15.75, 0, 11], "texture": "#0"},
				"down": {"uv": [3.5, 11, 8.25, 14.25], "texture": "#0"}
			}
		},
		{
			"name": "head_rotation",
			"from": [3.136, 10.75218, -3.82818],
			"to": [4.352, 17.44018, -2.61218],
			"rotation": {"angle": -45, "axis": "x", "origin": [8, 8.336, 0.108]},
			"faces": {
				"north": {"uv": [6.25, 4.75, 6.75, 7.5], "texture": "#0"},
				"east": {"uv": [5.75, 4.75, 6.25, 7.5], "texture": "#0"},
				"south": {"uv": [6, 4.25, 6.25, 4.75], "texture": "#0"},
				"west": {"uv": [6, 4.25, 6.25, 4.75], "texture": "#0"},
				"up": {"uv": [6.75, 4.75, 6.25, 4.25], "texture": "#0"},
				"down": {"uv": [6, 4.25, 6.25, 4.75], "texture": "#0"}
			}
		},
		{
			"name": "head_rotation",
			"from": [11.648, 10.75218, -3.82818],
			"to": [12.864, 17.44018, -2.61218],
			"rotation": {"angle": -45, "axis": "x", "origin": [8, 8.336, 0.108]},
			"faces": {
				"north": {"uv": [6.25, 4.75, 6.75, 7.5], "texture": "#0"},
				"east": {"uv": [5.75, 4.75, 6.25, 7.5], "texture": "#0"},
				"south": {"uv": [6, 4.25, 6.25, 4.75], "texture": "#0"},
				"west": {"uv": [6, 4.25, 6.25, 4.75], "texture": "#0"},
				"up": {"uv": [6.75, 4.75, 6.25, 4.25], "texture": "#0"},
				"down": {"uv": [6, 4.25, 6.25, 4.75], "texture": "#0"}
			}
		},
		{
			"name": "left_ear_rotation2",
			"from": [9.444, 18.596, -3.54],
			"to": [13.092, 19.204, -1.108],
			"rotation": {"angle": 45, "axis": "z", "origin": [16.74, 4.612, 4.668]},
			"faces": {
				"north": {"uv": [1, 1, 2.5, 1.25], "texture": "#0"},
				"east": {"uv": [0, 0, 1, 1], "texture": "#0"},
				"south": {"uv": [0, 0, 1, 1], "texture": "#0"},
				"west": {"uv": [0, 0, 1, 1], "texture": "#0"},
				"up": {"uv": [0, 0, 1, 1], "texture": "#0"},
				"down": {"uv": [4, 0, 2.5, 1], "texture": "#0"}
			}
		},
		{
			"name": "right_ear_rotation2",
			"from": [2.984, 18.596, -3.54],
			"to": [6.632, 19.204, -1.108],
			"rotation": {"angle": -45, "axis": "z", "origin": [-0.664, 4.612, 4.668]},
			"faces": {
				"north": {"uv": [1, 1, 2.5, 1.25], "texture": "#0"},
				"east": {"uv": [0, 1, 1, 1.25], "texture": "#0"},
				"south": {"uv": [0, 0, 1, 1], "texture": "#0"},
				"west": {"uv": [0, 0, 1, 1], "texture": "#0"},
				"up": {"uv": [2.5, 1, 1, 0], "texture": "#0"},
				"down": {"uv": [0, 0, 1, 1], "texture": "#0"}
			}
		},
		{
			"name": "body",
			"from": [3.136, 6.512, -0.5],
			"to": [12.864, 15.024, 15.308],
			"rotation": {"angle": 0, "axis": "y", "origin": [8, 0.432, 4.668]},
			"faces": {
				"north": {"uv": [6.75, 7.5, 10.75, 11], "texture": "#0"},
				"east": {"uv": [0.25, 7.5, 6.75, 11], "texture": "#0"},
				"south": {"uv": [6.75, 0, 10.75, 1], "texture": "#0"},
				"west": {"uv": [6.75, 0, 10.75, 1], "texture": "#0"},
				"up": {"uv": [10.75, 7.5, 6.75, 1], "texture": "#0"},
				"down": {"uv": [6.75, 0, 10.75, 1], "texture": "#0"}
			}
		},
		{
			"name": "front_left_leg",
			"from": [3.744, 0.432, 0.108],
			"to": [7.392, 8.944, 3.756],
			"rotation": {"angle": 0, "axis": "y", "origin": [8, 0.432, 4.668]},
			"faces": {
				"north": {"uv": [1.5, 1.25, 3, 4.75], "texture": "#0"},
				"east": {"uv": [0, 1.25, 1.5, 4.75], "texture": "#0"},
				"south": {"uv": [2.5, 1, 3, 1.25], "texture": "#0"},
				"west": {"uv": [2.5, 1, 3, 1.25], "texture": "#0"},
				"up": {"uv": [2.5, 1, 3, 1.25], "texture": "#0"},
				"down": {"uv": [2.5, 1, 3, 1.25], "texture": "#0"}
			}
		},
		{
			"name": "front_right_leg",
			"from": [8.608, 0.432, 0.108],
			"to": [12.256, 8.944, 3.756],
			"rotation": {"angle": 0, "axis": "y", "origin": [8, 0.432, 4.668]},
			"faces": {
				"north": {"uv": [4.5, 1.25, 6, 4.75], "texture": "#0"},
				"east": {"uv": [3, 1.25, 4.5, 4.75], "texture": "#0"},
				"south": {"uv": [4, 0, 6, 1.25], "texture": "#0"},
				"west": {"uv": [4, 0, 6, 1.25], "texture": "#0"},
				"up": {"uv": [4, 0, 6, 1.25], "texture": "#0"},
				"down": {"uv": [4, 0, 6, 1.25], "texture": "#0"}
			}
		},
		{
			"name": "back_left_leg",
			"from": [3.744, 0.432, 11.66],
			"to": [6.784, 7.12, 14.7],
			"rotation": {"angle": 0, "axis": "y", "origin": [8, 0.432, 4.668]},
			"faces": {
				"north": {"uv": [1.25, 4.75, 2.5, 7.5], "texture": "#0"},
				"east": {"uv": [0, 4.75, 1.25, 7.5], "texture": "#0"},
				"south": {"uv": [2.5, 5.5, 2.75, 6.5], "texture": "#0"},
				"west": {"uv": [2.5, 5.5, 2.75, 6.5], "texture": "#0"},
				"up": {"uv": [2.5, 5.5, 2.75, 6.5], "texture": "#0"},
				"down": {"uv": [2.5, 5.5, 2.75, 6.5], "texture": "#0"}
			}
		},
		{
			"name": "back_right_leg",
			"from": [9.216, 0.432, 11.66],
			"to": [12.256, 7.12, 14.7],
			"rotation": {"angle": 0, "axis": "y", "origin": [8, 0.432, 4.668]},
			"faces": {
				"north": {"uv": [3.75, 4.75, 5, 7.5], "texture": "#0"},
				"east": {"uv": [2.5, 4.75, 3.75, 7.5], "texture": "#0"},
				"south": {"uv": [5, 4.75, 5.75, 7.5], "texture": "#0"},
				"west": {"uv": [5, 4.75, 5.75, 7.5], "texture": "#0"},
				"up": {"uv": [5, 4.75, 5.75, 7.5], "texture": "#0"},
				"down": {"uv": [5, 4.75, 5.75, 7.5], "texture": "#0"}
			}
		}
	],
	"display": {
		"gui": {
			"rotation": [20, -140, 0],
			"translation": [-2.75, 0.25, 0],
			"scale": [0.85, 0.85, 0.85]
		}
	},
	"groups": [
		{
			"name": "head",
			"origin": [8, 18, -0.5],
			"color": 0,
			"children": [
				{
					"name": "head_rotation",
					"origin": [8, 18, -0.5],
					"color": 0,
					"children": [0, 1, 2]
				}
			]
		},
		{
			"name": "left_ear",
			"origin": [3.2, 19.6, -2.9],
			"color": 0,
			"children": [
				{
					"name": "left_ear_rotation",
					"origin": [8.4, 18.2, -0.5],
					"color": 0,
					"children": [
						{
							"name": "left_ear_rotation2",
							"origin": [3.2, 19.6, -2.9],
							"color": 0,
							"children": [3]
						}
					]
				}
			]
		},
		{
			"name": "right_ear",
			"origin": [12.8, 19.6, -2.9],
			"color": 0,
			"children": [
				{
					"name": "right_ear_rotation",
					"origin": [7.6, 18.2, -0.5],
					"color": 0,
					"children": [
						{
							"name": "right_ear_rotation2",
							"origin": [12.8, 19.6, -2.9],
							"color": 0,
							"children": [4]
						}
					]
				}
			]
		},
		{
			"name": "body",
			"origin": [8, 14.8, 9.9],
			"color": 0,
			"children": [5]
		},
		{
			"name": "front_left_leg",
			"origin": [4.8, 12.4, 2.5],
			"color": 0,
			"children": [6]
		},
		{
			"name": "front_right_leg",
			"origin": [11.2, 12.4, 2.7],
			"color": 0,
			"children": [7]
		},
		{
			"name": "back_left_leg",
			"origin": [4.4, 10, 17.5],
			"color": 0,
			"children": [8]
		},
		{
			"name": "back_right_leg",
			"origin": [11.6, 10, 17.5],
			"color": 0,
			"children": [9]
		}
	]
}