{
	"credit": "Made with Blockbench",
	"texture_size": [64, 16],
	"textures": {
		"0": "mc_overhaul:item/compendium_icons/bestiary/zombified_piglin",
		"particle": "minecraft:item/emerald"
	},
	"elements": [
		{
			"name": "head",
			"from": [5, 15, 5.6],
			"to": [11, 19.8, 10.4],
			"rotation": {"angle": 0, "axis": "y", "origin": [8, 0.6, 8]},
			"faces": {
				"north": {"uv": [2, 8, 4.5, 16], "texture": "#0"},
				"east": {"uv": [0, 8, 2, 16], "texture": "#0"},
				"south": {"uv": [1.25, 3, 2, 8], "texture": "#0"},
				"west": {"uv": [1.25, 3, 2, 8], "texture": "#0"},
				"up": {"uv": [4.5, 8, 2, 0], "texture": "#0"},
				"down": {"uv": [1.25, 3, 2, 8], "texture": "#0"}
			}
		},
		{
			"name": "head",
			"from": [6.8, 15, 5],
			"to": [9.2, 17.4, 5.6],
			"rotation": {"angle": 0, "axis": "y", "origin": [8, 0.6, 8]},
			"faces": {
				"north": {"uv": [0.25, 4, 1.25, 8], "texture": "#0"},
				"east": {"uv": [0, 4, 0.25, 8], "texture": "#0"},
				"south": {"uv": [0, 3, 0.25, 4], "texture": "#0"},
				"west": {"uv": [0, 3, 0.25, 4], "texture": "#0"},
				"up": {"uv": [1.25, 4, 0.25, 3], "texture": "#0"},
				"down": {"uv": [0, 3, 0.25, 4], "texture": "#0"}
			}
		},
		{
			"name": "head",
			"from": [6.2, 15, 5],
			"to": [6.8, 16.2, 5.6],
			"rotation": {"angle": 0, "axis": "y", "origin": [8, 0.6, 8]},
			"faces": {
				"north": {"uv": [0.25, 1, 0.5, 3], "texture": "#0"},
				"east": {"uv": [0, 1, 0.25, 3], "texture": "#0"},
				"south": {"uv": [0, 0, 0.25, 1], "texture": "#0"},
				"west": {"uv": [0, 0, 0.25, 1], "texture": "#0"},
				"up": {"uv": [0.5, 1, 0.25, 0], "texture": "#0"},
				"down": {"uv": [0, 0, 0.25, 1], "texture": "#0"}
			}
		},
		{
			"name": "head",
			"from": [9.2, 15, 5],
			"to": [9.8, 16.2, 5.6],
			"rotation": {"angle": 0, "axis": "y", "origin": [8, 0.6, 8]},
			"faces": {
				"north": {"uv": [0.25, 1, 0.5, 3], "texture": "#0"},
				"east": {"uv": [0, 1, 0.25, 3], "texture": "#0"},
				"south": {"uv": [0, 0, 0.25, 1], "texture": "#0"},
				"west": {"uv": [0, 0, 0.25, 1], "texture": "#0"},
				"up": {"uv": [0.5, 1, 0.25, 0], "texture": "#0"},
				"down": {"uv": [0, 0, 0.25, 1], "texture": "#0"}
			}
		},
		{
			"name": "body",
			"from": [5.6, 7.8, 6.8],
			"to": [10.4, 15, 9.2],
			"rotation": {"angle": 0, "axis": "y", "origin": [8, 0.6, 8]},
			"faces": {
				"north": {"uv": [7.5, 0, 9.5, 12], "texture": "#0"},
				"east": {"uv": [6.5, 0, 7.5, 12], "texture": "#0"},
				"south": {"uv": [8, 12, 9.5, 16], "texture": "#0"},
				"west": {"uv": [8, 12, 9.5, 16], "texture": "#0"},
				"up": {"uv": [8, 12, 9.5, 16], "texture": "#0"},
				"down": {"uv": [8, 12, 9.5, 16], "texture": "#0"}
			}
		},
		{
			"name": "left_arm",
			"from": [3.2, 12.3, 1.8],
			"to": [5.6, 14.7, 9],
			"rotation": {"angle": 0, "axis": "x", "origin": [8, 13.5, -5.4]},
			"faces": {
				"north": {"uv": [10.5, 12, 11.5, 16], "rotation": 180, "texture": "#0"},
				"east": {"uv": [9.5, 0, 10.5, 12], "rotation": 270, "texture": "#0"},
				"south": {"uv": [9.5, 12, 10.5, 16], "texture": "#0"},
				"west": {"uv": [9.5, 12, 10.5, 16], "rotation": 90, "texture": "#0"},
				"up": {"uv": [10.5, 0, 11.5, 12], "rotation": 180, "texture": "#0"},
				"down": {"uv": [9.5, 12, 10.5, 16], "texture": "#0"}
			}
		},
		{
			"name": "right_arm",
			"from": [10.4, 12.3, 1.8],
			"to": [12.8, 14.7, 9],
			"rotation": {"angle": 0, "axis": "y", "origin": [15.2, 13.5, -5.4]},
			"faces": {
				"north": {"uv": [10.5, 12, 11.5, 16], "rotation": 180, "texture": "#0"},
				"east": {"uv": [9.5, 0, 10.5, 12], "rotation": 270, "texture": "#0"},
				"south": {"uv": [9.5, 12, 10.5, 16], "texture": "#0"},
				"west": {"uv": [9.5, 12, 10.5, 16], "rotation": 90, "texture": "#0"},
				"up": {"uv": [10.5, 0, 11.5, 12], "rotation": 180, "texture": "#0"},
				"down": {"uv": [9.5, 12, 10.5, 16], "texture": "#0"}
			}
		},
		{
			"name": "left_leg",
			"from": [5.6, 0.6, 6.8],
			"to": [8, 7.8, 9.2],
			"rotation": {"angle": 0, "axis": "y", "origin": [8, 0.6, 8]},
			"faces": {
				"north": {"uv": [5.5, 0, 6.5, 12], "texture": "#0"},
				"east": {"uv": [5.5, 12, 6, 16], "texture": "#0"},
				"south": {"uv": [5.5, 12, 6, 16], "texture": "#0"},
				"west": {"uv": [5.5, 12, 6, 16], "texture": "#0"},
				"up": {"uv": [5.5, 12, 6, 16], "texture": "#0"},
				"down": {"uv": [5.5, 12, 6, 16], "texture": "#0"}
			}
		},
		{
			"name": "left_pants",
			"from": [5.45, 5.45, 6.65],
			"to": [8.15, 7.95, 9.35],
			"rotation": {"angle": 0, "axis": "y", "origin": [8, 0.6, 8]},
			"faces": {
				"north": {"uv": [6, 12, 7, 16], "texture": "#0"},
				"east": {"uv": [4.5, 12, 6, 16], "texture": "#0"},
				"south": {"uv": [4.5, 12, 6, 16], "texture": "#0"},
				"west": {"uv": [4.5, 12, 6, 16], "texture": "#0"},
				"up": {"uv": [4.5, 12, 6, 16], "texture": "#0"},
				"down": {"uv": [4.5, 12, 6, 16], "texture": "#0"}
			}
		},
		{
			"name": "right_leg",
			"from": [8, 0.6, 6.8],
			"to": [10.4, 7.8, 9.2],
			"rotation": {"angle": 0, "axis": "y", "origin": [8, 0.6, 8]},
			"faces": {
				"north": {"uv": [5.5, 0, 6.5, 12], "texture": "#0"},
				"east": {"uv": [4.5, 0, 5.5, 12], "texture": "#0"},
				"south": {"uv": [4.5, 12, 6, 16], "texture": "#0"},
				"west": {"uv": [4.5, 12, 6, 16], "texture": "#0"},
				"up": {"uv": [4.5, 12, 6, 16], "texture": "#0"},
				"down": {"uv": [4.5, 12, 6, 16], "texture": "#0"}
			}
		},
		{
			"name": "right_pants",
			"from": [7.85, 5.45, 6.65],
			"to": [10.55, 7.95, 9.35],
			"rotation": {"angle": 0, "axis": "y", "origin": [8, 0.6, 8]},
			"faces": {
				"north": {"uv": [6, 12, 7, 16], "texture": "#0"},
				"east": {"uv": [4.5, 12, 6, 16], "texture": "#0"},
				"south": {"uv": [4.5, 12, 6, 16], "texture": "#0"},
				"west": {"uv": [4.5, 12, 6, 16], "texture": "#0"},
				"up": {"uv": [4.5, 12, 6, 16], "texture": "#0"},
				"down": {"uv": [4.5, 12, 6, 16], "texture": "#0"}
			}
		},
		{
			"name": "sword",
			"from": [11.5, 12, -6.5],
			"to": [11.5, 22, 3.5],
			"rotation": {"angle": 45, "axis": "x", "origin": [11.5, 12, 1.5]},
			"faces": {
				"north": {"uv": [11.5, 0, 15.5, 16], "texture": "#0"},
				"east": {"uv": [11.5, 0, 15.5, 16], "texture": "#0"},
				"south": {"uv": [11.5, 0, 15.5, 16], "texture": "#0"},
				"west": {"uv": [11.5, 0, 15.5, 16], "texture": "#0"},
				"up": {"uv": [11.5, 0, 15.5, 16], "texture": "#0"},
				"down": {"uv": [11.5, 0, 15.5, 16], "texture": "#0"}
			}
		}
	],
	"gui_light": "front",
	"display": {
		"gui": {
			"rotation": [20, -140, 0],
			"translation": [0, -2.25, 0]
		}
	},
	"groups": [
		{
			"name": "head",
			"origin": [8, 15, 8],
			"color": 0,
			"children": [0, 1, 2, 3]
		},
		{
			"name": "body",
			"origin": [8, 15, 8],
			"color": 0,
			"children": [4]
		},
		{
			"name": "left_arm",
			"origin": [5, 13.8, 8],
			"color": 0,
			"children": [5]
		},
		{
			"name": "right_arm",
			"origin": [11, 13.8, 8],
			"color": 0,
			"children": [6]
		},
		{
			"name": "left_leg",
			"origin": [6.8, 7.8, 8],
			"color": 0,
			"children": [7]
		},
		{
			"name": "left_pants",
			"origin": [6.8, 7.8, 8],
			"color": 0,
			"children": [8]
		},
		{
			"name": "right_leg",
			"origin": [9.2, 7.8, 8],
			"color": 0,
			"children": [9]
		},
		{
			"name": "right_pants",
			"origin": [9.2, 7.8, 8],
			"color": 0,
			"children": [10]
		},
		{
			"name": "sword",
			"origin": [8, 8, 8],
			"color": 0,
			"children": [11]
		}
	]
}