{
	"credit": "Made with Blockbench",
	"texture_size": [64, 32],
	"textures": {
		"0": "mc_overhaul:item/compendium_icons/bestiary/zombie_horse",
		"particle": "minecraft:item/emerald"
	},
	"elements": [
		{
			"name": "head",
			"from": [5.9, 23.2, 4.6],
			"to": [10.1, 26.7, 9.5],
			"rotation": {"angle": -22.5, "axis": "x", "origin": [8, 3.6, 12.3]},
			"faces": {
				"north": {"uv": [1.75, 3.5, 3.25, 6], "texture": "#0"},
				"east": {"uv": [0, 3.5, 1.75, 6], "texture": "#0"},
				"south": {"uv": [0, 2, 1, 3.5], "texture": "#0"},
				"west": {"uv": [0, 2, 1, 3.5], "texture": "#0"},
				"up": {"uv": [3.25, 3.5, 1.75, 0], "texture": "#0"},
				"down": {"uv": [0, 2, 1, 3.5], "texture": "#0"}
			}
		},
		{
			"name": "mouth",
			"from": [6.6, 23.2, 1.1],
			"to": [9.4, 26.7, 4.6],
			"rotation": {"angle": -22.5, "axis": "x", "origin": [8, 3.6, 12.3]},
			"faces": {
				"north": {"uv": [7.5, 2.5, 8.5, 5], "texture": "#0"},
				"east": {"uv": [6.25, 2.5, 7.5, 5], "texture": "#0"},
				"south": {"uv": [6.25, 0, 7.5, 2.5], "texture": "#0"},
				"west": {"uv": [6.25, 0, 7.5, 2.5], "texture": "#0"},
				"up": {"uv": [8.5, 2.5, 7.5, 0], "texture": "#0"},
				"down": {"uv": [6.25, 0, 7.5, 2.5], "texture": "#0"}
			}
		},
		{
			"name": "left_ear",
			"from": [6.215, 26.7, 8.793],
			"to": [7.615, 28.8, 9.493],
			"rotation": {"angle": -22.5, "axis": "x", "origin": [8, 3.6, 12.3]},
			"faces": {
				"north": {"uv": [1.25, 2, 1.75, 3.5], "texture": "#0"},
				"east": {"uv": [1, 2, 1.25, 3.5], "texture": "#0"},
				"south": {"uv": [0, 2, 1, 3.5], "texture": "#0"},
				"west": {"uv": [0, 2, 1, 3.5], "texture": "#0"},
				"up": {"uv": [1.75, 2, 1.25, 1.5], "texture": "#0"},
				"down": {"uv": [0, 2, 1, 3.5], "texture": "#0"}
			}
		},
		{
			"name": "right_ear",
			"from": [8.39, 26.7, 8.793],
			"to": [9.79, 28.8, 9.493],
			"rotation": {"angle": -22.5, "axis": "x", "origin": [10.175, 3.6, 12.3]},
			"faces": {
				"north": {"uv": [1.25, 2, 1.75, 3.5], "texture": "#0"},
				"east": {"uv": [1, 2, 1.25, 3.5], "texture": "#0"},
				"south": {"uv": [0, 2, 1, 3.5], "texture": "#0"},
				"west": {"uv": [0, 2, 1, 3.5], "texture": "#0"},
				"up": {"uv": [1.75, 2, 1.25, 1.5], "texture": "#0"},
				"down": {"uv": [0, 2, 1, 3.5], "texture": "#0"}
			}
		},
		{
			"name": "neck",
			"from": [6.635, 14.8, 4.6],
			"to": [9.435, 23.2, 9.5],
			"rotation": {"angle": -22.5, "axis": "x", "origin": [8, 3.6, 12.3]},
			"faces": {
				"north": {"uv": [8, 5, 9, 11], "texture": "#0"},
				"east": {"uv": [6.25, 5, 8, 11], "texture": "#0"},
				"south": {"uv": [5.25, 5.5, 6.25, 7.5], "texture": "#0"},
				"west": {"uv": [5.25, 5.5, 6.25, 7.5], "texture": "#0"},
				"up": {"uv": [5.25, 5.5, 6.25, 7.5], "texture": "#0"},
				"down": {"uv": [5.25, 5.5, 6.25, 7.5], "texture": "#0"}
			}
		},
		{
			"name": "body",
			"from": [4.465, 8.265, 0.565],
			"to": [11.535, 15.335, 16.035],
			"rotation": {"angle": 0, "axis": "y", "origin": [8, 0.6, 8.3]},
			"faces": {
				"north": {"uv": [9, 11, 11.5, 16], "texture": "#0"},
				"east": {"uv": [3.5, 11, 9, 16], "texture": "#0"},
				"south": {"uv": [8.5, 0, 9, 5], "texture": "#0"},
				"west": {"uv": [8.5, 0, 9, 5], "texture": "#0"},
				"up": {"uv": [11.5, 11, 9, 0], "texture": "#0"},
				"down": {"uv": [8.5, 0, 9, 5], "texture": "#0"}
			}
		},
		{
			"name": "front_left_leg",
			"from": [4.5, 0.6, 0.67],
			"to": [7.3, 8.3, 3.47],
			"rotation": {"angle": 0, "axis": "y", "origin": [8, 0.6, 8.3]},
			"faces": {
				"north": {"uv": [5.25, 0, 4.25, 5.5], "texture": "#0"},
				"east": {"uv": [6.25, 0, 5.25, 5.5], "texture": "#0"},
				"south": {"uv": [4.25, 5.5, 6.25, 7.5], "texture": "#0"},
				"west": {"uv": [4.25, 5.5, 6.25, 7.5], "texture": "#0"},
				"up": {"uv": [4.25, 5.5, 6.25, 7.5], "texture": "#0"},
				"down": {"uv": [4.25, 5.5, 6.25, 7.5], "texture": "#0"}
			}
		},
		{
			"name": "front_right_leg",
			"from": [8.7, 0.6, 0.67],
			"to": [11.5, 8.3, 3.47],
			"rotation": {"angle": 0, "axis": "y", "origin": [12.2, 0.6, 8.3]},
			"faces": {
				"north": {"uv": [5.25, 0, 4.25, 5.5], "texture": "#0"},
				"east": {"uv": [4.25, 0, 3.25, 5.5], "texture": "#0"},
				"south": {"uv": [4.25, 5.5, 6.25, 7.5], "texture": "#0"},
				"west": {"uv": [4.25, 5.5, 6.25, 7.5], "texture": "#0"},
				"up": {"uv": [4.25, 5.5, 6.25, 7.5], "texture": "#0"},
				"down": {"uv": [4.25, 5.5, 6.25, 7.5], "texture": "#0"}
			}
		},
		{
			"name": "back_left_leg",
			"from": [4.5, 0.6, 13.195],
			"to": [7.3, 8.3, 15.995],
			"rotation": {"angle": 0, "axis": "y", "origin": [8, 0.6, 20.825]},
			"faces": {
				"north": {"uv": [5.25, 0, 4.25, 5.5], "texture": "#0"},
				"east": {"uv": [6.25, 0, 5.25, 5.5], "texture": "#0"},
				"south": {"uv": [4.25, 5.5, 6.25, 7.5], "texture": "#0"},
				"west": {"uv": [4.25, 5.5, 6.25, 7.5], "texture": "#0"},
				"up": {"uv": [4.25, 5.5, 6.25, 7.5], "texture": "#0"},
				"down": {"uv": [4.25, 5.5, 6.25, 7.5], "texture": "#0"}
			}
		},
		{
			"name": "back_right_leg",
			"from": [8.7, 0.6, 13.195],
			"to": [11.5, 8.3, 15.995],
			"rotation": {"angle": 0, "axis": "y", "origin": [12.2, 0.6, 20.825]},
			"faces": {
				"north": {"uv": [5.25, 0, 4.25, 5.5], "texture": "#0"},
				"east": {"uv": [4.25, 0, 3.25, 5.5], "texture": "#0"},
				"south": {"uv": [4.25, 5.5, 6.25, 7.5], "texture": "#0"},
				"west": {"uv": [4.25, 5.5, 6.25, 7.5], "texture": "#0"},
				"up": {"uv": [4.25, 5.5, 6.25, 7.5], "texture": "#0"},
				"down": {"uv": [4.25, 5.5, 6.25, 7.5], "texture": "#0"}
			}
		}
	],
	"gui_light": "front",
	"display": {
		"gui": {
			"rotation": [20, -140, 0],
			"translation": [-1, -2, 0],
			"scale": [0.75, 0.75, 0.75]
		}
	},
	"groups": [
		{
			"name": "head",
			"origin": [8, 16, 1],
			"color": 0,
			"children": [0]
		},
		{
			"name": "mouth",
			"origin": [8, 16, 1],
			"color": 0,
			"children": [1]
		},
		{
			"name": "left_ear",
			"origin": [8, 16.7, 0.993],
			"color": 0,
			"children": [2]
		},
		{
			"name": "right_ear",
			"origin": [8, 16.7, 0.993],
			"color": 0,
			"children": [3]
		},
		{
			"name": "neck",
			"origin": [8, 16, 1],
			"color": 0,
			"children": [4]
		},
		{
			"name": "body",
			"origin": [8, 9.7, 11.5],
			"color": 0,
			"children": [5]
		},
		{
			"name": "front_left_leg",
			"origin": [5.2, 7.6, 1],
			"color": 0,
			"children": [6]
		},
		{
			"name": "front_right_leg",
			"origin": [10.8, 7.6, 1],
			"color": 0,
			"children": [7]
		},
		{
			"name": "back_left_leg",
			"origin": [5.2, 7.6, 12.9],
			"color": 0,
			"children": [8]
		},
		{
			"name": "back_right_leg",
			"origin": [10.8, 7.6, 12.9],
			"color": 0,
			"children": [9]
		}
	]
}