{
	"credit": "Made with Blockbench",
	"texture_size": [64, 16],
	"textures": {
		"0": "mc_overhaul:item/compendium_icons/bestiary/zombie",
		"particle": "minecraft:item/emerald"
	},
	"elements": [
		{
			"name": "head",
			"from": [4.92, 19, 4.92],
			"to": [11.08, 25.16, 11.08],
			"rotation": {"angle": 0, "axis": "y", "origin": [8, 0.52, 8]},
			"faces": {
				"north": {"uv": [2, 8, 4, 16], "texture": "#0"},
				"east": {"uv": [0, 8, 2, 16], "texture": "#0"},
				"south": {"uv": [0, 0, 2, 8], "texture": "#0"},
				"west": {"uv": [0, 0, 2, 8], "texture": "#0"},
				"up": {"uv": [4, 8, 2, 0], "texture": "#0"},
				"down": {"uv": [0, 0, 2, 8], "texture": "#0"}
			}
		},
		{
			"name": "body",
			"from": [4.92, 9.76, 6.46],
			"to": [11.08, 19, 9.54],
			"rotation": {"angle": 0, "axis": "y", "origin": [8, 0.52, 8]},
			"faces": {
				"north": {"uv": [7, 0, 9, 12], "texture": "#0"},
				"east": {"uv": [6, 0, 7, 12], "texture": "#0"},
				"south": {"uv": [9, 0, 11, 4], "texture": "#0"},
				"west": {"uv": [9, 0, 11, 4], "texture": "#0"},
				"up": {"uv": [9, 0, 11, 4], "texture": "#0"},
				"down": {"uv": [9, 0, 11, 4], "texture": "#0"}
			}
		},
		{
			"name": "left_arm",
			"from": [1.84, 15.78, 0.24],
			"to": [4.92, 18.86, 9.48],
			"rotation": {"angle": 0, "axis": "x", "origin": [8, 17.32, -9]},
			"faces": {
				"north": {"uv": [11, 0, 12, 4], "rotation": 180, "texture": "#0"},
				"east": {"uv": [12, 4, 11, 16], "rotation": 270, "texture": "#0"},
				"south": {"uv": [10, 0, 11, 4], "texture": "#0"},
				"west": {"uv": [10, 0, 11, 4], "rotation": 90, "texture": "#0"},
				"up": {"uv": [11, 4, 10, 16], "rotation": 180, "texture": "#0"},
				"down": {"uv": [10, 0, 11, 4], "texture": "#0"}
			}
		},
		{
			"name": "right_arm",
			"from": [11.08, 15.78, 0.29],
			"to": [14.16, 18.86, 9.53],
			"rotation": {"angle": 0, "axis": "x", "origin": [8, 17.32, -8.95]},
			"faces": {
				"north": {"uv": [12, 0, 11, 4], "rotation": 180, "texture": "#0"},
				"east": {"uv": [9, 4, 10, 16], "rotation": 270, "texture": "#0"},
				"south": {"uv": [9, 0, 11, 4], "texture": "#0"},
				"west": {"uv": [9, 0, 11, 4], "rotation": 90, "texture": "#0"},
				"up": {"uv": [10, 4, 11, 16], "rotation": 180, "texture": "#0"},
				"down": {"uv": [9, 0, 11, 4], "texture": "#0"}
			}
		},
		{
			"name": "left_leg",
			"from": [4.92, 0.52, 6.46],
			"to": [8, 9.76, 9.54],
			"rotation": {"angle": 0, "axis": "y", "origin": [8, 0.52, 8]},
			"faces": {
				"north": {"uv": [6, 0, 5, 12], "texture": "#0"},
				"east": {"uv": [5, 12, 6, 16], "texture": "#0"},
				"south": {"uv": [5, 12, 6, 16], "texture": "#0"},
				"west": {"uv": [5, 12, 6, 16], "texture": "#0"},
				"up": {"uv": [5, 12, 6, 16], "texture": "#0"},
				"down": {"uv": [5, 12, 6, 16], "texture": "#0"}
			}
		},
		{
			"name": "right_leg",
			"from": [8, 0.52, 6.46],
			"to": [11.08, 9.76, 9.54],
			"rotation": {"angle": 0, "axis": "y", "origin": [8, 0.52, 8]},
			"faces": {
				"north": {"uv": [5, 0, 6, 12], "texture": "#0"},
				"east": {"uv": [4, 0, 5, 12], "texture": "#0"},
				"south": {"uv": [4, 12, 6, 16], "texture": "#0"},
				"west": {"uv": [4, 12, 6, 16], "texture": "#0"},
				"up": {"uv": [4, 12, 6, 16], "texture": "#0"},
				"down": {"uv": [4, 12, 6, 16], "texture": "#0"}
			}
		}
	],
	"gui_light": "front",
	"display": {
		"gui": {
			"rotation": [20, -140, 0],
			"translation": [-2.0, -3.5, 0],
			"scale": [0.8, 0.8, 0.8]
		}
	},
	"groups": [
		{
			"name": "head",
			"origin": [8, 19, 8],
			"color": 0,
			"children": [0]
		},
		{
			"name": "body",
			"origin": [8, 19, 8],
			"color": 0,
			"children": [1]
		},
		{
			"name": "left_arm",
			"origin": [4.15, 17.46, 8],
			"color": 0,
			"children": [2]
		},
		{
			"name": "right_arm",
			"origin": [11.85, 17.46, 8],
			"color": 0,
			"children": [3]
		},
		{
			"name": "left_leg",
			"origin": [6.537, 9.76, 8],
			"color": 0,
			"children": [4]
		},
		{
			"name": "right_leg",
			"origin": [9.463, 9.76, 8],
			"color": 0,
			"children": [5]
		}
	]
}