{
	"credit": "Made with Blockbench",
	"texture_size": [64, 32],
	"textures": {
		"0": "mc_overhaul:item/compendium_icons/bestiary/zombie_villager",
		"particle": "minecraft:item/emerald"
	},
	"elements": [
		{
			"name": "head",
			"from": [5.2, 18, 5.2],
			"to": [10.8, 25, 10.8],
			"rotation": {"angle": 0, "axis": "y", "origin": [8, 1.2, 8]},
			"faces": {
				"north": {"uv": [2, 4, 4, 9], "texture": "#0"},
				"east": {"uv": [0, 4, 2, 9], "texture": "#0"},
				"south": {"uv": [1, 2, 2, 4], "texture": "#0"},
				"west": {"uv": [1, 2, 2, 4], "texture": "#0"},
				"up": {"uv": [4, 4, 2, 0], "texture": "#0"},
				"down": {"uv": [1, 2, 2, 4], "texture": "#0"}
			}
		},
		{
			"name": "head",
			"from": [7.3, 17.3, 3.8],
			"to": [8.7, 20.1, 5.2],
			"rotation": {"angle": 0, "axis": "y", "origin": [8, 1.2, 8]},
			"faces": {
				"north": {"uv": [0.5, 0, 1, 2], "texture": "#0"},
				"east": {"uv": [0, 0, 0.5, 2], "texture": "#0"},
				"south": {"uv": [1, 0, 1.5, 2], "texture": "#0"},
				"west": {"uv": [1, 0, 1.5, 2], "texture": "#0"},
				"up": {"uv": [1, 0, 1.5, 2], "texture": "#0"},
				"down": {"uv": [1, 0, 1.5, 2], "texture": "#0"}
			}
		},
		{
			"name": "body",
			"from": [5.2, 9.6, 5.9],
			"to": [10.8, 18, 10.1],
			"rotation": {"angle": 0, "axis": "y", "origin": [8, 1.2, 8]},
			"faces": {
				"north": {"uv": [6, 0, 8, 6], "texture": "#0"},
				"east": {"uv": [4, 12, 6, 13], "texture": "#0"},
				"south": {"uv": [4, 12, 6, 13], "texture": "#0"},
				"west": {"uv": [4, 12, 6, 13], "texture": "#0"},
				"up": {"uv": [4, 12, 6, 13], "texture": "#0"},
				"down": {"uv": [4, 12, 6, 13], "texture": "#0"}
			}
		},
		{
			"name": "left_arm",
			"from": [2.4, 14.8, 0.4],
			"to": [5.2, 17.6, 8.8],
			"rotation": {"angle": 0, "axis": "x", "origin": [8, 16.2, -8]},
			"faces": {
				"north": {"uv": [10, 0, 11, 2], "rotation": 180, "texture": "#0"},
				"east": {"uv": [11, 2, 10, 8], "rotation": 270, "texture": "#0"},
				"south": {"uv": [9, 0, 10, 2], "texture": "#0"},
				"west": {"uv": [9, 0, 10, 2], "rotation": 90, "texture": "#0"},
				"up": {"uv": [10, 2, 9, 8], "rotation": 180, "texture": "#0"},
				"down": {"uv": [9, 0, 10, 2], "texture": "#0"}
			}
		},
		{
			"name": "right_arm",
			"from": [10.8, 14.8, 0.4],
			"to": [13.6, 17.6, 8.8],
			"rotation": {"angle": 0, "axis": "y", "origin": [16.4, 16.2, -8]},
			"faces": {
				"north": {"uv": [10, 0, 11, 2], "rotation": 180, "texture": "#0"},
				"east": {"uv": [9, 2, 8, 8], "rotation": 270, "texture": "#0"},
				"south": {"uv": [8, 0, 10, 2], "texture": "#0"},
				"west": {"uv": [8, 0, 10, 2], "rotation": 90, "texture": "#0"},
				"up": {"uv": [10, 2, 9, 8], "rotation": 180, "texture": "#0"},
				"down": {"uv": [8, 0, 10, 2], "texture": "#0"}
			}
		},
		{
			"name": "left_leg",
			"from": [5.2, 1.2, 6.6],
			"to": [8, 9.6, 9.4],
			"rotation": {"angle": 0, "axis": "y", "origin": [8, 1.2, 8]},
			"faces": {
				"north": {"uv": [4, 0, 5, 6], "texture": "#0"},
				"east": {"uv": [4.5, 6, 5.75, 6.5], "texture": "#0"},
				"south": {"uv": [4.5, 6, 5.75, 6.5], "texture": "#0"},
				"west": {"uv": [4.5, 6, 5.75, 6.5], "texture": "#0"},
				"up": {"uv": [4.5, 6, 5.75, 6.5], "texture": "#0"},
				"down": {"uv": [4.5, 6, 5.75, 6.5], "texture": "#0"}
			}
		},
		{
			"name": "right_leg",
			"from": [8, 1.2, 6.6],
			"to": [10.8, 9.6, 9.4],
			"rotation": {"angle": 0, "axis": "y", "origin": [10.8, 1.2, 8]},
			"faces": {
				"north": {"uv": [5, 0, 4, 6], "texture": "#0"},
				"east": {"uv": [5, 0, 6, 6], "texture": "#0"},
				"south": {"uv": [4.5, 6, 5.75, 6.5], "texture": "#0"},
				"west": {"uv": [4.5, 6, 5.75, 6.5], "texture": "#0"},
				"up": {"uv": [4.5, 6, 5.75, 6.5], "texture": "#0"},
				"down": {"uv": [4.5, 6, 5.75, 6.5], "texture": "#0"}
			}
		},
		{
			"name": "body",
			"from": [5.21, 9.68, 5.795],
			"to": [11.09, 18.5, 10.205],
			"rotation": {"angle": 0, "axis": "y", "origin": [8.15, 0.86, 8]},
			"faces": {
				"north": {"uv": [4, 6, 6, 12], "texture": "#0"},
				"east": {"uv": [4, 12, 6, 14], "texture": "#0"},
				"south": {"uv": [4, 12, 6, 14], "texture": "#0"},
				"west": {"uv": [4, 12, 6, 14], "texture": "#0"},
				"up": {"uv": [4, 12, 6, 14], "texture": "#0"},
				"down": {"uv": [4, 12, 6, 14], "texture": "#0"}
			}
		},
		{
			"name": "body",
			"from": [4.8425, 4.9025, 5.4275],
			"to": [11.4575, 18.8675, 10.5725],
			"rotation": {"angle": 0, "axis": "y", "origin": [8.15, 0.86, 8]},
			"faces": {
				"north": {"uv": [12.5, 3, 14.5, 12], "texture": "#0"},
				"east": {"uv": [11, 3, 12.5, 12], "texture": "#0"},
				"south": {"uv": [11, 0, 12.5, 3], "texture": "#0"},
				"west": {"uv": [11, 0, 12.5, 3], "texture": "#0"},
				"up": {"uv": [14.5, 3, 12.5, 0], "texture": "#0"},
				"down": {"uv": [11, 0, 12.5, 3], "texture": "#0"}
			}
		},
		{
			"name": "left_arm",
			"from": [2.27, 15.14, 0.02],
			"to": [5.21, 18.08, 8.84],
			"rotation": {"angle": 0, "axis": "x", "origin": [8.15, 16.61, -8.8]},
			"faces": {
				"north": {"uv": [6, 12, 8, 13.5], "rotation": 180, "texture": "#0"},
				"east": {"uv": [7, 6, 6, 12], "rotation": 270, "texture": "#0"},
				"south": {"uv": [6, 12, 8, 13.5], "texture": "#0"},
				"west": {"uv": [6, 12, 8, 13.5], "rotation": 90, "texture": "#0"},
				"up": {"uv": [8, 6, 7, 12], "rotation": 180, "texture": "#0"},
				"down": {"uv": [6, 12, 8, 13.5], "texture": "#0"}
			}
		},
		{
			"name": "right_arm",
			"from": [11.09, 15.14, 0.02],
			"to": [14.03, 18.08, 8.84],
			"rotation": {"angle": 0, "axis": "x", "origin": [8.15, 16.61, -8.8]},
			"faces": {
				"north": {"uv": [6, 12, 8, 13.5], "rotation": 180, "texture": "#0"},
				"east": {"uv": [6, 6, 7, 12], "rotation": 270, "texture": "#0"},
				"south": {"uv": [6, 12, 8, 13.5], "texture": "#0"},
				"west": {"uv": [6, 12, 8, 13.5], "rotation": 90, "texture": "#0"},
				"up": {"uv": [7, 6, 8, 12], "rotation": 180, "texture": "#0"},
				"down": {"uv": [6, 12, 8, 13.5], "texture": "#0"}
			}
		},
		{
			"name": "left_leg",
			"from": [5.21, 0.86, 6.53],
			"to": [8.15, 9.68, 9.47],
			"rotation": {"angle": 0, "axis": "y", "origin": [8.15, 0.86, 8]},
			"faces": {
				"north": {"uv": [8, 8, 9, 14], "texture": "#0"},
				"east": {"uv": [8, 14, 9, 16], "texture": "#0"},
				"south": {"uv": [8, 14, 9, 16], "texture": "#0"},
				"west": {"uv": [8, 14, 9, 16], "texture": "#0"},
				"up": {"uv": [8, 14, 9, 16], "texture": "#0"},
				"down": {"uv": [8, 14, 9, 16], "texture": "#0"}
			}
		},
		{
			"name": "right_leg",
			"from": [8.15, 0.86, 6.53],
			"to": [11.09, 9.68, 9.47],
			"rotation": {"angle": 0, "axis": "y", "origin": [8.15, 0.86, 8]},
			"faces": {
				"north": {"uv": [9, 8, 8, 14], "texture": "#0"},
				"east": {"uv": [10, 8, 9, 14], "texture": "#0"},
				"south": {"uv": [8, 14, 10, 16], "texture": "#0"},
				"west": {"uv": [8, 14, 10, 16], "texture": "#0"},
				"up": {"uv": [8, 14, 10, 16], "texture": "#0"},
				"down": {"uv": [8, 14, 10, 16], "texture": "#0"}
			}
		}
	],
	"gui_light": "front",
	"display": {
		"gui": {
			"rotation": [20, -140, 0],
			"translation": [-1.5, -3.75, 0],
			"scale": [0.8, 0.8, 0.8]
		}
	},
	"groups": [
		{
			"name": "inner",
			"origin": [8, 8, 8],
			"color": 0,
			"children": [
				{
					"name": "head",
					"origin": [8, 18, 8],
					"color": 0,
					"children": [0, 1]
				},
				{
					"name": "body",
					"origin": [8, 18, 8],
					"color": 0,
					"children": [2]
				},
				{
					"name": "left_arm",
					"origin": [4.5, 16.6, 8],
					"color": 0,
					"children": [3]
				},
				{
					"name": "right_arm",
					"origin": [11.5, 16.6, 8],
					"color": 0,
					"children": [4]
				},
				{
					"name": "left_leg",
					"origin": [6.6, 9.6, 8],
					"color": 0,
					"children": [5]
				},
				{
					"name": "right_leg",
					"origin": [9.4, 9.6, 8],
					"color": 0,
					"children": [6]
				}
			]
		},
		{
			"name": "outer",
			"origin": [8, 8, 8],
			"color": 0,
			"children": [
				{
					"name": "body",
					"origin": [8, 18, 8],
					"color": 0,
					"children": [7, 8]
				},
				{
					"name": "left_arm",
					"origin": [4.5, 16.6, 8],
					"color": 0,
					"children": [9]
				},
				{
					"name": "right_arm",
					"origin": [11.5, 16.6, 8],
					"color": 0,
					"children": [10]
				},
				{
					"name": "left_leg",
					"origin": [6.6, 9.6, 8],
					"color": 0,
					"children": [11]
				},
				{
					"name": "right_leg",
					"origin": [9.4, 9.6, 8],
					"color": 0,
					"children": [12]
				}
			]
		}
	]
}