{
    "display": {
        "icon": {
            "id": "minecraft:emerald",
            "components": {
                "minecraft:custom_model_data": {
                    "strings": [
                        "bestiary"
                    ]
                }
            }
        },
        "title": {
            "translate": "compendium.bestiary.title",
            "bold": true
        },
        "description": {
            "translate": "compendium.bestiary.description",
            "color": "gold",
            "bold": true
        },
        "frame": "challenge",
        "background": "minecraft:block/light_gray_glazed_terracotta"
    },
    "criteria": {
        "x": {
            "trigger": "minecraft:impossible"
        }
    },
    "requirements": [
        [
            "x"
        ]
    ]
}