{
  "display": {
    "icon": {
      "id": "minecraft:bundle"
    },
    "title": {
      "translate": "advancements.adventure.bundle_in_bundle.title"
    },
    "description": {
      "translate": "advancements.adventure.bundle_in_bundle.description"
    },
    "hidden": true
  },
  "parent": "minecraft:adventure/root",
  "criteria": {
    "have_bundle_in_bundle": {
      "trigger": "minecraft:inventory_changed",
      "conditions": {
        "items": [
          {
            "items": "#minecraft:bundles",
            "predicates": {
              "minecraft:bundle_contents": {
                "items": {
                  "contains": [
                    {
                      "items": [
                        "minecraft:black_bundle",
                        "minecraft:blue_bundle",
                        "minecraft:brown_bundle",
                        "minecraft:bundle",
                        "minecraft:cyan_bundle",
                        "minecraft:gray_bundle",
                        "minecraft:green_bundle",
                        "minecraft:light_blue_bundle",
                        "minecraft:light_gray_bundle",
                        "minecraft:lime_bundle",
                        "minecraft:magenta_bundle",
                        "minecraft:orange_bundle",
                        "minecraft:pink_bundle",
                        "minecraft:purple_bundle",
                        "minecraft:red_bundle",
                        "minecraft:white_bundle",
                        "minecraft:yellow_bundle"
                      ]
                    }
                  ]
                }
              }
            }
          }
        ]
      }
    }
  },
  "requirements": [
    [
      "have_bundle_in_bundle"
    ]
  ]
}