{
  "display": {
    "icon": {
      "id": "minecraft:echo_shard"
    },
    "title": {
      "translate": "advancements.adventure.find_exposed_ancient_city.title"
    },
    "description": {
      "translate": "advancements.adventure.find_exposed_ancient_city.description"
    },
    "frame": "challenge",
    "show_toast": true,
    "announce_to_chat": true,
    "hidden": true
  },
  "parent": "minecraft:adventure/root",
  "criteria": {
    "in_exposed_ancient_city": {
      "trigger": "minecraft:location",
      "conditions": {
        "player": [
          {
            "condition": "minecraft:location_check",
            "predicate": {
              "structures": "minecraft:ancient_city",
              "can_see_sky": true
            }
          }
        ]
      }
    }
  },
  "requirements": [
    [
      "in_exposed_ancient_city"
    ]
  ]
}
