{
  "type": "minecraft:chest",
  "pools": [
    {
      "rolls": 1,
      "entries": [
        {
          "type": "minecraft:loot_table",
          "value": "mc_overhaul:chests/snow_accumulate"
        }
      ]
    },
    {
      "rolls": 1,
      "bonus_rolls": 0,
      "entries": [
        {
          "type": "minecraft:item",
		  "functions": [
            {
              "function": "minecraft:set_components",
              "components": {
                "minecraft:damage_resistant": {
                  "types": "#mc_overhaul:is_fire_except_lava"
                }
              }
            }
          ],
          "name": "minecraft:flint_and_steel",
          "weight": 1
        },
        {
          "type": "minecraft:item",
          "name": "minecraft:bundle",
          "weight": 1,
          "functions": [
            {
              "function": "minecraft:set_contents",
              "component": "minecraft:bundle_contents",
              "entries": [
                {
                  "type": "minecraft:item",
                  "name": "minecraft:flint",
                  "functions": [
                    {
                      "function": "minecraft:set_count",
                      "count": {
                        "type": "minecraft:uniform",
                        "min": 5,
                        "max": 15
                      }
                    },
					{
					  "function": "minecraft:set_components",
					  "components": {
						"minecraft:damage_resistant": {
						  "types": "#mc_overhaul:is_fire_except_lava"
						}
					  }
					}
                  ]
                },
                {
                  "type": "minecraft:item",
                  "name": "minecraft:iron_nugget",
                  "functions": [
                    {
                      "function": "minecraft:set_count",
                      "count": {
                        "type": "minecraft:uniform",
                        "min": 5,
                        "max": 15
                      }
                    },
					{
					  "function": "minecraft:set_components",
					  "components": {
						"minecraft:damage_resistant": {
						  "types": "#mc_overhaul:is_fire_except_lava"
						}
					  }
					}
                  ]
                }
              ]
            }
          ]
        },
        {
          "type": "minecraft:empty",
          "weight": 4
        },
        {
          "type": "minecraft:item",
          "name": "minecraft:suspicious_stew",
          "weight": 3,
          "functions": [
            {
              "function": "minecraft:set_stew_effect",
              "effects": [
                {
                  "type": "minecraft:nausea",
                  "duration": {
                    "type": "minecraft:uniform",
                    "min": 5,
                    "max": 10
                  }
                }
              ],
              "conditions": []
            },
            {
              "function": "minecraft:set_count",
              "count": {
                "type": "minecraft:uniform",
                "min": 1,
                "max": 2
              }
            }
          ]
        }
      ]
    },
    {
      "rolls": 1,
      "bonus_rolls": 0,
      "entries": [
        {
          "type": "minecraft:item",
          "name": "minecraft:leather_leggings",
          "weight": 1
        },
        {
          "type": "minecraft:item",
          "name": "minecraft:leather_helmet",
          "weight": 1
        },
        {
          "type": "minecraft:item",
          "name": "minecraft:leather_chestplate",
          "weight": 1
        },
        {
          "type": "minecraft:item",
          "name": "minecraft:leather_boots",
          "weight": 1
        },
        {
          "type": "minecraft:empty",
          "weight": 1
        },
        {
          "type": "minecraft:item",
          "name": "minecraft:poisonous_potato",
          "weight": 2,
          "functions": [
            {
              "function": "minecraft:set_count",
              "count": {
                "type": "minecraft:uniform",
                "min": 1,
                "max": 7
              }
            }
          ]
        }
      ]
    }
  ]
}