{
  "type": "minecraft:chest",
  "pools": [
	{
      "rolls": 1,
      "entries": [
        {
          "type": "minecraft:loot_table",
          "value": "mc_overhaul:chests/snow_accumulate"
        }
      ]
    },
    {
      "rolls": 1,
      "bonus_rolls": 0,
      "entries": [
        {
          "type": "minecraft:item",
          "name": "minecraft:compass",
          "weight": 2,
          "functions": [
            {
              "function": "minecraft:set_components",
              "components": {
                "minecraft:damage_resistant": {
                  "types": "#mc_overhaul:is_fire_except_lava"
                }
              }
            }
          ]
        },
        {
          "type": "minecraft:item",
          "name": "minecraft:fishing_rod",
          "weight": 2
        },
        {
          "type": "minecraft:item",
          "name": "minecraft:iron_axe",
          "weight": 1,
          "functions": [
            {
              "function": "minecraft:set_components",
              "components": {
                "minecraft:damage_resistant": {
                  "types": "#mc_overhaul:is_fire_except_lava"
                }
              }
            }
          ]
        }
      ]
    },
    {
      "rolls": 1,
      "bonus_rolls": 0,
      "entries": [
        {
          "type": "minecraft:item",
          "name": "minecraft:powder_snow_bucket",
          "weight": 2
        },
        {
          "type": "minecraft:item",
          "name": "minecraft:flint_and_steel",
          "weight": 3,
          "functions": [
            {
              "function": "minecraft:set_components",
              "components": {
                "minecraft:damage_resistant": {
                  "types": "#mc_overhaul:is_fire_except_lava"
                }
              }
            }
          ]
        },
        {
          "type": "minecraft:item",
          "name": "minecraft:bucket",
          "weight": 2
        }
      ]
    }
  ]
}