{
  "criteria": {
    "use": {
      "trigger": "minecraft:recipe_crafted",
      "conditions": {
        "recipe_id": "mc_overhaul:ambiguous_smithing",
        "ingredients": [
          {
            "items": "minecraft:poisonous_potato",
            "components": {
              "minecraft:custom_model_data": {
                "strings": [
                  "anvil_cast"
                ]
              }
            }
          }
        ]
      }
    }
  },
  "requirements": [
    [
      "use"
    ]
  ],
  "rewards": {
    "function": "mc_overhaul:recipe/return_anvil_cast"
  }
}