{
  "criteria": {
    "has_sand": {
      "conditions": {
		"player": {
          "type_specific": {
            "type": "minecraft:player",
            "advancements": {
              "mc_overhaul:recipe/has_smithing_table": true
            }
          }
        },
        "items": [
          {
            "items": "#minecraft:sand"
          }
        ]
      },
      "trigger": "minecraft:inventory_changed"
    },
	"has_clay_ball": {
      "conditions": {
        "items": [
          {
            "items": "minecraft:clay_ball"
          }
        ]
      },
      "trigger": "minecraft:inventory_changed"
    }
  },
  "requirements": [
    [
      "has_sand"
    ],
	[
	  "has_clay_ball"
	]
  ],
  "rewards": {
    "recipes": [
      "minecraft:iron_axe",
      "minecraft:iron_pickaxe",
      "minecraft:iron_shovel",
      "minecraft:iron_hoe",
      "minecraft:iron_sword",
      "minecraft:iron_helmet",
      "minecraft:iron_chestplate",
      "minecraft:iron_leggings",
      "minecraft:iron_boots",
      "minecraft:iron_block",
      "minecraft:iron_bars",
      "minecraft:shears",
      "minecraft:anvil",
      "minecraft:cauldron",
      "minecraft:minecart",
      "minecraft:netherite_ingot",
      "minecraft:heavy_weighted_pressure_plate",
      "minecraft:lightning_rod",
      "minecraft:chain",
      "minecraft:hopper",
      "minecraft:glass_bottle",
      "mc_overhaul:green_copper_crimp_cast",
      "mc_overhaul:green_wheel_cast",
      "mc_overhaul:green_crossbow_frame_cast",
      "mc_overhaul:green_spyglass_frame_cast",
      "mc_overhaul:green_brewing_frame_cast",
      "mc_overhaul:green_lantern_frame_cast",
      "mc_overhaul:green_navigation_frame_cast"
    ]
  }
}