{
  "criteria": {
    "use": {
      "trigger": "minecraft:recipe_crafted",
      "conditions": {
        "recipe_id": "mc_overhaul:ambiguous_smithing",
        "ingredients": [
          {
            "items": "minecraft:bundle",
            "components": {
			  "minecraft:custom_model_data": {
                "strings": [
                  "crucible"
                ]
              }
            }
          }
        ]
      }
    }
  },
  "requirements": [
    [
      "use"
    ]
  ],
  "rewards": {
    "function": "mc_overhaul:recipe/return_crucible"
  }
}