{
  "criteria": {
    "copper_ingot_from_any_cut_copper_slab": {
      "trigger": "minecraft:recipe_crafted",
      "conditions": {
        "recipe_id": "mc_overhaul:copper_ingot_from_any_cut_copper_slab_metalcutting",
        "ingredients": [
          {
            "items": "#mc_overhaul:cut_copper_slabs"
          }
        ]
      }
    },
	"copper_ingot_from_any_copper_block": {
      "trigger": "minecraft:recipe_crafted",
      "conditions": {
        "recipe_id": "mc_overhaul:copper_ingot_from_any_copper_block_metalcutting",
        "ingredients": [
          {
            "items": "#mc_overhaul:copper_blocks"
          }
        ]
      }
    },
	"copper_ingot_from_any_cut_copper": {
      "trigger": "minecraft:recipe_crafted",
      "conditions": {
        "recipe_id": "mc_overhaul:copper_ingot_from_any_cut_copper_metalcutting",
        "ingredients": [
          {
            "items": "#mc_overhaul:cut_copper"
          }
        ]
      }
    },
	"copper_ingot_from_any_cut_copper_stairs": {
      "trigger": "minecraft:recipe_crafted",
      "conditions": {
        "recipe_id": "mc_overhaul:copper_ingot_from_any_cut_copper_stairs_metalcutting",
        "ingredients": [
          {
            "items": "#mc_overhaul:cut_copper_stairs"
          }
        ]
      }
    },
	"gold_ingot_from_gold_block": {
      "trigger": "minecraft:recipe_crafted",
      "conditions": {
        "recipe_id": "mc_overhaul:gold_ingot_from_gold_block_metalcutting",
        "ingredients": [
          {
            "items": "minecraft:gold_block"
          }
        ]
      }
    },
	"iron_ingot_from_iron_block": {
      "trigger": "minecraft:recipe_crafted",
      "conditions": {
        "recipe_id": "mc_overhaul:iron_ingot_from_iron_block_metalcutting",
        "ingredients": [
          {
            "items": "minecraft:iron_block"
          }
        ]
      }
    },
	"netherite_ingot_from_netherite_block": {
      "trigger": "minecraft:recipe_crafted",
      "conditions": {
        "recipe_id": "mc_overhaul:netherite_ingot_from_netherite_block_metalcutting",
        "ingredients": [
          {
            "items": "minecraft:netherite_block"
          }
        ]
      }
    },
	"cut_copper_from_copper_block": {
      "trigger": "minecraft:recipe_crafted",
      "conditions": {
        "recipe_id": "minecraft:cut_copper_from_copper_block_stonecutting",
        "ingredients": [
          {
            "items": "#mc_overhaul:copper_blocks"
          }
        ]
      }
    }
  },
  "requirements": [
    [
      "copper_ingot_from_any_cut_copper_slab",
      "copper_ingot_from_any_copper_block",
      "copper_ingot_from_any_cut_copper",
      "copper_ingot_from_any_cut_copper_stairs",
      "gold_ingot_from_gold_block",
      "iron_ingot_from_iron_block",
      "netherite_ingot_from_netherite_block",
      "cut_copper_from_copper_block"
    ]
  ],
  "rewards": {
    "function": "mc_overhaul:recipe/metalcutting_playsound"
  }
}