{
  "criteria": {
    "copper_ingot_from_any_cut_copper_slab": {
      "trigger": "minecraft:recipe_crafted",
      "conditions": {
        "recipe_id": "mc_overhaul:copper_ingot_from_any_cut_copper_slab_metalcutting",
        "ingredients": [
          {
            "items": [
              "minecraft:cut_copper_slab",
              "minecraft:exposed_cut_copper_slab",
              "minecraft:weathered_cut_copper_slab",
              "minecraft:oxidized_cut_copper_slab",
              "minecraft:waxed_cut_copper_slab",
              "minecraft:waxed_exposed_cut_copper_slab",
              "minecraft:waxed_weathered_cut_copper_slab",
              "minecraft:waxed_oxidized_cut_copper_slab"
            ]
          }
        ]
      }
    }
  },
  "requirements": [
    [
      "copper_ingot_from_any_cut_copper_slab"
    ]
  ],
  "rewards": {
    "function": "mc_overhaul:recipe/metalcutting_playsound"
  }
}