{
  "criteria": {
    "mangrove_wood": {
      "trigger": "minecraft:recipe_crafted",
      "conditions": {
        "recipe_id": "minecraft:mangrove_wood",
        "ingredients": [
          {
            "items": "minecraft:mangrove_log"
          }
        ]
      }
    },
	"stripped_mangrove_wood": {
      "trigger": "minecraft:recipe_crafted",
      "conditions": {
        "recipe_id": "minecraft:stripped_mangrove_wood",
        "ingredients": [
          {
            "items": "minecraft:stripped_mangrove_log"
          }
        ]
      }
    }
  },
  "requirements": [
    [
      "mangrove_wood",
      "stripped_mangrove_wood"
    ]
  ],
  "rewards": {
    "function": "mc_overhaul:recipe/stripped_mangrove_log_byproduct"
  }
}