{
  "criteria": {
    "crimson_hyphae": {
      "trigger": "minecraft:recipe_crafted",
      "conditions": {
        "recipe_id": "minecraft:crimson_hyphae",
        "ingredients": [
          {
            "items": "minecraft:crimson_stem"
          }
        ]
      }
    },
	"stripped_crimson_hyphae": {
      "trigger": "minecraft:recipe_crafted",
      "conditions": {
        "recipe_id": "minecraft:stripped_crimson_hyphae",
        "ingredients": [
          {
            "items": "minecraft:stripped_crimson_stem"
          }
        ]
      }
    }
  },
  "requirements": [
    [
      "crimson_hyphae",
      "stripped_crimson_hyphae"
    ]
  ],
  "rewards": {
    "function": "mc_overhaul:recipe/stripped_crimson_stem_byproduct"
  }
}