{
  "criteria": {
    "spruce_wood": {
      "trigger": "minecraft:recipe_crafted",
      "conditions": {
        "recipe_id": "minecraft:spruce_wood",
        "ingredients": [
          {
            "items": "minecraft:spruce_log"
          }
        ]
      }
    },
	"stripped_spruce_wood": {
      "trigger": "minecraft:recipe_crafted",
      "conditions": {
        "recipe_id": "minecraft:stripped_spruce_wood",
        "ingredients": [
          {
            "items": "minecraft:stripped_spruce_log"
          }
        ]
      }
    },
	"string": {
      "trigger": "minecraft:recipe_crafted",
      "conditions": {
        "recipe_id": "mc_overhaul:string_from_wooden_logs",
        "ingredients": [
          {
            "items": [
			  "minecraft:spruce_log",
			  "minecraft:spruce_wood"
			]
          }
        ]
      }
    }
  },
  "requirements": [
    [
      "spruce_wood",
      "string",
      "stripped_spruce_wood"
    ]
  ],
  "rewards": {
    "function": "mc_overhaul:recipe/stripped_spruce_log_byproduct"
  }
}