{
  "criteria": {
    "birch_wood": {
      "trigger": "minecraft:recipe_crafted",
      "conditions": {
        "recipe_id": "minecraft:birch_wood",
        "ingredients": [
          {
            "items": "minecraft:birch_log"
          }
        ]
      }
    },
	"stripped_birch_wood": {
      "trigger": "minecraft:recipe_crafted",
      "conditions": {
        "recipe_id": "minecraft:stripped_birch_wood",
        "ingredients": [
          {
            "items": "minecraft:stripped_birch_log"
          }
        ]
      }
    }
  },
  "requirements": [
    [
      "birch_wood",
      "stripped_birch_wood"
    ]
  ],
  "rewards": {
    "function": "mc_overhaul:recipe/stripped_birch_log_byproduct"
  }
}