{
  "criteria": {
    "warped_hyphae": {
      "trigger": "minecraft:recipe_crafted",
      "conditions": {
        "recipe_id": "minecraft:warped_hyphae",
        "ingredients": [
          {
            "items": "minecraft:warped_stem"
          }
        ]
      }
    },
	"stripped_warped_hyphae": {
      "trigger": "minecraft:recipe_crafted",
      "conditions": {
        "recipe_id": "minecraft:stripped_warped_hyphae",
        "ingredients": [
          {
            "items": "minecraft:stripped_warped_stem"
          }
        ]
      }
    }
  },
  "requirements": [
    [
      "warped_hyphae",
      "stripped_warped_hyphae"
    ]
  ],
  "rewards": {
    "function": "mc_overhaul:recipe/stripped_warped_stem_byproduct"
  }
}