{
  "criteria": {
    "dark_oak_wood": {
      "trigger": "minecraft:recipe_crafted",
      "conditions": {
        "recipe_id": "minecraft:dark_oak_wood",
        "ingredients": [
          {
            "items": "minecraft:dark_oak_log"
          }
        ]
      }
    },
	"stripped_dark_oak_wood": {
      "trigger": "minecraft:recipe_crafted",
      "conditions": {
        "recipe_id": "minecraft:stripped_dark_oak_wood",
        "ingredients": [
          {
            "items": "minecraft:stripped_dark_oak_log"
          }
        ]
      }
    },
	"string": {
      "trigger": "minecraft:recipe_crafted",
      "conditions": {
        "recipe_id": "mc_overhaul:string_from_wooden_logs",
        "ingredients": [
          {
            "items": [
			  "minecraft:dark_oak_log",
			  "minecraft:dark_oak_wood"
			]
          }
        ]
      }
    }
  },
  "requirements": [
    [
      "dark_oak_wood",
      "string",
      "stripped_dark_oak_wood"
    ]
  ],
  "rewards": {
    "function": "mc_overhaul:recipe/stripped_dark_oak_log_byproduct"
  }
}