{
  "criteria": {
    "jungle_wood": {
      "trigger": "minecraft:recipe_crafted",
      "conditions": {
        "recipe_id": "minecraft:jungle_wood",
        "ingredients": [
          {
            "items": "minecraft:jungle_log"
          }
        ]
      }
    },
	"stripped_jungle_wood": {
      "trigger": "minecraft:recipe_crafted",
      "conditions": {
        "recipe_id": "minecraft:stripped_jungle_wood",
        "ingredients": [
          {
            "items": "minecraft:stripped_jungle_log"
          }
        ]
      }
    },
	"string": {
      "trigger": "minecraft:recipe_crafted",
      "conditions": {
        "recipe_id": "mc_overhaul:string_from_wooden_logs",
        "ingredients": [
          {
            "items": [
			  "minecraft:jungle_log",
			  "minecraft:jungle_wood"
			]
          }
        ]
      }
    }
  },
  "requirements": [
    [
      "jungle_wood",
      "string",
      "stripped_jungle_wood"
    ]
  ],
  "rewards": {
    "function": "mc_overhaul:recipe/stripped_jungle_log_byproduct"
  }
}