{
  "criteria": {
    "dried_kelp": {
      "trigger": "minecraft:recipe_crafted",
      "conditions": {
        "recipe_id": "minecraft:dried_kelp",
        "ingredients": [
          {
            "items": "minecraft:dried_kelp_block"
          }
        ]
      }
    },
	"wheat": {
      "trigger": "minecraft:recipe_crafted",
      "conditions": {
        "recipe_id": "minecraft:wheat",
        "ingredients": [
          {
            "items": "minecraft:hay_block"
          }
        ]
      }
    }
  },
  "requirements": [
    [
      "dried_kelp",
      "wheat"
    ]
  ],
  "rewards": {
    "function": "mc_overhaul:recipe/string_byproduct"
  }
}