{
  "criteria": {
    "cherry_wood": {
      "trigger": "minecraft:recipe_crafted",
      "conditions": {
        "recipe_id": "minecraft:cherry_wood",
        "ingredients": [
          {
            "items": "minecraft:cherry_log"
          }
        ]
      }
    },
	"stripped_cherry_wood": {
      "trigger": "minecraft:recipe_crafted",
      "conditions": {
        "recipe_id": "minecraft:stripped_cherry_wood",
        "ingredients": [
          {
            "items": "minecraft:stripped_cherry_log"
          }
        ]
      }
    }
  },
  "requirements": [
    [
      "cherry_wood",
      "stripped_cherry_wood"
    ]
  ],
  "rewards": {
    "function": "mc_overhaul:recipe/stripped_cherry_log_byproduct"
  }
}