{
  "criteria": {
    "acacia_wood": {
      "trigger": "minecraft:recipe_crafted",
      "conditions": {
        "recipe_id": "minecraft:acacia_wood",
        "ingredients": [
          {
            "items": "minecraft:acacia_log"
          }
        ]
      }
    },
	"stripped_acacia_wood": {
      "trigger": "minecraft:recipe_crafted",
      "conditions": {
        "recipe_id": "minecraft:stripped_acacia_wood",
        "ingredients": [
          {
            "items": "minecraft:stripped_acacia_log"
          }
        ]
      }
    },
	"string": {
      "trigger": "minecraft:recipe_crafted",
      "conditions": {
        "recipe_id": "mc_overhaul:string_from_wooden_logs",
        "ingredients": [
          {
            "items": [
			  "minecraft:acacia_log",
			  "minecraft:acacia_wood"
			]
          }
        ]
      }
    }
  },
  "requirements": [
    [
      "acacia_wood",
      "stripped_acacia_wood",
      "string"
    ]
  ],
  "rewards": {
    "function": "mc_overhaul:recipe/stripped_acacia_log_byproduct"
  }
}