{
  "criteria": {
    "ambiguous_smithing": {
      "trigger": "minecraft:recipe_crafted",
      "conditions": {
        "recipe_id": "mc_overhaul:ambiguous_smithing",
        "ingredients": [
          {
            "items": "minecraft:water_bucket"
          }
        ]
      }
    },
	"golden_apple": {
      "trigger": "minecraft:recipe_crafted",
      "conditions": {
        "recipe_id": "minecraft:golden_apple",
        "ingredients": [
          {
            "items": "minecraft:water_bucket"
          }
        ]
      }
    },
	"golden_carrot": {
      "trigger": "minecraft:recipe_crafted",
      "conditions": {
        "recipe_id": "minecraft:golden_carrot",
        "ingredients": [
          {
            "items": "minecraft:water_bucket"
          }
        ]
      }
    }
  },
  "requirements": [
    [
      "ambiguous_smithing",
      "golden_apple",
      "golden_carrot"
    ]
  ],
  "rewards": {
    "function": "mc_overhaul:recipe/return_water_bucket"
  }
}