{
  "criteria": {
	"stick_from_log": {
      "trigger": "minecraft:recipe_crafted",
      "conditions": {
        "recipe_id": "mc_overhaul:stick_from_log_woodcutting",
        "ingredients": [
          {
            "items": "#minecraft:logs_that_burn"
          }
        ]
      }
    },
	"stick_from_planks": {
      "trigger": "minecraft:recipe_crafted",
      "conditions": {
        "recipe_id": "mc_overhaul:stick_from_planks_woodcutting",
        "ingredients": [
          {
            "items": "#mc_overhaul:wooden_tool_materials"
          }
        ]
      }
    },
	"stripped_oak_log_from_oak_log": {
      "trigger": "minecraft:recipe_crafted",
      "conditions": {
        "recipe_id": "mc_overhaul:stripped_oak_log_from_oak_log_woodcutting",
        "ingredients": [
          {
            "items": "minecraft:oak_log"
          }
        ]
      }
    },
	"stripped_oak_wood_from_oak_wood": {
      "trigger": "minecraft:recipe_crafted",
      "conditions": {
        "recipe_id": "mc_overhaul:stripped_oak_wood_from_oak_wood_woodcutting",
        "ingredients": [
          {
            "items": "minecraft:oak_wood"
          }
        ]
      }
    },
	"stripped_spruce_log_from_spruce_log": {
      "trigger": "minecraft:recipe_crafted",
      "conditions": {
        "recipe_id": "mc_overhaul:stripped_spruce_log_from_spruce_log_woodcutting",
        "ingredients": [
          {
            "items": "minecraft:spruce_log"
          }
        ]
      }
    },
	"stripped_spruce_wood_from_spruce_wood": {
      "trigger": "minecraft:recipe_crafted",
      "conditions": {
        "recipe_id": "mc_overhaul:stripped_spruce_wood_from_spruce_wood_woodcutting",
        "ingredients": [
          {
            "items": "minecraft:spruce_wood"
          }
        ]
      }
    },
	"stripped_birch_log_from_birch_log": {
      "trigger": "minecraft:recipe_crafted",
      "conditions": {
        "recipe_id": "mc_overhaul:stripped_birch_log_from_birch_log_woodcutting",
        "ingredients": [
          {
            "items": "minecraft:birch_log"
          }
        ]
      }
    },
	"stripped_birch_wood_from_birch_wood": {
      "trigger": "minecraft:recipe_crafted",
      "conditions": {
        "recipe_id": "mc_overhaul:stripped_birch_wood_from_birch_wood_woodcutting",
        "ingredients": [
          {
            "items": "minecraft:birch_wood"
          }
        ]
      }
    },
	"stripped_jungle_log_from_jungle_log": {
      "trigger": "minecraft:recipe_crafted",
      "conditions": {
        "recipe_id": "mc_overhaul:stripped_jungle_log_from_jungle_log_woodcutting",
        "ingredients": [
          {
            "items": "minecraft:jungle_log"
          }
        ]
      }
    },
	"stripped_jungle_wood_from_jungle_wood": {
      "trigger": "minecraft:recipe_crafted",
      "conditions": {
        "recipe_id": "mc_overhaul:stripped_jungle_wood_from_jungle_wood_woodcutting",
        "ingredients": [
          {
            "items": "minecraft:jungle_wood"
          }
        ]
      }
    },
	"stripped_acacia_log_from_acacia_log": {
      "trigger": "minecraft:recipe_crafted",
      "conditions": {
        "recipe_id": "mc_overhaul:stripped_acacia_log_from_acacia_log_woodcutting",
        "ingredients": [
          {
            "items": "minecraft:acacia_log"
          }
        ]
      }
    },
	"stripped_acacia_wood_from_acacia_wood": {
      "trigger": "minecraft:recipe_crafted",
      "conditions": {
        "recipe_id": "mc_overhaul:stripped_acacia_wood_from_acacia_wood_woodcutting",
        "ingredients": [
          {
            "items": "minecraft:acacia_wood"
          }
        ]
      }
    },
	"stripped_dark_oak_log_from_dark_oak_log": {
      "trigger": "minecraft:recipe_crafted",
      "conditions": {
        "recipe_id": "mc_overhaul:stripped_dark_oak_log_from_dark_oak_log_woodcutting",
        "ingredients": [
          {
            "items": "minecraft:dark_oak_log"
          }
        ]
      }
    },
	"stripped_dark_oak_wood_from_dark_oak_wood": {
      "trigger": "minecraft:recipe_crafted",
      "conditions": {
        "recipe_id": "mc_overhaul:stripped_dark_oak_wood_from_dark_oak_wood_woodcutting",
        "ingredients": [
          {
            "items": "minecraft:dark_oak_wood"
          }
        ]
      }
    },
	"stripped_mangrove_log_from_mangrove_log": {
      "trigger": "minecraft:recipe_crafted",
      "conditions": {
        "recipe_id": "mc_overhaul:stripped_mangrove_log_from_mangrove_log_woodcutting",
        "ingredients": [
          {
            "items": "minecraft:mangrove_log"
          }
        ]
      }
    },
	"stripped_mangrove_wood_from_mangrove_wood": {
      "trigger": "minecraft:recipe_crafted",
      "conditions": {
        "recipe_id": "mc_overhaul:stripped_mangrove_wood_from_mangrove_wood_woodcutting",
        "ingredients": [
          {
            "items": "minecraft:mangrove_wood"
          }
        ]
      }
    },
	"stripped_cherry_log_from_cherry_log": {
      "trigger": "minecraft:recipe_crafted",
      "conditions": {
        "recipe_id": "mc_overhaul:stripped_cherry_log_from_cherry_log_woodcutting",
        "ingredients": [
          {
            "items": "minecraft:cherry_log"
          }
        ]
      }
    },
	"stripped_cherry_wood_from_cherry_wood": {
      "trigger": "minecraft:recipe_crafted",
      "conditions": {
        "recipe_id": "mc_overhaul:stripped_cherry_wood_from_cherry_wood_woodcutting",
        "ingredients": [
          {
            "items": "minecraft:cherry_wood"
          }
        ]
      }
    },
	"stripped_pale_oak_log_from_pale_oak_log": {
      "trigger": "minecraft:recipe_crafted",
      "conditions": {
        "recipe_id": "mc_overhaul:stripped_pale_oak_log_from_pale_oak_log_woodcutting",
        "ingredients": [
          {
            "items": "minecraft:pale_oak_log"
          }
        ]
      }
    },
	"stripped_pale_oak_wood_from_pale_oak_wood": {
      "trigger": "minecraft:recipe_crafted",
      "conditions": {
        "recipe_id": "mc_overhaul:stripped_pale_oak_wood_from_pale_oak_wood_woodcutting",
        "ingredients": [
          {
            "items": "minecraft:pale_oak_wood"
          }
        ]
      }
    },
	"stripped_crimson_stem_from_crimson_stem": {
      "trigger": "minecraft:recipe_crafted",
      "conditions": {
        "recipe_id": "mc_overhaul:stripped_crimson_stem_from_crimson_stem_woodcutting",
        "ingredients": [
          {
            "items": "minecraft:crimson_stem"
          }
        ]
      }
    },
	"stripped_crimson_hyphae_from_crimson_hyphae": {
      "trigger": "minecraft:recipe_crafted",
      "conditions": {
        "recipe_id": "mc_overhaul:stripped_crimson_hyphae_from_crimson_hyphae_woodcutting",
        "ingredients": [
          {
            "items": "minecraft:crimson_hyphae"
          }
        ]
      }
    },
	"stripped_warped_stem_from_warped_stem": {
      "trigger": "minecraft:recipe_crafted",
      "conditions": {
        "recipe_id": "mc_overhaul:stripped_warped_stem_from_warped_stem_woodcutting",
        "ingredients": [
          {
            "items": "minecraft:warped_stem"
          }
        ]
      }
    },
	"stripped_warped_hyphae_from_warped_hyphae": {
      "trigger": "minecraft:recipe_crafted",
      "conditions": {
        "recipe_id": "mc_overhaul:stripped_warped_hyphae_from_warped_hyphae_woodcutting",
        "ingredients": [
          {
            "items": "minecraft:warped_hyphae"
          }
        ]
      }
    },
    "acacia_button_from_acacia_planks": {
      "trigger": "minecraft:recipe_crafted",
      "conditions": {
        "recipe_id": "mc_overhaul:acacia_button_from_acacia_planks_woodcutting",
        "ingredients": [
          {
            "items": "minecraft:acacia_planks"
          }
        ]
      }
    },
	"acacia_button_from_acacia_logs": {
      "trigger": "minecraft:recipe_crafted",
      "conditions": {
        "recipe_id": "mc_overhaul:acacia_button_from_acacia_logs_woodcutting",
        "ingredients": [
          {
            "items": "#minecraft:acacia_logs"
          }
        ]
      }
    },
	"acacia_planks_from_acacia_logs": {
      "trigger": "minecraft:recipe_crafted",
      "conditions": {
        "recipe_id": "mc_overhaul:acacia_planks_from_acacia_logs_woodcutting",
        "ingredients": [
          {
            "items": "#minecraft:acacia_logs"
          }
        ]
      }
    },
	"acacia_pressure_plate_from_acacia_logs": {
      "trigger": "minecraft:recipe_crafted",
      "conditions": {
        "recipe_id": "mc_overhaul:acacia_pressure_plate_from_acacia_logs_woodcutting",
        "ingredients": [
          {
            "items": "#minecraft:acacia_logs"
          }
        ]
      }
    },
	"acacia_pressure_plate_from_acacia_planks": {
      "trigger": "minecraft:recipe_crafted",
      "conditions": {
        "recipe_id": "mc_overhaul:acacia_pressure_plate_from_acacia_planks_woodcutting",
        "ingredients": [
          {
            "items": "minecraft:acacia_planks"
          }
        ]
      }
    },
	"bamboo_button_from_bamboo_blocks": {
      "trigger": "minecraft:recipe_crafted",
      "conditions": {
        "recipe_id": "mc_overhaul:bamboo_button_from_bamboo_blocks_woodcutting",
        "ingredients": [
          {
            "items": "#minecraft:bamboo_blocks"
          }
        ]
      }
    },
	"bamboo_button_from_bamboo_planks": {
      "trigger": "minecraft:recipe_crafted",
      "conditions": {
        "recipe_id": "mc_overhaul:bamboo_button_from_bamboo_planks_woodcutting",
        "ingredients": [
          {
            "items": "minecraft:bamboo_planks"
          }
        ]
      }
    },
	"bamboo_planks_from_bamboo_blocks": {
      "trigger": "minecraft:recipe_crafted",
      "conditions": {
        "recipe_id": "mc_overhaul:bamboo_planks_from_bamboo_blocks_woodcutting",
        "ingredients": [
          {
            "items": "#minecraft:bamboo_blocks"
          }
        ]
      }
    },
	"bamboo_pressure_plate_from_bamboo_blocks": {
      "trigger": "minecraft:recipe_crafted",
      "conditions": {
        "recipe_id": "mc_overhaul:bamboo_pressure_plate_from_bamboo_blocks_woodcutting",
        "ingredients": [
          {
            "items": "#minecraft:bamboo_blocks"
          }
        ]
      }
    },
	"bamboo_pressure_plate_from_bamboo_planks": {
      "trigger": "minecraft:recipe_crafted",
      "conditions": {
        "recipe_id": "mc_overhaul:bamboo_pressure_plate_from_bamboo_planks_woodcutting",
        "ingredients": [
          {
            "items": "minecraft:bamboo_planks"
          }
        ]
      }
    },
	"oak_button_from_oak_planks": {
      "trigger": "minecraft:recipe_crafted",
      "conditions": {
        "recipe_id": "mc_overhaul:oak_button_from_oak_planks_woodcutting",
        "ingredients": [
          {
            "items": "minecraft:oak_planks"
          }
        ]
      }
    },
	"oak_button_from_oak_logs": {
      "trigger": "minecraft:recipe_crafted",
      "conditions": {
        "recipe_id": "mc_overhaul:oak_button_from_oak_logs_woodcutting",
        "ingredients": [
          {
            "items": "#minecraft:oak_logs"
          }
        ]
      }
    },
	"oak_planks_from_oak_logs": {
      "trigger": "minecraft:recipe_crafted",
      "conditions": {
        "recipe_id": "mc_overhaul:oak_planks_from_oak_logs_woodcutting",
        "ingredients": [
          {
            "items": "#minecraft:oak_logs"
          }
        ]
      }
    },
	"oak_pressure_plate_from_oak_logs": {
      "trigger": "minecraft:recipe_crafted",
      "conditions": {
        "recipe_id": "mc_overhaul:oak_pressure_plate_from_oak_logs_woodcutting",
        "ingredients": [
          {
            "items": "#minecraft:oak_logs"
          }
        ]
      }
    },
	"oak_pressure_plate_from_oak_planks": {
      "trigger": "minecraft:recipe_crafted",
      "conditions": {
        "recipe_id": "mc_overhaul:oak_pressure_plate_from_oak_planks_woodcutting",
        "ingredients": [
          {
            "items": "minecraft:oak_planks"
          }
        ]
      }
    },
	"spruce_button_from_spruce_planks": {
      "trigger": "minecraft:recipe_crafted",
      "conditions": {
        "recipe_id": "mc_overhaul:spruce_button_from_spruce_planks_woodcutting",
        "ingredients": [
          {
            "items": "minecraft:spruce_planks"
          }
        ]
      }
    },
	"spruce_button_from_spruce_logs": {
      "trigger": "minecraft:recipe_crafted",
      "conditions": {
        "recipe_id": "mc_overhaul:spruce_button_from_spruce_logs_woodcutting",
        "ingredients": [
          {
            "items": "#minecraft:spruce_logs"
          }
        ]
      }
    },
	"spruce_planks_from_spruce_logs": {
      "trigger": "minecraft:recipe_crafted",
      "conditions": {
        "recipe_id": "mc_overhaul:spruce_planks_from_spruce_logs_woodcutting",
        "ingredients": [
          {
            "items": "#minecraft:spruce_logs"
          }
        ]
      }
    },
	"spruce_pressure_plate_from_spruce_logs": {
      "trigger": "minecraft:recipe_crafted",
      "conditions": {
        "recipe_id": "mc_overhaul:spruce_pressure_plate_from_spruce_logs_woodcutting",
        "ingredients": [
          {
            "items": "#minecraft:spruce_logs"
          }
        ]
      }
    },
	"spruce_pressure_plate_from_spruce_planks": {
      "trigger": "minecraft:recipe_crafted",
      "conditions": {
        "recipe_id": "mc_overhaul:spruce_pressure_plate_from_spruce_planks_woodcutting",
        "ingredients": [
          {
            "items": "minecraft:spruce_planks"
          }
        ]
      }
    },
	"birch_button_from_birch_planks": {
      "trigger": "minecraft:recipe_crafted",
      "conditions": {
        "recipe_id": "mc_overhaul:birch_button_from_birch_planks_woodcutting",
        "ingredients": [
          {
            "items": "minecraft:birch_planks"
          }
        ]
      }
    },
	"birch_button_from_birch_logs": {
      "trigger": "minecraft:recipe_crafted",
      "conditions": {
        "recipe_id": "mc_overhaul:birch_button_from_birch_logs_woodcutting",
        "ingredients": [
          {
            "items": "#minecraft:birch_logs"
          }
        ]
      }
    },
	"birch_planks_from_birch_logs": {
      "trigger": "minecraft:recipe_crafted",
      "conditions": {
        "recipe_id": "mc_overhaul:birch_planks_from_birch_logs_woodcutting",
        "ingredients": [
          {
            "items": "#minecraft:birch_logs"
          }
        ]
      }
    },
	"birch_pressure_plate_from_birch_logs": {
      "trigger": "minecraft:recipe_crafted",
      "conditions": {
        "recipe_id": "mc_overhaul:birch_pressure_plate_from_birch_logs_woodcutting",
        "ingredients": [
          {
            "items": "#minecraft:birch_logs"
          }
        ]
      }
    },
	"birch_pressure_plate_from_birch_planks": {
      "trigger": "minecraft:recipe_crafted",
      "conditions": {
        "recipe_id": "mc_overhaul:birch_pressure_plate_from_birch_planks_woodcutting",
        "ingredients": [
          {
            "items": "minecraft:birch_planks"
          }
        ]
      }
    },
	"jungle_button_from_jungle_planks": {
      "trigger": "minecraft:recipe_crafted",
      "conditions": {
        "recipe_id": "mc_overhaul:jungle_button_from_jungle_planks_woodcutting",
        "ingredients": [
          {
            "items": "minecraft:jungle_planks"
          }
        ]
      }
    },
	"jungle_button_from_jungle_logs": {
      "trigger": "minecraft:recipe_crafted",
      "conditions": {
        "recipe_id": "mc_overhaul:jungle_button_from_jungle_logs_woodcutting",
        "ingredients": [
          {
            "items": "#minecraft:jungle_logs"
          }
        ]
      }
    },
	"jungle_planks_from_jungle_logs": {
      "trigger": "minecraft:recipe_crafted",
      "conditions": {
        "recipe_id": "mc_overhaul:jungle_planks_from_jungle_logs_woodcutting",
        "ingredients": [
          {
            "items": "#minecraft:jungle_logs"
          }
        ]
      }
    },
	"jungle_pressure_plate_from_jungle_logs": {
      "trigger": "minecraft:recipe_crafted",
      "conditions": {
        "recipe_id": "mc_overhaul:jungle_pressure_plate_from_jungle_logs_woodcutting",
        "ingredients": [
          {
            "items": "#minecraft:jungle_logs"
          }
        ]
      }
    },
	"jungle_pressure_plate_from_jungle_planks": {
      "trigger": "minecraft:recipe_crafted",
      "conditions": {
        "recipe_id": "mc_overhaul:jungle_pressure_plate_from_jungle_planks_woodcutting",
        "ingredients": [
          {
            "items": "minecraft:jungle_planks"
          }
        ]
      }
    },
	"dark_oak_button_from_dark_oak_planks": {
      "trigger": "minecraft:recipe_crafted",
      "conditions": {
        "recipe_id": "mc_overhaul:dark_oak_button_from_dark_oak_planks_woodcutting",
        "ingredients": [
          {
            "items": "minecraft:dark_oak_planks"
          }
        ]
      }
    },
	"dark_oak_button_from_dark_oak_logs": {
      "trigger": "minecraft:recipe_crafted",
      "conditions": {
        "recipe_id": "mc_overhaul:dark_oak_button_from_dark_oak_logs_woodcutting",
        "ingredients": [
          {
            "items": "#minecraft:dark_oak_logs"
          }
        ]
      }
    },
	"dark_oak_planks_from_dark_oak_logs": {
      "trigger": "minecraft:recipe_crafted",
      "conditions": {
        "recipe_id": "mc_overhaul:dark_oak_planks_from_dark_oak_logs_woodcutting",
        "ingredients": [
          {
            "items": "#minecraft:dark_oak_logs"
          }
        ]
      }
    },
	"dark_oak_pressure_plate_from_dark_oak_logs": {
      "trigger": "minecraft:recipe_crafted",
      "conditions": {
        "recipe_id": "mc_overhaul:dark_oak_pressure_plate_from_dark_oak_logs_woodcutting",
        "ingredients": [
          {
            "items": "#minecraft:dark_oak_logs"
          }
        ]
      }
    },
	"dark_oak_pressure_plate_from_dark_oak_planks": {
      "trigger": "minecraft:recipe_crafted",
      "conditions": {
        "recipe_id": "mc_overhaul:dark_oak_pressure_plate_from_dark_oak_planks_woodcutting",
        "ingredients": [
          {
            "items": "minecraft:dark_oak_planks"
          }
        ]
      }
    },
	"mangrove_button_from_mangrove_planks": {
      "trigger": "minecraft:recipe_crafted",
      "conditions": {
        "recipe_id": "mc_overhaul:mangrove_button_from_mangrove_planks_woodcutting",
        "ingredients": [
          {
            "items": "minecraft:mangrove_planks"
          }
        ]
      }
    },
	"mangrove_button_from_mangrove_logs": {
      "trigger": "minecraft:recipe_crafted",
      "conditions": {
        "recipe_id": "mc_overhaul:mangrove_button_from_mangrove_logs_woodcutting",
        "ingredients": [
          {
            "items": "#minecraft:mangrove_logs"
          }
        ]
      }
    },
	"mangrove_planks_from_mangrove_logs": {
      "trigger": "minecraft:recipe_crafted",
      "conditions": {
        "recipe_id": "mc_overhaul:mangrove_planks_from_mangrove_logs_woodcutting",
        "ingredients": [
          {
            "items": "#minecraft:mangrove_logs"
          }
        ]
      }
    },
	"mangrove_pressure_plate_from_mangrove_logs": {
      "trigger": "minecraft:recipe_crafted",
      "conditions": {
        "recipe_id": "mc_overhaul:mangrove_pressure_plate_from_mangrove_logs_woodcutting",
        "ingredients": [
          {
            "items": "#minecraft:mangrove_logs"
          }
        ]
      }
    },
	"mangrove_pressure_plate_from_mangrove_planks": {
      "trigger": "minecraft:recipe_crafted",
      "conditions": {
        "recipe_id": "mc_overhaul:mangrove_pressure_plate_from_mangrove_planks_woodcutting",
        "ingredients": [
          {
            "items": "minecraft:mangrove_planks"
          }
        ]
      }
    },
	"cherry_button_from_cherry_planks": {
      "trigger": "minecraft:recipe_crafted",
      "conditions": {
        "recipe_id": "mc_overhaul:cherry_button_from_cherry_planks_woodcutting",
        "ingredients": [
          {
            "items": "minecraft:cherry_planks"
          }
        ]
      }
    },
	"cherry_button_from_cherry_logs": {
      "trigger": "minecraft:recipe_crafted",
      "conditions": {
        "recipe_id": "mc_overhaul:cherry_button_from_cherry_logs_woodcutting",
        "ingredients": [
          {
            "items": "#minecraft:cherry_logs"
          }
        ]
      }
    },
	"cherry_planks_from_cherry_logs": {
      "trigger": "minecraft:recipe_crafted",
      "conditions": {
        "recipe_id": "mc_overhaul:cherry_planks_from_cherry_logs_woodcutting",
        "ingredients": [
          {
            "items": "#minecraft:cherry_logs"
          }
        ]
      }
    },
	"cherry_pressure_plate_from_cherry_logs": {
      "trigger": "minecraft:recipe_crafted",
      "conditions": {
        "recipe_id": "mc_overhaul:cherry_pressure_plate_from_cherry_logs_woodcutting",
        "ingredients": [
          {
            "items": "#minecraft:cherry_logs"
          }
        ]
      }
    },
	"cherry_pressure_plate_from_cherry_planks": {
      "trigger": "minecraft:recipe_crafted",
      "conditions": {
        "recipe_id": "mc_overhaul:cherry_pressure_plate_from_cherry_planks_woodcutting",
        "ingredients": [
          {
            "items": "minecraft:cherry_planks"
          }
        ]
      }
    },
	"pale_oak_button_from_pale_oak_planks": {
      "trigger": "minecraft:recipe_crafted",
      "conditions": {
        "recipe_id": "mc_overhaul:pale_oak_button_from_pale_oak_planks_woodcutting",
        "ingredients": [
          {
            "items": "minecraft:pale_oak_planks"
          }
        ]
      }
    },
	"pale_oak_button_from_pale_oak_logs": {
      "trigger": "minecraft:recipe_crafted",
      "conditions": {
        "recipe_id": "mc_overhaul:pale_oak_button_from_pale_oak_logs_woodcutting",
        "ingredients": [
          {
            "items": "#minecraft:pale_oak_logs"
          }
        ]
      }
    },
	"pale_oak_planks_from_pale_oak_logs": {
      "trigger": "minecraft:recipe_crafted",
      "conditions": {
        "recipe_id": "mc_overhaul:pale_oak_planks_from_pale_oak_logs_woodcutting",
        "ingredients": [
          {
            "items": "#minecraft:pale_oak_logs"
          }
        ]
      }
    },
	"pale_oak_pressure_plate_from_pale_oak_logs": {
      "trigger": "minecraft:recipe_crafted",
      "conditions": {
        "recipe_id": "mc_overhaul:pale_oak_pressure_plate_from_pale_oak_logs_woodcutting",
        "ingredients": [
          {
            "items": "#minecraft:pale_oak_logs"
          }
        ]
      }
    },
	"pale_oak_pressure_plate_from_pale_oak_planks": {
      "trigger": "minecraft:recipe_crafted",
      "conditions": {
        "recipe_id": "mc_overhaul:pale_oak_pressure_plate_from_pale_oak_planks_woodcutting",
        "ingredients": [
          {
            "items": "minecraft:pale_oak_planks"
          }
        ]
      }
    },
	"crimson_button_from_crimson_planks": {
      "trigger": "minecraft:recipe_crafted",
      "conditions": {
        "recipe_id": "mc_overhaul:crimson_button_from_crimson_planks_woodcutting",
        "ingredients": [
          {
            "items": "minecraft:crimson_planks"
          }
        ]
      }
    },
	"crimson_button_from_crimson_stems": {
      "trigger": "minecraft:recipe_crafted",
      "conditions": {
        "recipe_id": "mc_overhaul:crimson_button_from_crimson_stems_woodcutting",
        "ingredients": [
          {
            "items": "#minecraft:crimson_stems"
          }
        ]
      }
    },
	"crimson_planks_from_crimson_stems": {
      "trigger": "minecraft:recipe_crafted",
      "conditions": {
        "recipe_id": "mc_overhaul:crimson_planks_from_crimson_stems_woodcutting",
        "ingredients": [
          {
            "items": "#minecraft:crimson_stems"
          }
        ]
      }
    },
	"crimson_pressure_plate_from_crimson_stems": {
      "trigger": "minecraft:recipe_crafted",
      "conditions": {
        "recipe_id": "mc_overhaul:crimson_pressure_plate_from_crimson_stems_woodcutting",
        "ingredients": [
          {
            "items": "#minecraft:crimson_stems"
          }
        ]
      }
    },
	"crimson_pressure_plate_from_crimson_planks": {
      "trigger": "minecraft:recipe_crafted",
      "conditions": {
        "recipe_id": "mc_overhaul:crimson_pressure_plate_from_crimson_planks_woodcutting",
        "ingredients": [
          {
            "items": "minecraft:crimson_planks"
          }
        ]
      }
    },
	"warped_button_from_warped_planks": {
      "trigger": "minecraft:recipe_crafted",
      "conditions": {
        "recipe_id": "mc_overhaul:warped_button_from_warped_planks_woodcutting",
        "ingredients": [
          {
            "items": "minecraft:warped_planks"
          }
        ]
      }
    },
	"warped_button_from_warped_stems": {
      "trigger": "minecraft:recipe_crafted",
      "conditions": {
        "recipe_id": "mc_overhaul:warped_button_from_warped_stems_woodcutting",
        "ingredients": [
          {
            "items": "#minecraft:warped_stems"
          }
        ]
      }
    },
	"warped_planks_from_warped_stems": {
      "trigger": "minecraft:recipe_crafted",
      "conditions": {
        "recipe_id": "mc_overhaul:warped_planks_from_warped_stems_woodcutting",
        "ingredients": [
          {
            "items": "#minecraft:warped_stems"
          }
        ]
      }
    },
	"warped_pressure_plate_from_warped_stems": {
      "trigger": "minecraft:recipe_crafted",
      "conditions": {
        "recipe_id": "mc_overhaul:warped_pressure_plate_from_warped_stems_woodcutting",
        "ingredients": [
          {
            "items": "#minecraft:warped_stems"
          }
        ]
      }
    },
	"warped_pressure_plate_from_warped_planks": {
      "trigger": "minecraft:recipe_crafted",
      "conditions": {
        "recipe_id": "mc_overhaul:warped_pressure_plate_from_warped_planks_woodcutting",
        "ingredients": [
          {
            "items": "minecraft:warped_planks"
          }
        ]
      }
    }
  },
  "requirements": [
    [
      "stick_from_log",
      "stick_from_planks",
      "stripped_oak_log_from_oak_log",
      "stripped_oak_wood_from_oak_wood",
	  "stripped_spruce_log_from_spruce_log",
      "stripped_spruce_wood_from_spruce_wood",
	  "stripped_birch_log_from_birch_log",
      "stripped_birch_wood_from_birch_wood",
	  "stripped_jungle_log_from_jungle_log",
      "stripped_jungle_wood_from_jungle_wood",
	  "stripped_acacia_log_from_acacia_log",
      "stripped_acacia_wood_from_acacia_wood",
	  "stripped_dark_oak_log_from_dark_oak_log",
      "stripped_dark_oak_wood_from_dark_oak_wood",
	  "stripped_mangrove_log_from_mangrove_log",
      "stripped_mangrove_wood_from_mangrove_wood",
	  "stripped_cherry_log_from_cherry_log",
      "stripped_cherry_wood_from_cherry_wood",
	  "stripped_pale_oak_log_from_pale_oak_log",
      "stripped_pale_oak_wood_from_pale_oak_wood",
	  "stripped_crimson_hyphae_from_crimson_hyphae",
      "stripped_crimson_stem_from_crimson_stem",
	  "stripped_warped_hyphae_from_warped_hyphae",
      "stripped_warped_stem_from_warped_stem",
	  
	  "oak_button_from_oak_planks",
      "oak_button_from_oak_logs",
      "oak_planks_from_oak_logs",
      "oak_pressure_plate_from_oak_logs",
      "oak_pressure_plate_from_oak_planks",
	  
	  "spruce_button_from_spruce_planks",
      "spruce_button_from_spruce_logs",
      "spruce_planks_from_spruce_logs",
      "spruce_pressure_plate_from_spruce_logs",
      "spruce_pressure_plate_from_spruce_planks",
	  
	  "birch_button_from_birch_planks",
      "birch_button_from_birch_logs",
      "birch_planks_from_birch_logs",
      "birch_pressure_plate_from_birch_logs",
      "birch_pressure_plate_from_birch_planks",
	  
	  "jungle_button_from_jungle_planks",
      "jungle_button_from_jungle_logs",
      "jungle_planks_from_jungle_logs",
      "jungle_pressure_plate_from_jungle_logs",
      "jungle_pressure_plate_from_jungle_planks",
	  
      "acacia_button_from_acacia_planks",
      "acacia_button_from_acacia_logs",
      "acacia_planks_from_acacia_logs",
      "acacia_pressure_plate_from_acacia_logs",
      "acacia_pressure_plate_from_acacia_planks",
	  
	  "dark_oak_button_from_dark_oak_planks",
      "dark_oak_button_from_dark_oak_logs",
      "dark_oak_planks_from_dark_oak_logs",
      "dark_oak_pressure_plate_from_dark_oak_logs",
      "dark_oak_pressure_plate_from_dark_oak_planks",
	  
	  "mangrove_button_from_mangrove_planks",
      "mangrove_button_from_mangrove_logs",
      "mangrove_planks_from_mangrove_logs",
      "mangrove_pressure_plate_from_mangrove_logs",
      "mangrove_pressure_plate_from_mangrove_planks",
	  
	  "cherry_button_from_cherry_planks",
      "cherry_button_from_cherry_logs",
      "cherry_planks_from_cherry_logs",
      "cherry_pressure_plate_from_cherry_logs",
      "cherry_pressure_plate_from_cherry_planks",
	  
	  "pale_oak_button_from_pale_oak_planks",
      "pale_oak_button_from_pale_oak_logs",
      "pale_oak_planks_from_pale_oak_logs",
      "pale_oak_pressure_plate_from_pale_oak_logs",
      "pale_oak_pressure_plate_from_pale_oak_planks",
	  
	  "crimson_button_from_crimson_planks",
      "crimson_button_from_crimson_stems",
      "crimson_planks_from_crimson_stems",
      "crimson_pressure_plate_from_crimson_stems",
      "crimson_pressure_plate_from_crimson_planks",
	  
	  "warped_button_from_warped_planks",
      "warped_button_from_warped_stems",
      "warped_planks_from_warped_stems",
      "warped_pressure_plate_from_warped_stems",
      "warped_pressure_plate_from_warped_planks",
	  
      "bamboo_button_from_bamboo_blocks",
      "bamboo_button_from_bamboo_planks",
      "bamboo_planks_from_bamboo_blocks",
      "bamboo_pressure_plate_from_bamboo_blocks",
      "bamboo_pressure_plate_from_bamboo_planks"
    ]
  ],
  "rewards": {
    "function": "mc_overhaul:recipe/woodcutting_playsound"
  }
}