{
  "criteria": {
	"stick_from_log": {
      "trigger": "minecraft:recipe_crafted",
      "conditions": {
        "recipe_id": "mc_overhaul:stick_from_log_woodcutting",
        "ingredients": [
          {
            "items": "#minecraft:logs_that_burn"
          }
        ]
      }
    },
	"stick_from_planks": {
      "trigger": "minecraft:recipe_crafted",
      "conditions": {
        "recipe_id": "mc_overhaul:stick_from_planks_woodcutting",
        "ingredients": [
          {
            "items": "#minecraft:wooden_tool_materials"
          }
        ]
      }
    },
    "acacia_button_from_acacia_planks": {
      "trigger": "minecraft:recipe_crafted",
      "conditions": {
        "recipe_id": "mc_overhaul:acacia_button_from_acacia_planks_woodcutting",
        "ingredients": [
          {
            "items": "minecraft:acacia_planks"
          }
        ]
      }
    },
	"acacia_button_from_acacia_logs": {
      "trigger": "minecraft:recipe_crafted",
      "conditions": {
        "recipe_id": "mc_overhaul:acacia_button_from_acacia_logs_woodcutting",
        "ingredients": [
          {
            "items": "#minecraft:acacia_logs"
          }
        ]
      }
    },
	"acacia_planks_from_acacia_logs": {
      "trigger": "minecraft:recipe_crafted",
      "conditions": {
        "recipe_id": "mc_overhaul:acacia_planks_from_acacia_logs_woodcutting",
        "ingredients": [
          {
            "items": "#minecraft:acacia_logs"
          }
        ]
      }
    },
	"acacia_pressure_plate_from_acacia_logs": {
      "trigger": "minecraft:recipe_crafted",
      "conditions": {
        "recipe_id": "mc_overhaul:acacia_pressure_plate_from_acacia_logs_woodcutting",
        "ingredients": [
          {
            "items": "#minecraft:acacia_logs"
          }
        ]
      }
    },
	"acacia_pressure_plate_from_acacia_planks": {
      "trigger": "minecraft:recipe_crafted",
      "conditions": {
        "recipe_id": "mc_overhaul:acacia_pressure_plate_from_acacia_planks_woodcutting",
        "ingredients": [
          {
            "items": "minecraft:acacia_planks"
          }
        ]
      }
    },
	"bamboo_button_from_bamboo_blocks": {
      "trigger": "minecraft:recipe_crafted",
      "conditions": {
        "recipe_id": "mc_overhaul:bamboo_button_from_bamboo_blocks_woodcutting",
        "ingredients": [
          {
            "items": "#minecraft:bamboo_blocks"
          }
        ]
      }
    },
	"bamboo_button_from_bamboo_planks": {
      "trigger": "minecraft:recipe_crafted",
      "conditions": {
        "recipe_id": "mc_overhaul:bamboo_button_from_bamboo_planks_woodcutting",
        "ingredients": [
          {
            "items": "minecraft:bamboo_planks"
          }
        ]
      }
    },
	"bamboo_planks_from_bamboo_blocks": {
      "trigger": "minecraft:recipe_crafted",
      "conditions": {
        "recipe_id": "mc_overhaul:bamboo_planks_from_bamboo_blocks_woodcutting",
        "ingredients": [
          {
            "items": "#minecraft:bamboo_blocks"
          }
        ]
      }
    },
	"bamboo_pressure_plate_from_bamboo_blocks": {
      "trigger": "minecraft:recipe_crafted",
      "conditions": {
        "recipe_id": "mc_overhaul:bamboo_pressure_plate_from_bamboo_blocks_woodcutting",
        "ingredients": [
          {
            "items": "#minecraft:bamboo_blocks"
          }
        ]
      }
    },
	"bamboo_pressure_plate_from_bamboo_planks": {
      "trigger": "minecraft:recipe_crafted",
      "conditions": {
        "recipe_id": "mc_overhaul:bamboo_pressure_plate_from_bamboo_planks_woodcutting",
        "ingredients": [
          {
            "items": "minecraft:bamboo_planks"
          }
        ]
      }
    }
  },
  "requirements": [
    [
      "stick_from_log",
      "stick_from_planks",
      "acacia_button_from_acacia_planks",
      "acacia_button_from_acacia_logs",
      "acacia_planks_from_acacia_logs",
      "acacia_pressure_plate_from_acacia_logs",
      "acacia_pressure_plate_from_acacia_planks",
      "bamboo_button_from_bamboo_blocks",
      "bamboo_button_from_bamboo_planks",
      "bamboo_planks_from_bamboo_blocks",
      "bamboo_pressure_plate_from_bamboo_blocks",
      "bamboo_pressure_plate_from_bamboo_planks"
    ]
  ],
  "rewards": {
    "function": "mc_overhaul:recipe/woodcutting_playsound"
  }
}