{
  "type": "minecraft:disk",
  "config": {
    "half_height": 2,
    "radius": {
      "type": "minecraft:clamped_normal",
      "min_inclusive": 2,
      "max_inclusive": 6,
      "mean": 4,
      "deviation": 1.4
    },
    "state_provider": {
      "fallback": {
        "type": "minecraft:simple_state_provider",
        "state": {
          "Name": "minecraft:grass_block"
        }
      },
      "rules": []
    },
    "target": {
	  "type": "minecraft:solid"
    }
  }
}