{
  "type": "minecraft:tree",
  "config": {
    "decorators": [
      {
        "type": "minecraft:leave_vine",
        "probability": 0.25
      }
    ],
    "dirt_provider": {
      "type": "minecraft:simple_state_provider",
      "state": {
        "Name": "minecraft:dirt"
      }
    },
    "foliage_placer": {
      "type": "minecraft:random_spread_foliage_placer",
      "offset": 5,
      "radius": {
        "type": "minecraft:clamped_normal",
        "min_inclusive": 3,
        "max_inclusive": 5,
        "mean": 4,
        "deviation": 0.9
      },
      "foliage_height": {
        "type": "minecraft:clamped_normal",
        "min_inclusive": 4,
        "max_inclusive": 7,
        "mean": 5,
        "deviation": 1.5
      },
      "leaf_placement_attempts": 150
    },
    "foliage_provider": {
      "type": "minecraft:simple_state_provider",
      "state": {
        "Name": "minecraft:oak_leaves",
        "Properties": {
          "distance": "7",
          "persistent": "false",
          "waterlogged": "false"
        }
      }
    },
    "force_dirt": false,
    "ignore_vines": true,
    "minimum_size": {
      "type": "minecraft:two_layers_feature_size",
      "limit": 0,
      "lower_size": 0,
      "min_clipped_height": 4,
      "upper_size": 0
    },
    "trunk_placer": {
      "type": "minecraft:fancy_trunk_placer",
      "base_height": 3,
      "height_rand_a": 11,
      "height_rand_b": 0
    },
    "trunk_provider": {
      "type": "minecraft:simple_state_provider",
      "state": {
        "Name": "minecraft:oak_log",
        "Properties": {
          "axis": "y"
        }
      }
    }
  }
}