{
  "criteria": {
    "in_basalt_deltas": {
      "trigger": "minecraft:location",
      "conditions": {
        "player": {
          "stepping_on": {
            "biomes": "minecraft:basalt_deltas",
            "block": {
              "blocks": [
				"minecraft:basalt",
				"minecraft:blackstone",
				"minecraft:magma_block"
			  ]
            }
          }
        }
      }
    }
  },
  "requirements": [
    [
      "in_basalt_deltas"
    ]
  ],
  "rewards": {
    "function": "mc_overhaul:compendium/in_basalt_deltas"
  }
}
