{
  "criteria": {
    "in_crimson_forest": {
      "trigger": "minecraft:location",
      "conditions": {
        "player": {
          "stepping_on": {
            "biomes": "minecraft:crimson_forest",
            "block": {
              "blocks": [
				"minecraft:crimson_nylium"
			  ]
            }
          }
        }
      }
    }
  },
  "requirements": [
    [
      "in_crimson_forest"
    ]
  ],
  "rewards": {
    "function": "mc_overhaul:compendium/in_crimson_forest"
  }
}
