{
  "criteria": {
    "in_deep_ocean": {
      "trigger": "minecraft:location",
      "conditions": {
        "player": [
          {
            "condition": "minecraft:location_check",
            "predicate": {
              "biomes": "minecraft:deep_ocean",
              "fluid": {
                "fluids": "#minecraft:water"
              }
            }
          }
        ]
      }
    }
  },
  "requirements": [
    [
      "in_deep_ocean"
    ]
  ],
  "rewards": {
    "function": "mc_overhaul:compendium/in_deep_ocean"
  }
}
