{
  "criteria": {
    "in_end_midlands": {
      "trigger": "minecraft:location",
      "conditions": {
        "player": [
          {
            "condition": "minecraft:location_check",
            "predicate": {
              "biomes": "minecraft:end_midlands",
              "can_see_sky": true
            }
          },
          {
            "condition": "minecraft:inverted",
            "term": {
              "condition": "minecraft:location_check",
              "offsetY": -1,
              "predicate": {
                "block": {
                  "blocks": "minecraft:air"
                }
              }
            }
          }
        ]
      }
    }
  },
  "requirements": [
    [
      "in_end_midlands"
    ]
  ],
  "rewards": {
    "function": "mc_overhaul:compendium/in_end_midlands"
  }
}
