{
  "criteria": {
    "in_frozen_ocean": {
        "trigger": "minecraft:location",
        "conditions": {
            "player": [
                {
                    "condition": "minecraft:location_check",
                    "predicate": {
                        "biomes": "minecraft:frozen_ocean",
                        "fluid": {
                            "fluids": "#minecraft:water"
                        }
                    }
                }
            ]
        }
    }
  },
  "requirements": [
    [
      "in_frozen_ocean"
    ]
  ],
  "rewards": {
    "function": "mc_overhaul:compendium/in_frozen_ocean"
  }
}
