{
    "display": {
        "icon": {
            "id": "minecraft:emerald",
            "components": {
                "minecraft:custom_model_data": {
                    "strings": [
                        "dark_forest"
                    ]
                }
            }
        },
        "title": {
            "translate": "compendium.biomes.dark_forest.title",
            "bold": true,
            "extra": [
                {
                    "text": " -------]"
                }
            ]
        },
        "description": {
            "translate": "compendium.biomes.dark_forest.description",
            "extra": [
                {
                    "translate": "compendium.biomes.dark_forest.info",
                    "color": "gray"
                }
            ]
        },
        "frame": "goal",
        "show_toast": false,
        "announce_to_chat": false,
        "hidden": true
    },
    "parent": "mc_overhaul:compendium/biomes/unlock_birch_forest",
    "criteria": {
        "in_dark_forest": {
            "trigger": "minecraft:location",
            "conditions": {
                "player": {
                    "location": {
                        "can_see_sky": true
                    },
                    "stepping_on": {
                        "biomes": "minecraft:dark_forest",
                        "block": {
                            "blocks": "minecraft:grass_block"
                        }
                    }
                }
            }
        }
    },
    "requirements": [
        [
            "in_dark_forest"
        ]
    ],
    "rewards": {
        "function": "mc_overhaul:compendium/in_dark_forest"
    }
}