{
    "display": {
        "icon": {
            "id": "minecraft:emerald",
            "components": {
                "minecraft:custom_model_data": {
                    "strings": [
                        "lush_caves"
                    ]
                }
            }
        },
        "title": {
            "translate": "compendium.biomes.lush_caves.title",
            "bold": true,
            "extra": [
                {
                    "text": " --------]"
                }
            ]
        },
        "description": {
            "translate": "compendium.biomes.lush_caves.description",
            "extra": [
                {
                    "translate": "compendium.biomes.lush_caves.info",
                    "color": "gray"
                }
            ]
        },
        "frame": "goal",
        "show_toast": false,
        "announce_to_chat": false,
        "hidden": true
    },
    "parent": "mc_overhaul:compendium/biomes",
    "criteria": {
        "in_lush_caves": {
            "trigger": "minecraft:location",
            "conditions": {
                "player": {
                    "stepping_on": {
                        "biomes": "minecraft:lush_caves",
                        "block": {
                            "blocks": [
                                "minecraft:moss_block",
                                "minecraft:moss_carpet",
                                "minecraft:azalea",
                                "minecraft:flowering_azalea",
                                "minecraft:big_dripleaf"
                            ]
                        }
                    }
                }
            }
        }
    },
    "requirements": [
        [
            "in_lush_caves"
        ]
    ],
    "rewards": {
        "function": "mc_overhaul:compendium/in_lush_caves"
    }
}