{
    "display": {
        "icon": {
            "id": "minecraft:emerald",
            "components": {
                "minecraft:custom_model_data": {
                    "strings": [
                        "warped_forest"
                    ]
                }
            }
        },
        "title": {
            "translate": "compendium.biomes.warped_forest.title",
            "bold": true,
            "extra": [
                {
                    "text": " -----]"
                }
            ]
        },
        "description": {
            "translate": "compendium.biomes.warped_forest.description",
            "extra": [
                {
                    "translate": "compendium.biomes.warped_forest.info",
                    "color": "gray"
                }
            ]
        },
        "frame": "goal",
        "show_toast": false,
        "announce_to_chat": false,
        "hidden": true
    },
    "parent": "mc_overhaul:compendium/biomes/unlock_crimson_forest",
    "criteria": {
        "in_warped_forest": {
            "trigger": "minecraft:location",
            "conditions": {
                "player": {
                    "stepping_on": {
                        "biomes": "minecraft:warped_forest",
                        "block": {
                            "blocks": "minecraft:warped_nylium"
                        }
                    }
                }
            }
        },
        "in_crimson_forest": {
            "trigger": "minecraft:location",
            "conditions": {
                "player": {
                    "stepping_on": {
                        "biomes": "minecraft:crimson_forest",
                        "block": {
                            "blocks": [
                                "minecraft:crimson_nylium"
                            ]
                        }
                    }
                }
            }
        }
    },
    "requirements": [
        [
            "in_warped_forest"
        ],
        [
            "in_crimson_forest"
        ]
    ]
}