{
    "display": {
        "icon": {
            "id": "minecraft:emerald",
            "components": {
                "minecraft:custom_model_data": {
                    "strings": [
                        "dripstone_caves"
                    ]
                }
            }
        },
        "title": {
            "translate": "compendium.biomes.dripstone_caves.title",
            "bold": true,
            "extra": [
                {
                    "text": " ---]"
                }
            ]
        },
        "description": {
            "translate": "compendium.biomes.dripstone_caves.description",
            "extra": [
                {
                    "translate": "compendium.biomes.dripstone_caves.info",
                    "color": "gray"
                }
            ]
        },
        "frame": "goal",
        "show_toast": false,
        "announce_to_chat": false,
        "hidden": true
    },
    "parent": "mc_overhaul:compendium/biomes/unlock_lush_caves",
    "criteria": {
        "in_dripstone_caves": {
            "trigger": "minecraft:location",
            "conditions": {
                "player": {
                    "stepping_on": {
                        "biomes": "minecraft:dripstone_caves",
                        "block": {
                            "blocks": [
                                "minecraft:dripstone_block",
                                "minecraft:pointed_dripstone"
                            ]
                        }
                    }
                }
            }
        }
    },
    "requirements": [
        [
            "in_dripstone_caves"
        ]
    ],
    "rewards": {
        "function": "mc_overhaul:compendium/in_dripstone_caves"
    }
}