{
  "display": {
    "icon": {
      "id": "minecraft:emerald",
      "components": {
        "minecraft:custom_model_data": {
          "strings": [
            "taiga"
          ]
        }
      }
    },
    "title": {
      "translate": "compendium.biomes.taiga.title",
      "bold": true,
      "extra": [
        {
          "text": " -------------]"
        }
      ]
    },
    "description": {
      "translate": "compendium.biomes.taiga.description",
      "extra": [
        {
          "translate": "compendium.biomes.taiga.info",
          "color": "gray"
        }
      ]
    },
    "frame": "goal",
    "show_toast": false,
    "announce_to_chat": false,
    "hidden": true
  },
  "parent": "mc_overhaul:compendium/biomes/unlock_forest",
  "criteria": {
    "in_taiga": {
      "trigger": "minecraft:location",
      "conditions": {
        "player": [
          {
            "condition": "minecraft:location_check",
            "predicate": {
              "biomes": "minecraft:taiga",
              "can_see_sky": true
            }
          },
          {
            "condition": "minecraft:inverted",
            "term": {
              "condition": "minecraft:location_check",
              "offsetY": -1,
              "predicate": {
                "block": {
                  "blocks": "minecraft:air"
                }
              }
            }
          }
        ]
      }
    },
    "in_snowy_taiga": {
      "trigger": "minecraft:location",
      "conditions": {
        "player": [
          {
            "condition": "minecraft:location_check",
            "predicate": {
              "biomes": "minecraft:snowy_taiga",
              "can_see_sky": true
            }
          },
          {
            "condition": "minecraft:inverted",
            "term": {
              "condition": "minecraft:location_check",
              "offsetY": -1,
              "predicate": {
                "block": {
                  "blocks": "minecraft:air"
                }
              }
            }
          }
        ]
      }
    },
    "in_old_growth_spruce_taiga": {
      "trigger": "minecraft:location",
      "conditions": {
        "player": [
          {
            "condition": "minecraft:location_check",
            "predicate": {
              "biomes": "minecraft:old_growth_spruce_taiga",
              "can_see_sky": true
            }
          },
          {
            "condition": "minecraft:inverted",
            "term": {
              "condition": "minecraft:location_check",
              "offsetY": -1,
              "predicate": {
                "block": {
                  "blocks": "minecraft:air"
                }
              }
            }
          }
        ]
      }
    },
    "in_old_growth_pine_taiga": {
      "trigger": "minecraft:location",
      "conditions": {
        "player": [
          {
            "condition": "minecraft:location_check",
            "predicate": {
              "biomes": "minecraft:old_growth_pine_taiga",
              "can_see_sky": true
            }
          },
          {
            "condition": "minecraft:inverted",
            "term": {
              "condition": "minecraft:location_check",
              "offsetY": -1,
              "predicate": {
                "block": {
                  "blocks": "minecraft:air"
                }
              }
            }
          }
        ]
      }
    }
  },
  "requirements": [
    [
      "in_taiga"
    ],
	[
	  "in_old_growth_spruce_taiga"
	],
	[
	  "in_old_growth_pine_taiga"
	],
    [
      "in_snowy_taiga"
    ]
  ]
}