{
    "display": {
        "icon": {
            "id": "minecraft:emerald",
            "components": {
                "minecraft:custom_model_data": {
                    "strings": [
                        "deep_dark"
                    ]
                }
            }
        },
        "title": {
            "translate": "compendium.biomes.deep_dark.title",
            "bold": true,
            "extra": [
                {
                    "text": " ---------]"
                }
            ]
        },
        "description": {
            "translate": "compendium.biomes.deep_dark.description",
            "extra": [
                {
                    "translate": "compendium.biomes.deep_dark.info",
                    "color": "gray"
                }
            ]
        },
        "frame": "goal",
        "show_toast": false,
        "announce_to_chat": false,
        "hidden": true
    },
    "parent": "mc_overhaul:compendium/biomes/unlock_dripstone_caves",
    "criteria": {
        "in_deep_dark": {
            "trigger": "minecraft:location",
            "conditions": {
                "player": {
                    "stepping_on": {
                        "biomes": "minecraft:deep_dark",
                        "block": {
                            "blocks": [
                                "minecraft:sculk",
                                "minecraft:sculk_catalyst",
                                "minecraft:sculk_shrieker",
                                "minecraft:sculk_sensor"
                            ]
                        }
                    }
                }
            }
        }
    },
    "requirements": [
        [
            "in_deep_dark"
        ]
    ],
    "rewards": {
        "function": "mc_overhaul:compendium/in_deep_dark"
    }
}