{
    "display": {
        "icon": {
            "id": "minecraft:emerald",
            "components": {
                "minecraft:custom_model_data": {
                    "strings": [
                        "crimson_forest"
                    ]
                }
            }
        },
        "title": {
            "translate": "compendium.biomes.crimson_forest.title",
            "bold": true,
            "extra": [
                {
                    "text": " ----]"
                }
            ]
        },
        "description": {
            "translate": "compendium.biomes.crimson_forest.description",
            "extra": [
                {
                    "translate": "compendium.biomes.crimson_forest.info",
                    "color": "gray"
                }
            ]
        },
        "frame": "goal",
        "show_toast": false,
        "announce_to_chat": false,
        "hidden": true
    },
    "parent": "mc_overhaul:compendium/biomes/unlock_nether_wastes",
    "criteria": {
        "in_crimson_forest": {
            "trigger": "minecraft:location",
            "conditions": {
                "player": {
                    "stepping_on": {
                        "biomes": "minecraft:crimson_forest",
                        "block": {
                            "blocks": [
                                "minecraft:crimson_nylium"
                            ]
                        }
                    }
                }
            }
        },
        "in_nether_wastes": {
            "trigger": "minecraft:location",
            "conditions": {
                "player": {
                    "stepping_on": {
                        "biomes": "minecraft:nether_wastes",
                        "block": {
                            "blocks": "minecraft:netherrack"
                        }
                    }
                }
            }
        }
    },
    "requirements": [
        [
            "in_crimson_forest"
        ],
        [
            "in_nether_wastes"
        ]
    ]
}