{
    "display": {
        "icon": {
            "id": "minecraft:emerald",
            "components": {
                "minecraft:custom_model_data": {
                    "strings": [
                        "taiga"
                    ]
                }
            }
        },
        "title": {
            "translate": "compendium.biomes.taiga.title",
            "bold": true,
            "extra": [
                {
                    "text": " -------------]"
                }
            ]
        },
        "description": {
            "translate": "compendium.biomes.taiga.description",
            "extra": [
                {
                    "translate": "compendium.biomes.taiga.info",
                    "color": "gray"
                }
            ]
        },
        "frame": "goal",
        "show_toast": false,
        "announce_to_chat": false,
        "hidden": true
    },
    "parent": "mc_overhaul:compendium/biomes/unlock_forest",
    "criteria": {
        "obtain_sweet_berry": {
            "trigger": "minecraft:inventory_changed",
            "conditions": {
                "items": [
                    {
                        "items": "minecraft:sweet_berries"
                    }
                ]
            }
        },
        "in_taiga": {
            "trigger": "minecraft:location",
            "conditions": {
                "player": [
                    {
                        "condition": "minecraft:location_check",
                        "predicate": {
                            "biomes": "minecraft:taiga",
                            "can_see_sky": true
                        }
                    },
                    {
                        "condition": "minecraft:inverted",
                        "term": {
                            "condition": "minecraft:location_check",
                            "offsetY": -1,
                            "predicate": {
                                "block": {
                                    "blocks": "minecraft:air"
                                }
                            }
                        }
                    }
                ]
            }
        },
        "in_snowy_taiga": {
            "trigger": "minecraft:location",
            "conditions": {
                "player": [
                    {
                        "condition": "minecraft:location_check",
                        "predicate": {
                            "biomes": "minecraft:snowy_taiga",
                            "can_see_sky": true
                        }
                    },
                    {
                        "condition": "minecraft:inverted",
                        "term": {
                            "condition": "minecraft:location_check",
                            "offsetY": -1,
                            "predicate": {
                                "block": {
                                    "blocks": "minecraft:air"
                                }
                            }
                        }
                    }
                ]
            }
        }
    },
    "requirements": [
        [
            "obtain_sweet_berry"
        ],
        [
            "in_taiga"
        ],
        [
            "in_snowy_taiga"
        ]
    ]
}