{
    "display": {
        "icon": {
            "id": "minecraft:emerald",
            "components": {
                "minecraft:custom_model_data": {
                    "strings": [
                        "ocean"
                    ]
                }
            }
        },
        "title": {
            "translate": "compendium.biomes.ocean.title",
            "bold": true,
            "extra": [
                {
                    "text": " -------------]"
                }
            ]
        },
        "description": {
            "translate": "compendium.biomes.ocean.description",
            "extra": [
                {
                    "translate": "compendium.biomes.ocean.info",
                    "color": "gray"
                }
            ]
        },
        "frame": "goal",
        "show_toast": false,
        "announce_to_chat": false,
        "hidden": true
    },
    "parent": "mc_overhaul:compendium/biomes/unlock_beach",
    "criteria": {
        "in_deep_cold_ocean": {
            "trigger": "minecraft:location",
            "conditions": {
                "player": [
                    {
                        "condition": "minecraft:location_check",
                        "predicate": {
                            "biomes": "minecraft:deep_cold_ocean",
                            "fluid": {
                                "fluids": "#minecraft:water"
                            }
                        }
                    }
                ]
            }
        },
        "in_cold_ocean": {
            "trigger": "minecraft:location",
            "conditions": {
                "player": [
                    {
                        "condition": "minecraft:location_check",
                        "predicate": {
                            "biomes": "minecraft:cold_ocean",
                            "fluid": {
                                "fluids": "#minecraft:water"
                            }
                        }
                    }
                ]
            }
        },
        "in_deep_lukewarm_ocean": {
            "trigger": "minecraft:location",
            "conditions": {
                "player": [
                    {
                        "condition": "minecraft:location_check",
                        "predicate": {
                            "biomes": "minecraft:deep_lukewarm_ocean",
                            "fluid": {
                                "fluids": "#minecraft:water"
                            }
                        }
                    }
                ]
            }
        },
        "in_lukewarm_ocean": {
            "trigger": "minecraft:location",
            "conditions": {
                "player": [
                    {
                        "condition": "minecraft:location_check",
                        "predicate": {
                            "biomes": "minecraft:lukewarm_ocean",
                            "fluid": {
                                "fluids": "#minecraft:water"
                            }
                        }
                    }
                ]
            }
        },
        "in_deep_ocean": {
            "trigger": "minecraft:location",
            "conditions": {
                "player": [
                    {
                        "condition": "minecraft:location_check",
                        "predicate": {
                            "biomes": "minecraft:deep_ocean",
                            "fluid": {
                                "fluids": "#minecraft:water"
                            }
                        }
                    }
                ]
            }
        },
        "in_ocean": {
            "trigger": "minecraft:location",
            "conditions": {
                "player": [
                    {
                        "condition": "minecraft:location_check",
                        "predicate": {
                            "biomes": "minecraft:ocean",
                            "fluid": {
                                "fluids": "#minecraft:water"
                            }
                        }
                    }
                ]
            }
        }
    },
    "requirements": [
        [
            "in_deep_cold_ocean"
        ],
        [
            "in_cold_ocean"
        ],
        [
            "in_deep_lukewarm_ocean"
        ],
        [
            "in_lukewarm_ocean"
        ],
        [
            "in_deep_ocean"
        ],
        [
            "in_ocean"
        ]
    ]
}