{
    "display": {
        "icon": {
            "id": "minecraft:emerald",
            "components": {
                "minecraft:custom_model_data": {
                    "strings": [
                        "mangrove_swamp"
                    ]
                }
            }
        },
        "title": {
            "translate": "compendium.biomes.mangrove_swamp.title",
            "bold": true,
            "extra": [
                {
                    "text": " ----]"
                }
            ]
        },
        "description": {
            "translate": "compendium.biomes.mangrove_swamp.description",
            "extra": [
                {
                    "translate": "compendium.biomes.mangrove_swamp.info",
                    "color": "gray"
                }
            ]
        },
        "frame": "goal",
        "show_toast": false,
        "announce_to_chat": false,
        "hidden": true
    },
    "parent": "mc_overhaul:compendium/biomes/unlock_swamp",
    "criteria": {
        "in_mangrove_swamp": {
            "trigger": "minecraft:location",
            "conditions": {
                "player": {
                    "location": {
                        "can_see_sky": true
                    },
                    "stepping_on": {
                        "biomes": "minecraft:mangrove_swamp",
                        "block": {
                            "blocks": [
                                "minecraft:mud",
                                "minecraft:muddy_mangrove_roots",
                                "minecraft:mangrove_roots",
                                "minecraft:moss_carpet",
                                "minecraft:grass_block",
                                "minecraft:lily_pad"
                            ]
                        }
                    }
                }
            }
        }
    },
    "requirements": [
        [
            "in_mangrove_swamp"
        ]
    ],
    "rewards": {
        "function": "mc_overhaul:compendium/in_mangrove_swamp"
    }
}