{
    "display": {
        "icon": {
            "id": "minecraft:emerald",
            "components": {
                "minecraft:custom_model_data": {
                    "strings": [
                        "scrubland"
                    ]
                }
            }
        },
        "title": {
            "translate": "compendium.biomes.scrubland.title",
            "bold": true,
            "extra": [
                {
                    "text": " ---------]"
                }
            ]
        },
        "description": {
            "translate": "compendium.biomes.scrubland.description",
            "extra": [
                {
                    "translate": "compendium.biomes.scrubland.info",
                    "color": "gray"
                }
            ]
        },
        "frame": "goal",
        "show_toast": false,
        "announce_to_chat": false,
        "hidden": true
    },
    "parent": "mc_overhaul:compendium/biomes/unlock_plains",
    "criteria": {
        "in_scrubland": {
            "trigger": "minecraft:location",
            "conditions": {
                "player": [
                    {
                        "condition": "minecraft:location_check",
                        "predicate": {
                            "biomes": "mc_overhaul:scrubland",
                            "can_see_sky": true
                        }
                    },
                    {
                        "condition": "minecraft:inverted",
                        "term": {
                            "condition": "minecraft:location_check",
                            "offsetY": -1,
                            "predicate": {
                                "block": {
                                    "blocks": "minecraft:air"
                                }
                            }
                        }
                    }
                ]
            }
        }
    },
    "requirements": [
        [
            "in_scrubland"
        ]
    ],
    "rewards": {
        "function": "mc_overhaul:compendium/in_scrubland"
    }
}