{
    "display": {
        "icon": {
            "id": "minecraft:emerald",
            "components": {
                "minecraft:custom_model_data": {
                    "strings": [
                        "end_highlands"
                    ]
                }
            }
        },
        "title": {
            "translate": "compendium.biomes.end_highlands.title",
            "bold": true,
            "extra": [
                {
                    "text": " ----]"
                }
            ]
        },
        "description": {
            "translate": "compendium.biomes.end_highlands.description"
        },
        "frame": "goal",
        "show_toast": false,
        "announce_to_chat": false,
        "hidden": true
    },
    "parent": "mc_overhaul:compendium/biomes/unlock_the_end",
    "criteria": {
        "in_end_highlands": {
            "trigger": "minecraft:location",
            "conditions": {
                "player": [
                    {
                        "condition": "minecraft:location_check",
                        "predicate": {
                            "biomes": "minecraft:end_highlands",
                            "can_see_sky": true
                        }
                    },
                    {
                        "condition": "minecraft:inverted",
                        "term": {
                            "condition": "minecraft:location_check",
                            "offsetY": -1,
                            "predicate": {
                                "block": {
                                    "blocks": "minecraft:air"
                                }
                            }
                        }
                    }
                ]
            }
        },
        "in_end_barrens": {
            "trigger": "minecraft:location",
            "conditions": {
                "player": [
                    {
                        "condition": "minecraft:location_check",
                        "predicate": {
                            "biomes": "minecraft:end_barrens",
                            "can_see_sky": true
                        }
                    },
                    {
                        "condition": "minecraft:inverted",
                        "term": {
                            "condition": "minecraft:location_check",
                            "offsetY": -1,
                            "predicate": {
                                "block": {
                                    "blocks": "minecraft:air"
                                }
                            }
                        }
                    }
                ]
            }
        },
        "in_end_midlands": {
            "trigger": "minecraft:location",
            "conditions": {
                "player": [
                    {
                        "condition": "minecraft:location_check",
                        "predicate": {
                            "biomes": "minecraft:end_midlands",
                            "can_see_sky": true
                        }
                    },
                    {
                        "condition": "minecraft:inverted",
                        "term": {
                            "condition": "minecraft:location_check",
                            "offsetY": -1,
                            "predicate": {
                                "block": {
                                    "blocks": "minecraft:air"
                                }
                            }
                        }
                    }
                ]
            }
        }
    },
    "requirements": [
        [
            "in_end_highlands"
        ],
        [
            "in_end_barrens"
        ],
        [
            "in_end_midlands"
        ]
    ]
}