{
    "display": {
        "icon": {
            "id": "minecraft:emerald",
            "components": {
                "minecraft:custom_model_data": {
                    "strings": [
                        "frozen_ocean"
                    ]
                }
            }
        },
        "title": {
            "translate": "compendium.biomes.frozen_ocean.title",
            "bold": true,
            "extra": [
                {
                    "text": " ------]"
                }
            ]
        },
        "description": {
            "translate": "compendium.biomes.frozen_ocean.description",
            "extra": [
                {
                    "translate": "compendium.biomes.frozen_ocean.info",
                    "color": "gray"
                }
            ]
        },
        "frame": "goal",
        "show_toast": false,
        "announce_to_chat": false,
        "hidden": true
    },
    "parent": "mc_overhaul:compendium/biomes/unlock_snowy_beach",
    "criteria": {
        "in_frozen_ocean": {
            "trigger": "minecraft:location",
            "conditions": {
                "player": [
                    {
                        "condition": "minecraft:location_check",
                        "predicate": {
                            "biomes": "minecraft:frozen_ocean",
                            "fluid": {
                                "fluids": "#minecraft:water"
                            }
                        }
                    }
                ]
            }
        },
        "in_deep_frozen_ocean": {
            "trigger": "minecraft:location",
            "conditions": {
                "player": [
                    {
                        "condition": "minecraft:location_check",
                        "predicate": {
                            "biomes": "minecraft:deep_frozen_ocean",
                            "fluid": {
                                "fluids": "#minecraft:water"
                            }
                        }
                    }
                ]
            }
        }
    },
    "requirements": [
        [
            "in_frozen_ocean"
        ],
        [
            "in_deep_frozen_ocean"
        ]
    ]
}