{
  "display": {
    "icon": {
      "id": "minecraft:emerald",
      "components": {
        "minecraft:custom_model_data": {
          "strings": [
            "cherry_grove"
          ]
        }
      }
    },
    "title": {
      "translate": "compendium.biomes.cherry_grove.title",
      "bold": true,
      "extra": [
        {
          "text": " ------]"
        }
      ]
    },
    "description": {
      "translate": "compendium.biomes.cherry_grove.description",
      "extra": [
        {
          "translate": "compendium.biomes.cherry_grove.info",
          "color": "gray"
        }
      ]
    },
    "frame": "goal",
    "show_toast": false,
    "announce_to_chat": false,
    "hidden": true
  },
  "parent": "mc_overhaul:compendium/biomes",
  "criteria": {
    "in_cherry_grove": {
      "trigger": "minecraft:location",
      "conditions": {
        "player": [
          {
            "condition": "minecraft:location_check",
            "predicate": {
              "biomes": "minecraft:cherry_grove",
              "can_see_sky": true
            }
          },
          {
            "condition": "minecraft:inverted",
            "term": {
              "condition": "minecraft:location_check",
              "offsetY": -1,
              "predicate": {
                "block": {
                  "blocks": "minecraft:air"
                }
              }
            }
          }
        ]
      }
    },
    "in_snowy_cherry_grove": {
      "trigger": "minecraft:location",
      "conditions": {
        "player": [
          {
            "condition": "minecraft:location_check",
            "predicate": {
              "biomes": "mc_overhaul:snowy_cherry_grove",
              "can_see_sky": true
            }
          },
          {
            "condition": "minecraft:inverted",
            "term": {
              "condition": "minecraft:location_check",
              "offsetY": -1,
              "predicate": {
                "block": {
                  "blocks": "minecraft:air"
                }
              }
            }
          }
        ]
      }
    }
  },
  "requirements": [
    [
      "in_cherry_grove"
    ],
	[
	  "in_snowy_cherry_grove"
	]
  ]
}