{
    "display": {
        "icon": {
            "id": "minecraft:emerald",
            "components": {
                "minecraft:custom_model_data": {
                    "strings": [
                        "nether_wastes"
                    ]
                }
            }
        },
        "title": {
            "translate": "compendium.biomes.nether_wastes.title",
            "bold": true,
            "extra": [
                {
                    "text": " -----]"
                }
            ]
        },
        "description": {
            "translate": "compendium.biomes.nether_wastes.description"
        },
        "frame": "goal",
        "show_toast": false,
        "announce_to_chat": false,
        "hidden": true
    },
    "parent": "mc_overhaul:compendium/biomes",
    "criteria": {
        "in_nether_wastes": {
            "trigger": "minecraft:location",
            "conditions": {
                "player": {
                    "stepping_on": {
                        "biomes": "minecraft:nether_wastes",
                        "block": {
                            "blocks": "minecraft:netherrack"
                        }
                    }
                }
            }
        }
    },
    "requirements": [
        [
            "in_nether_wastes"
        ]
    ],
    "rewards": {
        "function": "mc_overhaul:compendium/in_nether_wastes"
    }
}