{
    "display": {
        "icon": {
            "id": "minecraft:emerald",
            "components": {
                "minecraft:custom_model_data": {
                    "strings": [
                        "soul_sand_valley"
                    ]
                }
            }
        },
        "title": {
            "translate": "compendium.biomes.soul_sand_valley.title",
            "bold": true,
            "extra": [
                {
                    "text": " --]"
                }
            ]
        },
        "description": {
            "translate": "compendium.biomes.soul_sand_valley.description",
            "extra": [
                {
                    "translate": "compendium.biomes.soul_sand_valley.info",
                    "color": "gray"
                }
            ]
        },
        "frame": "goal",
        "show_toast": false,
        "announce_to_chat": false,
        "hidden": true
    },
    "parent": "mc_overhaul:compendium/biomes/unlock_nether_wastes",
    "criteria": {
        "in_soul_sand_valley": {
            "trigger": "minecraft:location",
            "conditions": {
                "player": {
                    "stepping_on": {
                        "biomes": "minecraft:soul_sand_valley",
                        "block": {
                            "blocks": [
                                "minecraft:soul_sand",
                                "minecraft:soul_soil",
                                "minecraft:bone_block"
                            ]
                        }
                    }
                }
            }
        }
    },
    "requirements": [
        [
            "in_soul_sand_valley"
        ]
    ],
    "rewards": {
        "function": "mc_overhaul:compendium/in_soul_sand_valley"
    }
}