{
  "condition": "minecraft:any_of",
  "terms": [
    {
      "condition": "minecraft:location_check",
      "predicate": {
        "structures": "minecraft:pillager_outpost"
      }
    },
    {
      "condition": "minecraft:all_of",
      "terms": [
        {
          "condition": "minecraft:location_check",
          "predicate": {
            "biomes": [
              "minecraft:beach",
              "minecraft:meadow",
              "minecraft:plains",
              "minecraft:snowy_beach",
              "minecraft:snowy_plains",
              "minecraft:sunflower_plains"
            ],
            "can_see_sky": true
          }
        },
        {
          "condition": "minecraft:inverted",
          "term": {
            "condition": "minecraft:reference",
            "name": "mc_overhaul:raining_or_thundering"
          }
        }
      ]
    },
    {
      "condition": "minecraft:location_check",
      "predicate": {
        "biomes": [
		  "minecraft:badlands",
          "minecraft:desert",
          "minecraft:savanna"
        ],
        "can_see_sky": true
      }
    }
  ]
}
