{
  "condition": "minecraft:all_of",
  "terms": [
    {
      "condition": "minecraft:inverted",
      "term": {
        "condition": "minecraft:entity_properties",
        "entity": "this",
        "predicate": {
          "slots": {
            "armor.head": {
              "items": "#minecraft:head_armor"
            },
            "armor.chest": {
              "items": "#minecraft:chest_armor"
            },
            "armor.legs": {
              "items": "#minecraft:leg_armor"
            },
            "armor.feet": {
              "items": "#minecraft:foot_armor"
            }
          }
        }
      }
    },
    {
      "condition": "minecraft:entity_properties",
      "entity": "this",
      "predicate": {
        "location": {
          "block": {
            "blocks": "minecraft:rose_bush"
          }
        },
        "movement": {
          "speed": {
            "min": 0.1
          }
        }
      }
    }
  ]
}