{
    "display": {
        "icon": {
            "id": "minecraft:emerald",
            "components": {
                "minecraft:custom_model_data": {
                    "strings": [
                        "ancient_city"
                    ]
                }
            }
        },
        "title": {
            "translate": "compendium.structures.ancient_city.title",
            "bold": true
        },
        "description": {
            "translate": "compendium.structures.ancient_city.description"
        },
        "frame": "task",
        "announce_to_chat": false,
        "hidden": true
    },
    "parent": "mc_overhaul:compendium/structures",
    "criteria": {
        "in_ancient_city": {
            "trigger": "minecraft:location",
            "conditions": {
                "player": [
                    {
                        "condition": "minecraft:location_check",
                        "predicate": {
                            "structures": "minecraft:ancient_city"
                        }
                    }
                ]
            }
        }
    },
    "requirements": [
        [
            "in_ancient_city"
        ]
    ]
}