{
    "display": {
        "icon": {
            "id": "minecraft:emerald",
            "components": {
                "minecraft:custom_model_data": {
                    "strings": [
                        "buried_treasure"
                    ]
                }
            }
        },
        "title": {
            "translate": "compendium.structures.buried_treasure.title",
            "bold": true
        },
        "description": {
            "translate": "compendium.structures.buried_treasure.description"
        },
        "frame": "task",
        "announce_to_chat": false,
        "hidden": true
    },
    "parent": "mc_overhaul:compendium/structures/shipwreck",
    "criteria": {
        "loot_buried_treasure": {
            "trigger": "minecraft:player_generates_container_loot",
            "conditions": {
                "loot_table": "minecraft:chests/buried_treasure"
            }
        }
    },
    "requirements": [
        [
            "loot_buried_treasure"
        ]
    ]
}