{
    "display": {
        "icon": {
            "id": "minecraft:emerald",
            "components": {
                "minecraft:custom_model_data": {
                    "strings": [
                        "mineshaft_mesa"
                    ]
                }
            }
        },
        "title": {
            "translate": "compendium.structures.mineshaft_mesa.title",
            "bold": true
        },
        "description": {
            "translate": "compendium.structures.mineshaft_mesa.description"
        },
        "frame": "task",
        "announce_to_chat": false,
        "hidden": true
    },
    "parent": "mc_overhaul:compendium/structures/mineshaft",
    "criteria": {
        "in_mineshaft_mesa": {
            "trigger": "minecraft:location",
            "conditions": {
                "player": [
                    {
                        "condition": "minecraft:location_check",
                        "predicate": {
                            "structures": "minecraft:mineshaft_mesa"
                        }
                    }
                ]
            }
        }
    },
    "requirements": [
        [
            "in_mineshaft_mesa"
        ]
    ]
}