{
    "display": {
        "icon": {
            "id": "minecraft:emerald",
            "components": {
                "minecraft:custom_model_data": {
                    "strings": [
                        "nether_fossil"
                    ]
                }
            }
        },
        "title": {
            "translate": "compendium.structures.nether_fossil.title",
            "bold": true
        },
        "description": {
            "translate": "compendium.structures.nether_fossil.description"
        },
        "frame": "task",
        "announce_to_chat": false,
        "hidden": true
    },
    "parent": "mc_overhaul:compendium/structures/ruined_portal",
    "criteria": {
        "near_fossil": {
            "trigger": "minecraft:location",
            "conditions": {
                "player": [
                    {
                        "condition": "minecraft:location_check",
                        "predicate": {
                            "structures": "minecraft:nether_fossil"
                        }
                    }
                ]
            }
        },
        "study_fossil": {
            "trigger": "minecraft:impossible"
        }
    },
    "requirements": [
        [
            "near_fossil",
            "study_fossil"
        ]
    ]
}