{
	"ambient.forest_bird_chirp": {
		"sounds": [
			"mc_overhaul:ambience/forest_bird_chirp1",
			"mc_overhaul:ambience/forest_bird_chirp2",
			"mc_overhaul:ambience/forest_bird_chirp3",
			"mc_overhaul:ambience/forest_bird_chirp4",
			"mc_overhaul:ambience/forest_bird_chatter1",
			"mc_overhaul:ambience/forest_bird_chatter2",
			"mc_overhaul:ambience/forest_bird_chatter3",
			"mc_overhaul:ambience/forest_bird_chatter4",
			"mc_overhaul:ambience/forest_bird_chatter5"
		],
		"subtitle": "custom.subtitles.bird_chirps"
	},
	"ambient.jungle_bird_chirp": {
		"sounds": [
			"mc_overhaul:ambience/jungle_bird_chirp1",
			"mc_overhaul:ambience/jungle_bird_chirp2",
			"mc_overhaul:ambience/jungle_bird_chirp3",
			"mc_overhaul:ambience/jungle_bird_chirp4",
			"mc_overhaul:ambience/jungle_bird_chirp5",
			"mc_overhaul:ambience/jungle_bird_chirp6"
		],
		"subtitle": "custom.subtitles.bird_chirps"
	},
	"ambient.owl_hoot": {
		"sounds": [
			"mc_overhaul:ambience/owl_hoot1",
			"mc_overhaul:ambience/owl_hoot2",
			"mc_overhaul:ambience/owl_hoot3",
			"mc_overhaul:ambience/owl_hoot4"
		],
		"subtitle": "custom.subtitles.owl_hoot"
	},
	"ambient.night_crickets": {
		"sounds": [
			"mc_overhaul:ambience/night_crickets1",
			"mc_overhaul:ambience/night_crickets2"
		],
		"subtitle": "custom.subtitles.crickets"
	},
	"ambient.day_crickets": {
		"sounds": [
			"mc_overhaul:ambience/day_crickets1",
			"mc_overhaul:ambience/day_crickets2",
			"mc_overhaul:ambience/day_crickets3"
		],
		"subtitle": "custom.subtitles.crickets"
	},
	"ambient.cicadas": {
		"sounds": [
			{
				"name": "mc_overhaul:ambience/cicadas1",
				"stream": true
			}
		],
		"subtitle": "custom.subtitles.cicadas"
	}
}