{
  "type": "minecraft:crafting_shaped",
  "category": "equipment",
  "key": {
    "|": "minecraft:bamboo",
    "#": "minecraft:bamboo_planks"
  },
  "pattern": [
    "  #",
    "   ",
    "|  "
  ],
  "result": {
    "count": 1,
	"components": {
      "minecraft:custom_model_data": {
		"strings": [
			"bamboo_sword"
		]
	  },
      "minecraft:item_name": {
		  "translate":"item.mc_overhaul.bamboo_sword"
	  },
	  "minecraft:attribute_modifiers": [
        {
          "type": "minecraft:attack_damage",
          "id": "minecraft:base_attack_damage",
          "amount": 3,
          "operation": "add_value",
          "slot": "mainhand"
        },
		{
          "type": "minecraft:attack_speed",
          "id": "minecraft:base_attack_speed",
          "amount": -2,
          "operation": "add_value",
          "slot": "mainhand"
        }
      ]
    },
    "id": "minecraft:wooden_sword"
  }
}