{
  "type": "minecraft:crafting_shapeless",
  "category": "equipment",
  "ingredients": [
    "minecraft:bamboo"
  ],
  "result": {
    "count": 1,
    "components": {
      "!minecraft:consumable": {},
      "minecraft:custom_model_data": {
        "strings": [
          "bamboo_knife"
        ]
      },
      "minecraft:attribute_modifiers": [
        {
          "type": "minecraft:attack_damage",
          "id": "minecraft:base_attack_damage",
          "amount": 1,
          "operation": "add_value",
          "slot": "mainhand"
        },
		{
          "type": "minecraft:attack_speed",
          "id": "minecraft:base_attack_speed",
          "amount": 0,
          "operation": "add_value",
          "slot": "mainhand"
        }
      ],
      "minecraft:item_name": {
        "translate": "item.mc_overhaul.bamboo_knife"
      },
	  "minecraft:max_damage": 100,
      "minecraft:max_stack_size": 1,
	  "minecraft:tool": {
        "rules": [
          {
            "blocks": "minecraft:cobweb",
            "speed": 15,
            "correct_for_drops": true
          }
        ],
        "damage_per_block": 1,
        "can_destroy_blocks_in_creative": false
      },
      "minecraft:damage": 0,
	  "minecraft:weapon": {}
    },
    "id": "minecraft:poisonous_potato"
  }
}