{
  "type": "minecraft:crafting_shaped",
  "category": "equipment",
  "key": {
    "|": "minecraft:bamboo",
    "@": "minecraft:string"
  },
  "pattern": [
    "||",
    " @"
  ],
  "result": {
    "components": {
      "minecraft:custom_model_data": {
        "strings": [
          "bamboo_axe"
        ]
      },
      "minecraft:item_name": {
        "translate": "item.mc_overhaul.bamboo_axe"
      },
	  "minecraft:max_damage": 100,
	  "minecraft:attribute_modifiers": [
        {
          "type": "minecraft:attack_damage",
          "id": "minecraft:base_attack_damage",
          "amount": 4,
          "operation": "add_value",
          "slot": "mainhand"
        },
		{
          "type": "minecraft:attack_speed",
          "id": "minecraft:base_attack_speed",
          "amount": -2.8,
          "operation": "add_value",
          "slot": "mainhand"
        }
      ]
    },
    "count": 1,
    "id": "minecraft:wooden_axe"
  }
}