{
  "type": "minecraft:crafting_shaped",
  "key": {
    "#": "minecraft:poisonous_potato"
  },
  "pattern": [
    "###"
  ],
  "result": {
    "count": 1,
	"components": {
      "minecraft:custom_model_data": {
        "strings": [
          "ambiguous_item"
        ]
      },
      "!minecraft:consumable": {},
      "minecraft:item_name": {
        "translate": "item.mc_overhaul.ambiguous_item"
      }
    },
    "id": "minecraft:poisonous_potato"
  },
  "show_notification": false
}