{
  "type": "minecraft:stonecutting",
  "ingredient": [
	"minecraft:cut_copper_stairs",
	"minecraft:exposed_cut_copper_stairs",
	"minecraft:weathered_cut_copper_stairs",
	"minecraft:oxidized_cut_copper_stairs",
	"minecraft:waxed_cut_copper_stairs",
	"minecraft:waxed_exposed_cut_copper_stairs",
	"minecraft:waxed_weathered_cut_copper_stairs",
	"minecraft:waxed_oxidized_cut_copper_stairs"
  ],
  "result": {
    "count": 3,
    "id": "minecraft:copper_ingot",
	"components": {
      "minecraft:damage_resistant": {
        "types": "#mc_overhaul:is_fire_except_lava"
      }
    }
  }
}