{
  "type": "minecraft:stonecutting",
  "ingredient": [
	"minecraft:polished_deepslate_stairs",
	"minecraft:polished_deepslate_slab",
	"minecraft:cobbled_deepslate_slab",
	"minecraft:cobbled_deepslate_stairs",
	"minecraft:deepslate_brick_stairs",
	"minecraft:deepslate_brick_slab",
	"minecraft:deepslate_tile_slab",
	"minecraft:deepslate_tile_stairs"
  ],
  "result": {
    "id": "minecraft:deepslate_tile_wall",
	"components": {
      "minecraft:damage_resistant": {
        "types": "#mc_overhaul:is_fire_except_lava"
      }
    },
    "count": 1
  }
}