{
  "type": "minecraft:stonecutting",
  "ingredient": [
	"minecraft:blackstone_stairs",
	"minecraft:blackstone_slab",
	"minecraft:polished_blackstone_stairs",
	"minecraft:polished_blackstone_slab",
	"minecraft:polished_blackstone_brick_stairs",
	"minecraft:polished_blackstone_brick_slab"
  ],
  "result": {
    "id": "minecraft:polished_blackstone_brick_wall",
	"components": {
      "minecraft:damage_resistant": {
        "types": "#mc_overhaul:is_fire_except_lava"
      }
    },
    "count": 1
  }
}