{
  "type": "minecraft:crafting_shapeless",
  "category": "misc",
  "ingredients": [
    "minecraft:bowl",
    "minecraft:pumpkin",
    "minecraft:milk_bucket"
  ],
  "result": {
    "count": 1,
	"components": {
      "minecraft:consumable": {
        "sound": "minecraft:entity.generic.drink",
		"on_consume_effects": [
          {
            "type": "minecraft:apply_effects",
            "effects": [
              {
                "id": "minecraft:water_breathing",
                "amplifier": 14,
                "duration": 1,
                "show_particles": false,
                "show_icon": false
              }
            ]
          }
        ]
      },
      "minecraft:custom_model_data": {
		"strings": [
			"pumpkin_soup"
		]
	  },
      "minecraft:item_name": {
		  "translate":"item.mc_overhaul.pumpkin_soup"
	  }
    },
    "id": "minecraft:beetroot_soup"
  }
}