{
  "type": "minecraft:crafting_shapeless",
  "category": "equipment",
  "ingredients": [
	"minecraft:flint"
  ],
  "result": {
    "count": 1,
	"components": {
	  "!minecraft:food": {},
      "!minecraft:consumable": {},
	  "minecraft:custom_model_data": {
	    "strings": [
			"stone_knife"
		]
	  },
      "minecraft:damage_resistant": {
        "types": "#mc_overhaul:is_fire_except_lava"
      },
	  "minecraft:attribute_modifiers": [
          {
            "type": "minecraft:attack_damage",
            "id": "minecraft:attack_damage",
            "amount": 2,
            "operation": "add_value",
			"slot": "mainhand"
          }
      ],
	  "minecraft:item_name": {
		  "translate":"item.mc_overhaul.stone_knife"
	  }
    },
    "id": "minecraft:poisonous_potato"
  }
}