{
  "type": "minecraft:crafting_shapeless",
  "category": "equipment",
  "ingredients": [
	"minecraft:stick"
  ],
  "result": {
    "count": 1,
	"components": {
	  "!minecraft:food": {},
      "!minecraft:consumable": {},
	  "minecraft:custom_model_data": {
		"strings": [
			"wooden_knife"
		]
	  },
	  "minecraft:attribute_modifiers": [
          {
            "type": "minecraft:attack_damage",
            "id": "minecraft:attack_damage",
            "amount": 1,
            "operation": "add_value",
			"slot": "mainhand"
          }
      ],
	  "minecraft:item_name": {
		  "translate":"item.mc_overhaul.wooden_knife"
	  }
    },
    "id": "minecraft:poisonous_potato"
  }
}