{
    "providers": [
		{
		  "type": "bitmap",
		  "file": "mc_overhaul:gui/sprites/hud/hydration_full.png",
		  "height": 28,
		  "ascent": 24,
		  "chars": ["\uE000"]
		},
		{
		  "type": "bitmap",
		  "file": "mc_overhaul:gui/sprites/hud/hydration_half.png",
		  "height": 28,
		  "ascent": 24,
		  "chars": ["\uE001"]
		},
		{
		  "type": "bitmap",
		  "file": "mc_overhaul:gui/sprites/hud/hydration_empty.png",
		  "height": 28,
		  "ascent": 24,
		  "chars": ["\uE002"]
		},
		{
		  "type": "space",
		  "advances": {
			"\uF000": 110
		  }
		},
        {
            "type": "reference",
            "id": "minecraft:include/space"
        },
        {
            "type": "reference",
            "id": "minecraft:include/default",
            "filter": {
                "uniform": false
            }
        },
        {
            "type": "reference",
            "id": "minecraft:include/unifont"
        }
    ]
}
