{
  "type": "minecraft:chest",
  "pools": [
    {
      "rolls": 1,
      "entries": [
        {
          "type": "minecraft:item",
          "name": "minecraft:rotten_flesh",
          "weight": 3
        },
        {
          "type": "minecraft:item",
          "name": "minecraft:porkchop",
          "weight": 3
        },
        {
          "type": "minecraft:item",
          "name": "minecraft:chicken",
          "weight": 3
        },
        {
          "type": "minecraft:item",
          "name": "minecraft:beef",
          "weight": 3
        },
        {
          "type": "minecraft:item",
          "name": "minecraft:pufferfish",
          "weight": 1
        }
      ],
      "functions": [
        {
          "function": "minecraft:set_count",
          "count": {
            "type": "minecraft:uniform",
            "min": 2,
            "max": 5
          }
        }
      ]
    },
    {
      "rolls": 1,
      "entries": [
        {
          "type": "minecraft:item",
          "name": "minecraft:rabbit_foot",
          "weight": 1
        },
        {
          "type": "minecraft:item",
          "name": "minecraft:fermented_spider_eye",
          "weight": 2
        },
        {
          "type": "minecraft:item",
          "name": "minecraft:spider_eye",
          "weight": 3
        }
      ],
      "functions": [
        {
          "function": "minecraft:set_count",
          "count": {
            "type": "minecraft:uniform",
            "min": 1,
            "max": 2
          }
        }
      ]
    },
    {
      "rolls": 1,
      "entries": [
        {
          "type": "minecraft:item",
          "name": "minecraft:redstone",
          "weight": 1
        },
        {
          "type": "minecraft:item",
          "name": "minecraft:sugar",
          "weight": 1,
          "functions": []
        },
        {
          "type": "minecraft:item",
          "name": "minecraft:gunpowder",
          "weight": 1,
          "functions": []
        }
      ],
      "functions": [
        {
          "function": "minecraft:set_count",
          "count": {
            "type": "minecraft:uniform",
            "min": 1,
            "max": 3
          }
        }
      ]
    }
  ]
}