{
  "display": {
    "icon": {
      "id": "minecraft:emerald",
      "components": {
        "minecraft:custom_model_data": {
          "strings": [
            "allay"
          ]
        }
      }
    },
    "title": {
      "translate": "compendium.bestiary.allay.title",
      "bold": true
    },
    "description": {
      "translate": "compendium.bestiary.allay.description",
      "extra": [
        {
          "translate": "compendium.bestiary.allay.info",
          "color": "gray"
        }
      ]
    },
    "frame": "task",
    "announce_to_chat": false,
    "hidden": true
  },
  "parent": "mc_overhaul:compendium/bestiary",
  "criteria": {
    "study_outside_fluid": {
      "trigger": "minecraft:using_item",
      "conditions": {
        "player": {
          "type_specific": {
            "type": "minecraft:player",
            "looking_at": {
              "type": "minecraft:allay",
              "nbt": "{Tags:[\"unsubmerged\"]}"
            }
          },
          "nbt": "{Tags:[\"unsubmerged\"]}"
        },
        "item": {
          "items": "minecraft:spyglass"
        }
      }
    },
    "dropped_item": {
      "trigger": "minecraft:allay_drop_item_on_block"
    }
  },
  "requirements": [
    [
      "study_outside_fluid"
    ],
	[
	  "dropped_item"
	]
  ]
}