{
    "display": {
        "icon": {
            "id": "minecraft:emerald",
            "components": {
                "minecraft:custom_model_data": {
                    "strings": [
                        "axolotl"
                    ]
                }
            }
        },
        "title": {
            "translate": "compendium.bestiary.axolotl.title",
            "bold": true
        },
        "description": {
            "translate": "compendium.bestiary.axolotl.description",
            "extra": [
                {
                    "translate": "compendium.bestiary.axolotl.info",
                    "color": "gray"
                }
            ]
        },
        "frame": "task",
        "announce_to_chat": false,
        "hidden": true
    },
    "parent": "mc_overhaul:compendium/bestiary/frog",
    "criteria": {
        "notice_limb_regeneration": {
            "trigger": "minecraft:tick",
            "conditions": {
                "player": {
                    "type_specific": {
                        "type": "minecraft:player",
                        "looking_at": {
                            "type": "minecraft:axolotl",
                            "effects": {
                                "minecraft:regeneration": {}
                            }
                        }
                    }
                }
            }
        },
        "feed": {
            "trigger": "minecraft:player_interacted_with_entity",
            "conditions": {
                "item": {
                    "items": "#minecraft:axolotl_food"
                },
                "entity": {
                    "type": "minecraft:axolotl"
                }
            }
        },
        "study_in_water": {
            "trigger": "minecraft:using_item",
            "conditions": {
                "player": {
                    "type_specific": {
                        "type": "minecraft:player",
                        "looking_at": {
                            "type": "minecraft:axolotl",
                            "nbt": "{Tags:[\"submerged\"]}"
                        }
                    },
                    "nbt": "{Tags:[\"submerged\"]}"
                },
                "item": {
                    "items": "minecraft:spyglass"
                }
            }
        },
        "study_outside_fluid": {
            "trigger": "minecraft:using_item",
            "conditions": {
                "player": {
                    "type_specific": {
                        "type": "minecraft:player",
                        "looking_at": {
                            "type": "minecraft:axolotl",
                            "nbt": "{Tags:[\"unsubmerged\"]}"
                        }
                    },
                    "nbt": "{Tags:[\"unsubmerged\"]}"
                },
                "item": {
                    "items": "minecraft:spyglass"
                }
            }
        }
    },
    "requirements": [
        [
            "notice_limb_regeneration"
        ],
        [
            "feed"
        ],
        [
            "study_in_water"
        ],
        [
            "study_outside_fluid"
        ]
    ]
}