{
    "display": {
        "icon": {
            "id": "minecraft:emerald",
            "components": {
                "minecraft:custom_model_data": {
                    "strings": [
                        "elder_guardian"
                    ]
                }
            }
        },
        "title": {
            "translate": "compendium.bestiary.elder_guardian.title",
            "bold": true
        },
        "description": {
            "translate": "compendium.bestiary.elder_guardian.description",
            "extra": [
                {
                    "translate": "compendium.bestiary.elder_guardian.info",
                    "color": "gray"
                }
            ]
        },
        "frame": "task",
        "announce_to_chat": false,
        "hidden": true
    },
    "parent": "mc_overhaul:compendium/bestiary/guardian",
    "criteria": {
        "kill": {
            "trigger": "minecraft:player_killed_entity",
            "conditions": {
                "entity": {
                    "type": "minecraft:elder_guardian"
                }
            }
        },
        "get_attacked": {
            "trigger": "minecraft:entity_hurt_player",
            "conditions": {
                "damage": {
                    "source_entity": {
                        "type": "minecraft:elder_guardian"
                    }
                }
            }
        },
        "get_weakened": {
            "trigger": "minecraft:effects_changed",
            "conditions": {
                "effects": {
                    "minecraft:weakness": {}
                },
                "source": {
                    "type": "minecraft:elder_guardian"
                }
            }
        }
    },
    "requirements": [
        [
            "kill"
        ],
        [
            "get_attacked"
        ],
        [
            "get_weakened"
        ]
    ]
}