{
    "display": {
        "icon": {
            "id": "minecraft:emerald",
            "components": {
                "minecraft:custom_model_data": {
                    "strings": [
                        "ender_dragon"
                    ]
                }
            }
        },
        "title": {
            "translate": "compendium.bestiary.ender_dragon.title",
            "bold": true
        },
        "description": {
            "translate": "compendium.bestiary.ender_dragon.description",
            "extra": [
                {
                    "translate": "compendium.bestiary.ender_dragon.info",
                    "color": "gray"
                }
            ]
        },
        "frame": "task",
        "announce_to_chat": false,
        "hidden": true
    },
    "parent": "mc_overhaul:compendium/bestiary/enderman",
    "criteria": {
        "kill": {
            "trigger": "minecraft:player_killed_entity",
            "conditions": {
                "entity": {
                    "type": "minecraft:ender_dragon"
                }
            }
        },
        "view_credits": {
            "trigger": "minecraft:tick",
            "conditions": {
                "player": {
                    "nbt": "{seenCredits:1b}"
                }
            }
        }
    },
    "requirements": [
        [
            "kill"
        ],
        [
            "view_credits"
        ]
    ]
}