{
    "display": {
        "icon": {
            "id": "minecraft:emerald",
            "components": {
                "minecraft:custom_model_data": {
                    "strings": [
                        "evoker"
                    ]
                }
            }
        },
        "title": {
            "translate": "compendium.bestiary.evoker.title",
            "bold": true
        },
        "description": {
            "translate": "compendium.bestiary.evoker.description",
            "extra": [
                {
                    "translate": "compendium.bestiary.evoker.info",
                    "color": "gray"
                }
            ]
        },
        "frame": "task",
        "announce_to_chat": false,
        "hidden": true
    },
    "parent": "mc_overhaul:compendium/bestiary/vindicator",
    "criteria": {
        "kill_in_mansion": {
            "trigger": "minecraft:player_killed_entity",
            "conditions": {
                "entity": {
                    "type": "minecraft:evoker",
                    "location": {
                        "structures": "minecraft:mansion"
                    }
                }
            }
        },
        "get_attacked": {
            "trigger": "minecraft:entity_hurt_player",
            "conditions": {
                "damage": {
                    "source_entity": {
                        "type": "minecraft:evoker"
                    }
                }
            }
        }
    },
    "requirements": [
        [
            "kill_in_mansion"
        ],
        [
            "get_attacked"
        ]
    ]
}