{
    "display": {
        "icon": {
            "id": "minecraft:emerald",
            "components": {
                "minecraft:custom_model_data": {
                    "strings": [
                        "fox"
                    ]
                }
            }
        },
        "title": {
            "translate": "compendium.bestiary.fox.title",
            "bold": true
        },
        "description": {
            "translate": "compendium.bestiary.fox.description",
            "extra": [
                {
                    "translate": "compendium.bestiary.fox.info",
                    "color": "gray"
                }
            ]
        },
        "frame": "task",
        "announce_to_chat": false,
        "hidden": true
    },
    "parent": "mc_overhaul:compendium/bestiary",
    "criteria": {
        "study_outside_fluid": {
            "trigger": "minecraft:using_item",
            "conditions": {
                "player": {
                    "type_specific": {
                        "type": "minecraft:player",
                        "looking_at": {
                            "type": "minecraft:fox",
                            "nbt": "{Tags:[\"unsubmerged\"],Sleeping:1b}"
                        }
                    },
                    "nbt": "{Tags:[\"unsubmerged\"]}"
                },
                "item": {
                    "items": "minecraft:spyglass"
                }
            }
        },
        "item_stolen": {
            "trigger": "minecraft:thrown_item_picked_up_by_entity",
            "conditions": {
                "entity": {
                    "type": "minecraft:fox"
                }
            }
        }
    },
    "requirements": [
        [
            "study_outside_fluid"
        ],
        [
            "item_stolen"
        ]
    ]
}