{
    "display": {
        "icon": {
            "id": "minecraft:emerald",
            "components": {
                "minecraft:custom_model_data": {
                    "strings": [
                        "husk"
                    ]
                }
            }
        },
        "title": {
            "translate": "compendium.bestiary.husk.title",
            "bold": true
        },
        "description": {
            "translate": "compendium.bestiary.husk.description",
            "extra": [
                {
                    "translate": "compendium.bestiary.husk.info",
                    "color": "gray"
                }
            ]
        },
        "frame": "task",
        "announce_to_chat": false,
        "hidden": true
    },
    "parent": "mc_overhaul:compendium/bestiary",
    "criteria": {
        "kill": {
            "trigger": "minecraft:player_killed_entity",
            "conditions": {
                "entity": {
                    "type": "minecraft:husk"
                }
            }
        },
        "hurt": {
            "trigger": "minecraft:entity_hurt_player",
            "conditions": {
                "damage": {
                    "source_entity": {
                        "type": "minecraft:husk"
                    }
                }
            }
        },
        "study_outside_fluid_during_day": {
            "trigger": "minecraft:using_item",
            "conditions": {
                "player": [
                    {
                        "condition": "minecraft:all_of",
                        "terms": [
                            {
                                "condition": "minecraft:time_check",
                                "value": {
                                    "min": 0,
                                    "max": 12499
                                },
                                "period": 24000
                            },
                            {
                                "condition": "minecraft:entity_properties",
                                "entity": "this",
                                "predicate": {
                                    "type_specific": {
                                        "type": "minecraft:player",
                                        "looking_at": {
                                            "type": "minecraft:husk",
                                            "nbt": "{Tags:[\"unsubmerged\"]}"
                                        }
                                    },
                                    "nbt": "{Tags:[\"unsubmerged\"]}"
                                }
                            }
                        ]
                    }
                ],
                "item": {
                    "items": "minecraft:spyglass"
                }
            }
        }
    },
    "requirements": [
        [
            "kill"
        ],
        [
            "hurt"
        ],
        [
            "study_outside_fluid_during_day"
        ]
    ]
}