{
    "display": {
        "icon": {
            "id": "minecraft:emerald",
            "components": {
                "minecraft:custom_model_data": {
                    "strings": [
                        "illusioner"
                    ]
                }
            }
        },
        "title": {
            "translate": "compendium.bestiary.illusioner.title",
            "bold": true
        },
        "description": {
            "translate": "compendium.bestiary.illusioner.description",
            "extra": [
                {
                    "translate": "compendium.bestiary.illusioner.info",
                    "color": "gray"
                }
            ]
        },
        "frame": "task",
        "announce_to_chat": false,
        "hidden": true
    },
    "parent": "mc_overhaul:compendium/bestiary/evoker",
    "criteria": {
        "kill": {
            "trigger": "minecraft:player_killed_entity",
            "conditions": {
                "entity": {
                    "type": "minecraft:illusioner"
                }
            }
        },
        "hurt": {
            "trigger": "minecraft:entity_hurt_player",
            "conditions": {
                "damage": {
                    "source_entity": {
                        "type": "minecraft:illusioner"
                    }
                }
            }
        }
    },
    "requirements": [
        [
            "kill"
        ],
        [
            "hurt"
        ]
    ]
}