{
    "display": {
        "icon": {
            "id": "minecraft:emerald",
            "components": {
                "minecraft:custom_model_data": {
                    "strings": [
                        "piglin"
                    ]
                }
            }
        },
        "title": {
            "translate": "compendium.bestiary.piglin.title",
            "bold": true
        },
        "description": {
            "translate": "compendium.bestiary.piglin.description",
            "extra": [
                {
                    "translate": "compendium.bestiary.piglin.info",
                    "color": "gray"
                }
            ]
        },
        "frame": "task",
        "announce_to_chat": false,
        "hidden": true
    },
    "parent": "mc_overhaul:compendium/bestiary",
    "criteria": {
        "barter_interact": {
            "conditions": {
                "entity": [
                    {
                        "condition": "minecraft:entity_properties",
                        "entity": "this",
                        "predicate": {
                            "type": "minecraft:piglin",
                            "flags": {
                                "is_baby": false
                            }
                        }
                    }
                ],
                "item": {
                    "items": "minecraft:gold_ingot"
                },
                "player": [
                    {
                        "condition": "minecraft:inverted",
                        "term": {
                            "condition": "minecraft:entity_properties",
                            "entity": "this",
                            "predicate": {
                                "equipment": {
                                    "head": {
                                        "items": "#minecraft:piglin_safe_armor"
                                    }
                                }
                            }
                        }
                    },
                    {
                        "condition": "minecraft:inverted",
                        "term": {
                            "condition": "minecraft:entity_properties",
                            "entity": "this",
                            "predicate": {
                                "equipment": {
                                    "chest": {
                                        "items": "#minecraft:piglin_safe_armor"
                                    }
                                }
                            }
                        }
                    },
                    {
                        "condition": "minecraft:inverted",
                        "term": {
                            "condition": "minecraft:entity_properties",
                            "entity": "this",
                            "predicate": {
                                "equipment": {
                                    "legs": {
                                        "items": "#minecraft:piglin_safe_armor"
                                    }
                                }
                            }
                        }
                    },
                    {
                        "condition": "minecraft:inverted",
                        "term": {
                            "condition": "minecraft:entity_properties",
                            "entity": "this",
                            "predicate": {
                                "equipment": {
                                    "feet": {
                                        "items": "#minecraft:piglin_safe_armor"
                                    }
                                }
                            }
                        }
                    }
                ]
            },
            "trigger": "minecraft:player_interacted_with_entity"
        },
        "barter_throw": {
            "conditions": {
                "entity": [
                    {
                        "condition": "minecraft:entity_properties",
                        "entity": "this",
                        "predicate": {
                            "type": "minecraft:piglin",
                            "flags": {
                                "is_baby": false
                            }
                        }
                    }
                ],
                "item": {
                    "items": "#minecraft:piglin_loved"
                },
                "player": [
                    {
                        "condition": "minecraft:inverted",
                        "term": {
                            "condition": "minecraft:entity_properties",
                            "entity": "this",
                            "predicate": {
                                "equipment": {
                                    "head": {
                                        "items": "#minecraft:piglin_safe_armor"
                                    }
                                }
                            }
                        }
                    },
                    {
                        "condition": "minecraft:inverted",
                        "term": {
                            "condition": "minecraft:entity_properties",
                            "entity": "this",
                            "predicate": {
                                "equipment": {
                                    "chest": {
                                        "items": "#minecraft:piglin_safe_armor"
                                    }
                                }
                            }
                        }
                    },
                    {
                        "condition": "minecraft:inverted",
                        "term": {
                            "condition": "minecraft:entity_properties",
                            "entity": "this",
                            "predicate": {
                                "equipment": {
                                    "legs": {
                                        "items": "#minecraft:piglin_safe_armor"
                                    }
                                }
                            }
                        }
                    },
                    {
                        "condition": "minecraft:inverted",
                        "term": {
                            "condition": "minecraft:entity_properties",
                            "entity": "this",
                            "predicate": {
                                "equipment": {
                                    "feet": {
                                        "items": "#minecraft:piglin_safe_armor"
                                    }
                                }
                            }
                        }
                    }
                ]
            },
            "trigger": "minecraft:thrown_item_picked_up_by_entity"
        },
        "study_outside_fluid": {
            "trigger": "minecraft:using_item",
            "conditions": {
                "player": {
                    "type_specific": {
                        "type": "minecraft:player",
                        "looking_at": {
                            "type": "minecraft:piglin",
                            "nbt": "{Tags:[\"unsubmerged\"]}"
                        }
                    },
                    "nbt": "{Tags:[\"unsubmerged\"]}"
                },
                "item": {
                    "items": "minecraft:spyglass"
                }
            }
        }
    },
    "requirements": [
        [
            "barter_interact",
            "barter_throw"
        ],
        [
            "study_outside_fluid"
        ]
    ]
}