{
    "display": {
        "icon": {
            "id": "minecraft:emerald",
            "components": {
                "minecraft:custom_model_data": {
                    "strings": [
                        "pillager"
                    ]
                }
            }
        },
        "title": {
            "translate": "compendium.bestiary.pillager.title",
            "bold": true
        },
        "description": {
            "translate": "compendium.bestiary.pillager.description",
            "extra": [
                {
                    "translate": "compendium.bestiary.pillager.info",
                    "color": "gray"
                }
            ]
        },
        "frame": "task",
        "announce_to_chat": false,
        "hidden": true
    },
    "parent": "mc_overhaul:compendium/bestiary",
    "criteria": {
        "kill_in_outpost": {
            "trigger": "minecraft:player_killed_entity",
            "conditions": {
                "entity": {
                    "type": "minecraft:pillager",
                    "location": {
                        "structures": "minecraft:pillager_outpost"
                    }
                }
            }
        },
        "kill_raider": {
            "trigger": "minecraft:player_killed_entity",
            "conditions": {
                "entity": {
                    "type": "minecraft:pillager",
                    "type_specific": {
                        "type": "minecraft:raider",
                        "has_raid": true
                    }
                }
            }
        },
        "kill_patroller": {
            "trigger": "minecraft:player_killed_entity",
            "conditions": {
                "entity": {
                    "type": "minecraft:pillager",
                    "nbt": "{Patrolling:1b}"
                }
            }
        },
        "study_outside_fluid": {
            "trigger": "minecraft:using_item",
            "conditions": {
                "player": {
                    "type_specific": {
                        "type": "minecraft:player",
                        "looking_at": {
                            "type": "minecraft:pillager",
                            "nbt": "{Tags:[\"unsubmerged\"]}"
                        }
                    },
                    "nbt": "{Tags:[\"unsubmerged\"]}"
                },
                "item": {
                    "items": "minecraft:spyglass"
                }
            }
        }
    },
    "requirements": [
        [
            "kill_in_outpost"
        ],
        [
            "kill_raider"
        ],
        [
            "kill_patroller"
        ],
        [
            "study_outside_fluid"
        ]
    ]
}