{
    "display": {
        "icon": {
            "id": "minecraft:emerald",
            "components": {
                "minecraft:custom_model_data": {
                    "strings": [
                        "pufferfish"
                    ]
                }
            }
        },
        "title": {
            "translate": "compendium.bestiary.pufferfish.title",
            "bold": true
        },
        "description": {
            "translate": "compendium.bestiary.pufferfish.description",
            "extra": [
                {
                    "translate": "compendium.bestiary.pufferfish.info",
                    "color": "gray"
                }
            ]
        },
        "frame": "task",
        "announce_to_chat": false,
        "hidden": true
    },
    "parent": "mc_overhaul:compendium/bestiary/cod",
    "criteria": {
        "obtain_pufferfish": {
            "trigger": "minecraft:inventory_changed",
            "conditions": {
                "items": [
                    {
                        "items": "minecraft:pufferfish"
                    }
                ]
            }
        },
        "get_hurt": {
            "trigger": "minecraft:entity_hurt_player",
            "conditions": {
                "damage": {
                    "blocked": false,
                    "source_entity": {
                        "type": "minecraft:pufferfish"
                    }
                }
            }
        },
        "study_in_water": {
            "trigger": "minecraft:using_item",
            "conditions": {
                "player": {
                    "type_specific": {
                        "type": "minecraft:player",
                        "looking_at": {
                            "type": "minecraft:pufferfish",
                            "nbt": "{Tags:[\"submerged\"]}"
                        }
                    },
                    "nbt": "{Tags:[\"submerged\"]}"
                },
                "item": {
                    "items": "minecraft:spyglass"
                }
            }
        }
    },
    "requirements": [
        [
            "obtain_pufferfish"
        ],
        [
            "get_hurt"
        ],
        [
            "study_in_water"
        ]
    ]
}