{
    "display": {
        "icon": {
            "id": "minecraft:emerald",
            "components": {
                "minecraft:custom_model_data": {
                    "strings": [
                        "squid"
                    ]
                }
            }
        },
        "title": {
            "translate": "compendium.bestiary.squid.title",
            "bold": true
        },
        "description": {
            "translate": "compendium.bestiary.squid.description",
            "extra": [
                {
                    "translate": "compendium.bestiary.squid.info",
                    "color": "gray"
                }
            ]
        },
        "frame": "task",
        "announce_to_chat": false,
        "hidden": true
    },
    "parent": "mc_overhaul:compendium/bestiary",
    "criteria": {
        "kill": {
            "trigger": "minecraft:player_killed_entity",
            "conditions": {
                "entity": {
                    "type": "minecraft:squid"
                }
            }
        },
        "obtain_ink_sac": {
            "trigger": "minecraft:inventory_changed",
            "conditions": {
                "items": [
                    {
                        "items": "minecraft:ink_sac"
                    }
                ]
            }
        },
        "study_in_water": {
            "trigger": "minecraft:using_item",
            "conditions": {
                "player": {
                    "type_specific": {
                        "type": "minecraft:player",
                        "looking_at": {
                            "type": "minecraft:squid",
                            "nbt": "{Tags:[\"submerged\"]}"
                        }
                    },
                    "nbt": "{Tags:[\"submerged\"]}"
                },
                "item": {
                    "items": "minecraft:spyglass"
                }
            }
        }
    },
    "requirements": [
        [
            "kill"
        ],
        [
            "obtain_ink_sac"
        ],
        [
            "study_in_water"
        ]
    ]
}