{
    "display": {
        "icon": {
            "id": "minecraft:emerald",
            "components": {
                "minecraft:custom_model_data": {
                    "strings": [
                        "stray"
                    ]
                }
            }
        },
        "title": {
            "translate": "compendium.bestiary.stray.title",
            "bold": true
        },
        "description": {
            "translate": "compendium.bestiary.stray.description",
            "extra": [
                {
                    "translate": "compendium.bestiary.stray.info",
                    "color": "gray"
                }
            ]
        },
        "frame": "task",
        "announce_to_chat": false,
        "hidden": true
    },
    "parent": "mc_overhaul:compendium/bestiary/skeleton",
    "criteria": {
        "kill": {
            "trigger": "minecraft:player_killed_entity",
            "conditions": {
                "entity": {
                    "type": "minecraft:stray"
                }
            }
        },
        "get_slowed": {
            "trigger": "minecraft:effects_changed",
            "conditions": {
                "effects": {
                    "minecraft:slowness": {}
                },
                "source": [
                    {
                        "condition": "minecraft:entity_properties",
                        "entity": "this",
                        "predicate": {
                            "type": "minecraft:stray"
                        }
                    }
                ]
            }
        },
        "study_outside_fluid": {
            "trigger": "minecraft:using_item",
            "conditions": {
                "player": {
                    "type_specific": {
                        "type": "minecraft:player",
                        "looking_at": {
                            "type": "minecraft:stray",
                            "nbt": "{Tags:[\"unsubmerged\"]}"
                        }
                    },
                    "nbt": "{Tags:[\"unsubmerged\"]}"
                },
                "item": {
                    "items": "minecraft:spyglass"
                }
            }
        }
    },
    "requirements": [
        [
            "kill"
        ],
        [
            "get_slowed"
        ],
        [
            "study_outside_fluid"
        ]
    ]
}