{
    "display": {
        "icon": {
            "id": "minecraft:emerald",
            "components": {
                "minecraft:custom_model_data": {
                    "strings": [
                        "strider"
                    ]
                }
            }
        },
        "title": {
            "translate": "compendium.bestiary.strider.title",
            "bold": true
        },
        "description": {
            "translate": "compendium.bestiary.strider.description",
            "extra": [
                {
                    "translate": "compendium.bestiary.strider.info",
                    "color": "gray"
                }
            ]
        },
        "frame": "task",
        "announce_to_chat": false,
        "hidden": true
    },
    "parent": "mc_overhaul:compendium/bestiary",
    "criteria": {
        "feed": {
            "trigger": "minecraft:player_interacted_with_entity",
            "conditions": {
                "item": {
                    "items": "minecraft:warped_fungus"
                },
                "entity": {
                    "type": "minecraft:strider"
                }
            }
        },
        "ride_20m": {
            "trigger": "minecraft:ride_entity_in_lava",
            "conditions": {
                "player": {
                    "vehicle": {
                        "type": "minecraft:strider"
                    }
                },
                "distance": {
                    "horizontal": {
                        "min": 20
                    }
                }
            }
        },
        "study_outside_fluid": {
            "trigger": "minecraft:using_item",
            "conditions": {
                "player": {
                    "type_specific": {
                        "type": "minecraft:player",
                        "looking_at": {
                            "type": "minecraft:strider",
                            "nbt": "{Tags:[\"unsubmerged\"]}"
                        }
                    },
                    "nbt": "{Tags:[\"unsubmerged\"]}"
                },
                "item": {
                    "items": "minecraft:spyglass"
                }
            }
        }
    },
    "requirements": [
        [
            "ride_20m"
        ],
        [
            "feed"
        ],
        [
            "study_outside_fluid"
        ]
    ]
}