{
    "display": {
        "icon": {
            "id": "minecraft:emerald",
            "components": {
                "minecraft:custom_model_data": {
                    "strings": [
                        "tadpole"
                    ]
                }
            }
        },
        "title": {
            "translate": "compendium.bestiary.tadpole.title",
            "bold": true
        },
        "description": {
            "translate": "compendium.bestiary.tadpole.description",
            "extra": [
                {
                    "translate": "compendium.bestiary.tadpole.info",
                    "color": "gray"
                }
            ]
        },
        "frame": "task",
        "announce_to_chat": false,
        "hidden": true
    },
    "parent": "mc_overhaul:compendium/bestiary/frog",
    "criteria": {
        "breed": {
            "trigger": "minecraft:bred_animals",
            "conditions": {
                "parent": {
                    "type": "minecraft:frog"
                }
            }
        },
        "study_in_water": {
            "trigger": "minecraft:using_item",
            "conditions": {
                "player": {
                    "type_specific": {
                        "type": "minecraft:player",
                        "looking_at": {
                            "type": "minecraft:tadpole",
                            "nbt": "{Tags:[\"submerged\"]}"
                        }
                    },
                    "nbt": "{Tags:[\"submerged\"]}"
                },
                "item": {
                    "items": "minecraft:spyglass"
                }
            }
        }
    },
    "requirements": [
        [
            "breed"
        ],
        [
            "study_in_water"
        ]
    ]
}