{
    "display": {
        "icon": {
            "id": "minecraft:emerald",
            "components": {
                "minecraft:custom_model_data": {
                    "strings": [
                        "vex"
                    ]
                }
            }
        },
        "title": {
            "translate": "compendium.bestiary.vex.title",
            "bold": true
        },
        "description": {
            "translate": "compendium.bestiary.vex.description",
            "extra": [
                {
                    "translate": "compendium.bestiary.vex.info",
                    "color": "gray"
                }
            ]
        },
        "frame": "task",
        "announce_to_chat": false,
        "hidden": true
    },
    "parent": "mc_overhaul:compendium/bestiary/allay",
    "criteria": {
        "kill": {
            "trigger": "minecraft:player_killed_entity",
            "conditions": {
                "entity": {
                    "type": "minecraft:vex"
                }
            }
        }
    },
    "requirements": [
        [
            "kill"
        ]
    ]
}