{
    "display": {
        "icon": {
            "id": "minecraft:emerald",
            "components": {
                "minecraft:custom_model_data": {
                    "strings": [
                        "villager"
                    ]
                }
            }
        },
        "title": {
            "translate": "compendium.bestiary.villager.title",
            "bold": true
        },
        "description": {
            "translate": "compendium.bestiary.villager.description",
            "extra": [
                {
                    "translate": "compendium.bestiary.villager.info",
                    "color": "gray"
                }
            ]
        },
        "frame": "task",
        "announce_to_chat": false,
        "hidden": true
    },
    "parent": "mc_overhaul:compendium/bestiary",
    "criteria": {
        "trade": {
            "trigger": "minecraft:villager_trade",
            "conditions": {
                "villager": {
                    "type": "minecraft:villager"
                }
            }
        },
        "stare_at_villager_outside_fluid_in_village": {
            "trigger": "minecraft:location",
            "conditions": {
                "player": {
                    "type_specific": {
                        "type": "minecraft:player",
                        "looking_at": {
                            "type": "minecraft:villager",
                            "nbt": "{Tags:[\"unsubmerged\"]}",
                            "location": {
                                "structures": "#minecraft:village"
                            }
                        }
                    },
                    "nbt": "{Tags:[\"unsubmerged\"]}"
                }
            }
        }
    },
    "requirements": [
        [
            "trade"
        ],
        [
            "stare_at_villager_outside_fluid_in_village"
        ]
    ]
}