{
    "display": {
        "icon": {
            "id": "minecraft:emerald",
            "components": {
                "minecraft:custom_model_data": {
                    "strings": [
                        "wandering_trader"
                    ]
                }
            }
        },
        "title": {
            "translate": "compendium.bestiary.wandering_trader.title",
            "bold": true
        },
        "description": {
            "translate": "compendium.bestiary.wandering_trader.description",
            "extra": [
                {
                    "translate": "compendium.bestiary.wandering_trader.info",
                    "color": "gray"
                }
            ]
        },
        "frame": "task",
        "announce_to_chat": false,
        "hidden": true
    },
    "parent": "mc_overhaul:compendium/bestiary/villager",
    "criteria": {
        "trade": {
            "trigger": "minecraft:villager_trade",
            "conditions": {
                "villager": [
                    {
                        "condition": "minecraft:all_of",
                        "terms": [
                            {
                                "condition": "minecraft:entity_properties",
                                "entity": "this",
                                "predicate": {
                                    "type": "minecraft:wandering_trader"
                                }
                            },
                            {
                                "condition": "minecraft:inverted",
                                "term": {
                                    "condition": "minecraft:entity_properties",
                                    "entity": "this",
                                    "predicate": {
                                        "effects": {
                                            "minecraft:invisibility": {}
                                        }
                                    }
                                }
                            }
                        ]
                    }
                ]
            }
        }
    },
    "requirements": [
        [
            "trade"
        ]
    ]
}