{
    "display": {
        "icon": {
            "id": "minecraft:emerald",
            "components": {
                "minecraft:custom_model_data": {
                    "strings": [
                        "white_cat"
                    ]
                }
            }
        },
        "title": {
            "translate": "compendium.bestiary.white_cat.title",
            "bold": true
        },
        "description": {
            "translate": "compendium.bestiary.white_cat.description",
            "extra": [
                {
                    "translate": "compendium.bestiary.white_cat.info",
                    "color": "gray"
                }
            ]
        },
        "frame": "task",
        "announce_to_chat": false,
        "hidden": true
    },
    "parent": "mc_overhaul:compendium/bestiary/ocelot",
    "criteria": {
        "feed": {
            "trigger": "minecraft:player_interacted_with_entity",
            "conditions": {
                "item": {
                    "items": "#minecraft:cat_food"
                },
                "entity": {
                    "type": "minecraft:cat"
                }
            }
        },
        "study_outside_fluid": {
            "trigger": "minecraft:using_item",
            "conditions": {
                "player": {
                    "type_specific": {
                        "type": "minecraft:player",
                        "looking_at": {
                            "type": "minecraft:cat",
                            "nbt": "{Tags:[\"unsubmerged\"],variant:\"minecraft:white\"}"
                        }
                    },
                    "nbt": "{Tags:[\"unsubmerged\"]}"
                },
                "item": {
                    "items": "minecraft:spyglass"
                }
            }
        }
    },
    "requirements": [
        [
            "feed"
        ],
        [
            "study_outside_fluid"
        ]
    ]
}