{
    "display": {
        "icon": {
            "id": "minecraft:emerald",
            "components": {
                "minecraft:custom_model_data": {
                    "strings": [
                        "zombie_horse"
                    ]
                }
            }
        },
        "title": {
            "translate": "compendium.bestiary.zombie_horse.title",
            "bold": true
        },
        "description": {
            "translate": "compendium.bestiary.zombie_horse.description",
            "extra": [
                {
                    "translate": "compendium.bestiary.zombie_horse.info",
                    "color": "gray"
                }
            ]
        },
        "frame": "task",
        "announce_to_chat": false,
        "hidden": true
    },
    "parent": "mc_overhaul:compendium/bestiary/horse",
    "criteria": {
        "x": {
            "trigger": "minecraft:impossible"
        }
    },
    "requirements": [
        [
            "x"
        ]
    ]
}