{
    "display": {
        "icon": {
            "id": "minecraft:emerald",
            "components": {
                "minecraft:custom_model_data": {
                    "strings": [
                        "zombie_villager"
                    ]
                }
            }
        },
        "title": {
            "translate": "compendium.bestiary.zombie_villager.title",
            "bold": true
        },
        "description": {
            "translate": "compendium.bestiary.zombie_villager.description",
            "extra": [
                {
                    "translate": "compendium.bestiary.zombie_villager.info",
                    "color": "gray"
                }
            ]
        },
        "frame": "task",
        "announce_to_chat": false,
        "hidden": true
    },
    "parent": "mc_overhaul:compendium/bestiary/villager",
    "criteria": {
        "cured": {
            "trigger": "minecraft:cured_zombie_villager",
            "conditions": {}
        },
        "study_outside_fluid": {
            "trigger": "minecraft:using_item",
            "conditions": {
                "player": {
                    "type_specific": {
                        "type": "minecraft:player",
                        "looking_at": {
                            "type": "minecraft:zombie_villager",
                            "nbt": "{Tags:[\"unsubmerged\"]}"
                        }
                    },
                    "nbt": "{Tags:[\"unsubmerged\"]}"
                },
                "item": {
                    "items": "minecraft:spyglass"
                }
            }
        }
    },
    "requirements": [
        [
            "cured"
        ],
        [
            "study_outside_fluid"
        ]
    ]
}