{
  "condition": "minecraft:location_check",
  "offsetY": -2,
  "predicate": {
    "biomes": [
      "minecraft:badlands",
      "minecraft:bamboo_jungle",
      "minecraft:beach",
      "minecraft:birch_forest",
      "minecraft:cherry_grove",
      "minecraft:dark_forest",
      "minecraft:desert",
      "minecraft:eroded_badlands",
      "minecraft:flower_forest",
      "minecraft:forest",
      "minecraft:jungle",
      "minecraft:mangrove_swamp",
      "minecraft:meadow",
      "minecraft:old_growth_birch_forest",
      "minecraft:plains",
      "minecraft:river",
      "minecraft:savanna",
      "minecraft:savanna_plateau",
      "minecraft:sparse_jungle",
      "minecraft:sunflower_plains",
      "minecraft:swamp",
      "minecraft:windswept_savanna",
      "minecraft:wooded_badlands"
    ],
	"block": {
        "blocks": "minecraft:grass_block"
    }
  }
}