{
  "condition": "minecraft:all_of",
  "terms": [
    {
      "condition": "minecraft:location_check",
      "offsetY": -2,
      "predicate": {
        "block": {
          "blocks": [
			"minecraft:oak_leaves",
			"minecraft:spruce_leaves",
			"minecraft:birch_leaves",
			"minecraft:jungle_leaves",
			"minecraft:acacia_leaves",
			"minecraft:dark_oak_leaves",
			"minecraft:mangrove_leaves",
			"minecraft:cherry_leaves",
			"minecraft:azalea_leaves",
			"minecraft:flowering_azalea_leaves",
			"minecraft:bamboo"
		  ]
        }
      }
    },
    {
      "condition": "minecraft:inverted",
      "term": {
        "condition": "minecraft:reference",
		"name": "mc_overhaul:raining_or_thundering"
      }
    }
  ]
}