{
	"model": {
		"type": "select",
		"property": "custom_model_data",
		"fallback": {
			"type": "model",
			"model": "minecraft:item/beetroot_soup"
		},
		"cases": [
			{
				"when": "pumpkin_soup",
				"model": {
					"type": "model",
					"model": "mc_overhaul:item/pumpkin_soup"
				}
			},
			{
				"when": "raw_pumpkin_soup",
				"model": {
					"type": "model",
					"model": "mc_overhaul:item/raw_pumpkin_soup"
				}
			},
			{
				"when": "raw",
				"model": {
					"type": "model",
					"model": "mc_overhaul:item/raw_beetroot_soup"
				}
			}
		]
	}
}