{
    "model": {
        "type": "select",
        "property": "custom_model_data",
        "fallback": {
            "type": "model",
            "model": "minecraft:item/emerald"
        },
        "cases": [
            {
                "when": "bestiary",
                "model": {
                    "type": "model",
                    "model": "mc_overhaul:item/compendium_icons/bestiary"
                }
            },
            {
                "when": "biomes",
                "model": {
                    "type": "model",
                    "model": "mc_overhaul:item/compendium_icons/biomes"
                }
            },
            {
                "when": "structures",
                "model": {
                    "type": "model",
                    "model": "mc_overhaul:item/compendium_icons/structures"
                }
            },
            {
                "when": "badlands",
                "model": {
                    "type": "model",
                    "model": "mc_overhaul:item/compendium_icons/biomes/badlands"
                }
            },
            {
                "when": "bamboo_jungle",
                "model": {
                    "type": "model",
                    "model": "mc_overhaul:item/compendium_icons/biomes/bamboo_jungle"
                }
            },
            {
                "when": "basalt_deltas",
                "model": {
                    "type": "model",
                    "model": "mc_overhaul:item/compendium_icons/biomes/basalt_deltas"
                }
            },
            {
                "when": "beach",
                "model": {
                    "type": "model",
                    "model": "mc_overhaul:item/compendium_icons/biomes/beach"
                }
            },
            {
                "when": "birch_forest",
                "model": {
                    "type": "model",
                    "model": "mc_overhaul:item/compendium_icons/biomes/birch_forest"
                }
            },
            {
                "when": "cherry_grove",
                "model": {
                    "type": "model",
                    "model": "mc_overhaul:item/compendium_icons/biomes/cherry_grove"
                }
            },
            {
                "when": "crimson_forest",
                "model": {
                    "type": "model",
                    "model": "mc_overhaul:item/compendium_icons/biomes/crimson_forest"
                }
            },
            {
                "when": "dark_forest",
                "model": {
                    "type": "model",
                    "model": "mc_overhaul:item/compendium_icons/biomes/dark_forest"
                }
            },
            {
                "when": "deep_dark",
                "model": {
                    "type": "model",
                    "model": "mc_overhaul:item/compendium_icons/biomes/deep_dark"
                }
            },
            {
                "when": "desert",
                "model": {
                    "type": "model",
                    "model": "mc_overhaul:item/compendium_icons/biomes/desert"
                }
            },
            {
                "when": "dripstone_caves",
                "model": {
                    "type": "model",
                    "model": "mc_overhaul:item/compendium_icons/biomes/dripstone_caves"
                }
            },
            {
                "when": "end_highlands",
                "model": {
                    "type": "model",
                    "model": "mc_overhaul:item/compendium_icons/biomes/end_highlands"
                }
            },
            {
                "when": "flower_forest",
                "model": {
                    "type": "model",
                    "model": "mc_overhaul:item/compendium_icons/biomes/flower_forest"
                }
            },
            {
                "when": "forest",
                "model": {
                    "type": "model",
                    "model": "mc_overhaul:item/compendium_icons/biomes/forest"
                }
            },
            {
                "when": "frozen_ocean",
                "model": {
                    "type": "model",
                    "model": "mc_overhaul:item/compendium_icons/biomes/frozen_ocean"
                }
            },
            {
                "when": "frozen_peaks",
                "model": {
                    "type": "model",
                    "model": "mc_overhaul:item/compendium_icons/biomes/frozen_peaks"
                }
            },
            {
                "when": "frozen_river",
                "model": {
                    "type": "model",
                    "model": "mc_overhaul:item/compendium_icons/biomes/frozen_river"
                }
            },
            {
                "when": "grove",
                "model": {
                    "type": "model",
                    "model": "mc_overhaul:item/compendium_icons/biomes/grove"
                }
            },
            {
                "when": "ice_spikes",
                "model": {
                    "type": "model",
                    "model": "mc_overhaul:item/compendium_icons/biomes/ice_spikes"
                }
            },
            {
                "when": "jagged_peaks",
                "model": {
                    "type": "model",
                    "model": "mc_overhaul:item/compendium_icons/biomes/jagged_peaks"
                }
            },
            {
                "when": "jungle",
                "model": {
                    "type": "model",
                    "model": "mc_overhaul:item/compendium_icons/biomes/jungle"
                }
            },
            {
                "when": "lush_caves",
                "model": {
                    "type": "model",
                    "model": "mc_overhaul:item/compendium_icons/biomes/lush_caves"
                }
            },
            {
                "when": "mangrove_swamp",
                "model": {
                    "type": "model",
                    "model": "mc_overhaul:item/compendium_icons/biomes/mangrove_swamp"
                }
            },
            {
                "when": "meadow",
                "model": {
                    "type": "model",
                    "model": "mc_overhaul:item/compendium_icons/biomes/meadow"
                }
            },
            {
                "when": "mushroom_fields",
                "model": {
                    "type": "model",
                    "model": "mc_overhaul:item/compendium_icons/biomes/mushroom_fields"
                }
            },
            {
                "when": "nether_wastes",
                "model": {
                    "type": "model",
                    "model": "mc_overhaul:item/compendium_icons/biomes/nether_wastes"
                }
            },
            {
                "when": "ocean",
                "model": {
                    "type": "model",
                    "model": "mc_overhaul:item/compendium_icons/biomes/ocean"
                }
            },
            {
                "when": "pale_garden",
                "model": {
                    "type": "model",
                    "model": "mc_overhaul:item/compendium_icons/biomes/pale_garden"
                }
            },
            {
                "when": "plains",
                "model": {
                    "type": "model",
                    "model": "mc_overhaul:item/compendium_icons/biomes/plains"
                }
            },
            {
                "when": "river",
                "model": {
                    "type": "model",
                    "model": "mc_overhaul:item/compendium_icons/biomes/river"
                }
            },
            {
                "when": "savanna",
                "model": {
                    "type": "model",
                    "model": "mc_overhaul:item/compendium_icons/biomes/savanna"
                }
            },
            {
                "when": "snowy_beach",
                "model": {
                    "type": "model",
                    "model": "mc_overhaul:item/compendium_icons/biomes/snowy_beach"
                }
            },
            {
                "when": "snowy_plains",
                "model": {
                    "type": "model",
                    "model": "mc_overhaul:item/compendium_icons/biomes/snowy_plains"
                }
            },
            {
                "when": "snowy_slopes",
                "model": {
                    "type": "model",
                    "model": "mc_overhaul:item/compendium_icons/biomes/snowy_slopes"
                }
            },
            {
                "when": "soul_sand_valley",
                "model": {
                    "type": "model",
                    "model": "mc_overhaul:item/compendium_icons/biomes/soul_sand_valley"
                }
            },
            {
                "when": "sparse_jungle",
                "model": {
                    "type": "model",
                    "model": "mc_overhaul:item/compendium_icons/biomes/sparse_jungle"
                }
            },
            {
                "when": "stony_peaks",
                "model": {
                    "type": "model",
                    "model": "mc_overhaul:item/compendium_icons/biomes/stony_peaks"
                }
            },
            {
                "when": "stony_shore",
                "model": {
                    "type": "model",
                    "model": "mc_overhaul:item/compendium_icons/biomes/stony_shore"
                }
            },
            {
                "when": "sunflower_plains",
                "model": {
                    "type": "model",
                    "model": "mc_overhaul:item/compendium_icons/biomes/sunflower_plains"
                }
            },
            {
                "when": "swamp",
                "model": {
                    "type": "model",
                    "model": "mc_overhaul:item/compendium_icons/biomes/swamp"
                }
            },
            {
                "when": "taiga",
                "model": {
                    "type": "model",
                    "model": "mc_overhaul:item/compendium_icons/biomes/taiga"
                }
            },
            {
                "when": "the_end",
                "model": {
                    "type": "model",
                    "model": "mc_overhaul:item/compendium_icons/biomes/the_end"
                }
            },
            {
                "when": "warm_ocean",
                "model": {
                    "type": "model",
                    "model": "mc_overhaul:item/compendium_icons/biomes/warm_ocean"
                }
            },
            {
                "when": "warped_forest",
                "model": {
                    "type": "model",
                    "model": "mc_overhaul:item/compendium_icons/biomes/warped_forest"
                }
            },
            {
                "when": "windswept_forest",
                "model": {
                    "type": "model",
                    "model": "mc_overhaul:item/compendium_icons/biomes/windswept_forest"
                }
            },
            {
                "when": "windswept_hills",
                "model": {
                    "type": "model",
                    "model": "mc_overhaul:item/compendium_icons/biomes/windswept_hills"
                }
            },
            {
                "when": "windswept_savanna",
                "model": {
                    "type": "model",
                    "model": "mc_overhaul:item/compendium_icons/biomes/windswept_savanna"
                }
            },
            {
                "when": "allay",
                "model": {
                    "type": "model",
                    "model": "mc_overhaul:item/compendium_icons/bestiary/allay"
                }
            },
            {
                "when": "armadillo",
                "model": {
                    "type": "model",
                    "model": "mc_overhaul:item/compendium_icons/bestiary/armadillo"
                }
            },
            {
                "when": "axolotl",
                "model": {
                    "type": "model",
                    "model": "mc_overhaul:item/compendium_icons/bestiary/axolotl"
                }
            },
            {
                "when": "bat",
                "model": {
                    "type": "model",
                    "model": "mc_overhaul:item/compendium_icons/bestiary/bat"
                }
            },
            {
                "when": "bee",
                "model": {
                    "type": "model",
                    "model": "mc_overhaul:item/compendium_icons/bestiary/bee"
                }
            },
            {
                "when": "blaze",
                "model": {
                    "type": "model",
                    "model": "mc_overhaul:item/compendium_icons/bestiary/blaze"
                }
            },
            {
                "when": "bogged",
                "model": {
                    "type": "model",
                    "model": "mc_overhaul:item/compendium_icons/bestiary/bogged"
                }
            },
            {
                "when": "breeze",
                "model": {
                    "type": "model",
                    "model": "mc_overhaul:item/compendium_icons/bestiary/breeze"
                }
            },
            {
                "when": "camel",
                "model": {
                    "type": "model",
                    "model": "mc_overhaul:item/compendium_icons/bestiary/camel"
                }
            },
            {
                "when": "cave_spider",
                "model": {
                    "type": "model",
                    "model": "mc_overhaul:item/compendium_icons/bestiary/cave_spider"
                }
            },
            {
                "when": "chicken",
                "model": {
                    "type": "model",
                    "model": "mc_overhaul:item/compendium_icons/bestiary/chicken"
                }
            },
            {
                "when": "cod",
                "model": {
                    "type": "model",
                    "model": "mc_overhaul:item/compendium_icons/bestiary/cod"
                }
            },
            {
                "when": "cow",
                "model": {
                    "type": "model",
                    "model": "mc_overhaul:item/compendium_icons/bestiary/cow"
                }
            },
            {
                "when": "creaking",
                "model": {
                    "type": "model",
                    "model": "mc_overhaul:item/compendium_icons/bestiary/creaking"
                }
            },
            {
                "when": "creeper",
                "model": {
                    "type": "model",
                    "model": "mc_overhaul:item/compendium_icons/bestiary/creeper"
                }
            },
            {
                "when": "dolphin",
                "model": {
                    "type": "model",
                    "model": "mc_overhaul:item/compendium_icons/bestiary/dolphin"
                }
            },
            {
                "when": "donkey",
                "model": {
                    "type": "model",
                    "model": "mc_overhaul:item/compendium_icons/bestiary/donkey"
                }
            },
            {
                "when": "drowned",
                "model": {
                    "type": "model",
                    "model": "mc_overhaul:item/compendium_icons/bestiary/drowned"
                }
            },
            {
                "when": "elder_guardian",
                "model": {
                    "type": "model",
                    "model": "mc_overhaul:item/compendium_icons/bestiary/elder_guardian"
                }
            },
            {
                "when": "ender_dragon",
                "model": {
                    "type": "model",
                    "model": "mc_overhaul:item/compendium_icons/bestiary/ender_dragon"
                }
            },
            {
                "when": "enderman",
                "model": {
                    "type": "model",
                    "model": "mc_overhaul:item/compendium_icons/bestiary/enderman"
                }
            },
            {
                "when": "endermite",
                "model": {
                    "type": "model",
                    "model": "mc_overhaul:item/compendium_icons/bestiary/endermite"
                }
            },
            {
                "when": "evoker",
                "model": {
                    "type": "model",
                    "model": "mc_overhaul:item/compendium_icons/bestiary/evoker"
                }
            },
            {
                "when": "fox",
                "model": {
                    "type": "model",
                    "model": "mc_overhaul:item/compendium_icons/bestiary/fox"
                }
            },
            {
                "when": "frog",
                "model": {
                    "type": "model",
                    "model": "mc_overhaul:item/compendium_icons/bestiary/frog"
                }
            },
            {
                "when": "ghast",
                "model": {
                    "type": "model",
                    "model": "mc_overhaul:item/compendium_icons/bestiary/ghast"
                }
            },
            {
                "when": "glow_squid",
                "model": {
                    "type": "model",
                    "model": "mc_overhaul:item/compendium_icons/bestiary/glow_squid"
                }
            },
            {
                "when": "goat",
                "model": {
                    "type": "model",
                    "model": "mc_overhaul:item/compendium_icons/bestiary/goat"
                }
            },
            {
                "when": "guardian",
                "model": {
                    "type": "model",
                    "model": "mc_overhaul:item/compendium_icons/bestiary/guardian"
                }
            },
            {
                "when": "hoglin",
                "model": {
                    "type": "model",
                    "model": "mc_overhaul:item/compendium_icons/bestiary/hoglin"
                }
            },
            {
                "when": "horse",
                "model": {
                    "type": "model",
                    "model": "mc_overhaul:item/compendium_icons/bestiary/horse"
                }
            },
            {
                "when": "husk",
                "model": {
                    "type": "model",
                    "model": "mc_overhaul:item/compendium_icons/bestiary/husk"
                }
            },
            {
                "when": "illusioner",
                "model": {
                    "type": "model",
                    "model": "mc_overhaul:item/compendium_icons/bestiary/illusioner"
                }
            },
            {
                "when": "iron_golem",
                "model": {
                    "type": "model",
                    "model": "mc_overhaul:item/compendium_icons/bestiary/iron_golem"
                }
            },
            {
                "when": "llama",
                "model": {
                    "type": "model",
                    "model": "mc_overhaul:item/compendium_icons/bestiary/llama"
                }
            },
            {
                "when": "magma_cube",
                "model": {
                    "type": "model",
                    "model": "mc_overhaul:item/compendium_icons/bestiary/magma_cube"
                }
            },
            {
                "when": "mooshroom",
                "model": {
                    "type": "model",
                    "model": "mc_overhaul:item/compendium_icons/bestiary/mooshroom"
                }
            },
            {
                "when": "mule",
                "model": {
                    "type": "model",
                    "model": "mc_overhaul:item/compendium_icons/bestiary/mule"
                }
            },
            {
                "when": "ocelot",
                "model": {
                    "type": "model",
                    "model": "mc_overhaul:item/compendium_icons/bestiary/ocelot"
                }
            },
            {
                "when": "panda",
                "model": {
                    "type": "model",
                    "model": "mc_overhaul:item/compendium_icons/bestiary/panda"
                }
            },
            {
                "when": "phantom",
                "model": {
                    "type": "model",
                    "model": "mc_overhaul:item/compendium_icons/bestiary/phantom"
                }
            },
            {
                "when": "pig",
                "model": {
                    "type": "model",
                    "model": "mc_overhaul:item/compendium_icons/bestiary/pig"
                }
            },
            {
                "when": "piglin",
                "model": {
                    "type": "model",
                    "model": "mc_overhaul:item/compendium_icons/bestiary/piglin"
                }
            },
            {
                "when": "piglin_brute",
                "model": {
                    "type": "model",
                    "model": "mc_overhaul:item/compendium_icons/bestiary/piglin_brute"
                }
            },
            {
                "when": "pillager",
                "model": {
                    "type": "model",
                    "model": "mc_overhaul:item/compendium_icons/bestiary/pillager"
                }
            },
            {
                "when": "polar_bear",
                "model": {
                    "type": "model",
                    "model": "mc_overhaul:item/compendium_icons/bestiary/polar_bear"
                }
            },
            {
                "when": "pufferfish",
                "model": {
                    "type": "model",
                    "model": "mc_overhaul:item/compendium_icons/bestiary/pufferfish"
                }
            },
            {
                "when": "rabbit",
                "model": {
                    "type": "model",
                    "model": "mc_overhaul:item/compendium_icons/bestiary/rabbit"
                }
            },
            {
                "when": "ravager",
                "model": {
                    "type": "model",
                    "model": "mc_overhaul:item/compendium_icons/bestiary/ravager"
                }
            },
            {
                "when": "salmon",
                "model": {
                    "type": "model",
                    "model": "mc_overhaul:item/compendium_icons/bestiary/salmon"
                }
            },
            {
                "when": "sheep",
                "model": {
                    "type": "model",
                    "model": "mc_overhaul:item/compendium_icons/bestiary/sheep"
                }
            },
            {
                "when": "shulker",
                "model": {
                    "type": "model",
                    "model": "mc_overhaul:item/compendium_icons/bestiary/shulker"
                }
            },
            {
                "when": "silverfish",
                "model": {
                    "type": "model",
                    "model": "mc_overhaul:item/compendium_icons/bestiary/silverfish"
                }
            },
            {
                "when": "skeleton",
                "model": {
                    "type": "model",
                    "model": "mc_overhaul:item/compendium_icons/bestiary/skeleton"
                }
            },
            {
                "when": "skeleton_horse",
                "model": {
                    "type": "model",
                    "model": "mc_overhaul:item/compendium_icons/bestiary/skeleton_horse"
                }
            },
            {
                "when": "slime",
                "model": {
                    "type": "model",
                    "model": "mc_overhaul:item/compendium_icons/bestiary/slime"
                }
            },
            {
                "when": "sniffer",
                "model": {
                    "type": "model",
                    "model": "mc_overhaul:item/compendium_icons/bestiary/sniffer"
                }
            },
            {
                "when": "snow_golem",
                "model": {
                    "type": "model",
                    "model": "mc_overhaul:item/compendium_icons/bestiary/snow_golem"
                }
            },
            {
                "when": "spider",
                "model": {
                    "type": "model",
                    "model": "mc_overhaul:item/compendium_icons/bestiary/spider"
                }
            },
            {
                "when": "squid",
                "model": {
                    "type": "model",
                    "model": "mc_overhaul:item/compendium_icons/bestiary/squid"
                }
            },
            {
                "when": "stray",
                "model": {
                    "type": "model",
                    "model": "mc_overhaul:item/compendium_icons/bestiary/stray"
                }
            },
            {
                "when": "strider",
                "model": {
                    "type": "model",
                    "model": "mc_overhaul:item/compendium_icons/bestiary/strider"
                }
            },
            {
                "when": "tadpole",
                "model": {
                    "type": "model",
                    "model": "mc_overhaul:item/compendium_icons/bestiary/tadpole"
                }
            },
            {
                "when": "tropical_fish",
                "model": {
                    "type": "model",
                    "model": "mc_overhaul:item/compendium_icons/bestiary/tropical_fish"
                }
            },
            {
                "when": "turtle",
                "model": {
                    "type": "model",
                    "model": "mc_overhaul:item/compendium_icons/bestiary/turtle"
                }
            },
            {
                "when": "vex",
                "model": {
                    "type": "model",
                    "model": "mc_overhaul:item/compendium_icons/bestiary/vex"
                }
            },
            {
                "when": "villager",
                "model": {
                    "type": "model",
                    "model": "mc_overhaul:item/compendium_icons/bestiary/villager"
                }
            },
            {
                "when": "vindicator",
                "model": {
                    "type": "model",
                    "model": "mc_overhaul:item/compendium_icons/bestiary/vindicator"
                }
            },
            {
                "when": "wandering_trader",
                "model": {
                    "type": "model",
                    "model": "mc_overhaul:item/compendium_icons/bestiary/wandering_trader"
                }
            },
            {
                "when": "warden",
                "model": {
                    "type": "model",
                    "model": "mc_overhaul:item/compendium_icons/bestiary/warden"
                }
            },
            {
                "when": "witch",
                "model": {
                    "type": "model",
                    "model": "mc_overhaul:item/compendium_icons/bestiary/witch"
                }
            },
            {
                "when": "wither",
                "model": {
                    "type": "model",
                    "model": "mc_overhaul:item/compendium_icons/bestiary/wither"
                }
            },
            {
                "when": "wither_skeleton",
                "model": {
                    "type": "model",
                    "model": "mc_overhaul:item/compendium_icons/bestiary/wither_skeleton"
                }
            },
            {
                "when": "zoglin",
                "model": {
                    "type": "model",
                    "model": "mc_overhaul:item/compendium_icons/bestiary/zoglin"
                }
            },
            {
                "when": "zombie",
                "model": {
                    "type": "model",
                    "model": "mc_overhaul:item/compendium_icons/bestiary/zombie"
                }
            },
            {
                "when": "zombie_horse",
                "model": {
                    "type": "model",
                    "model": "mc_overhaul:item/compendium_icons/bestiary/zombie_horse"
                }
            },
            {
                "when": "zombie_villager",
                "model": {
                    "type": "model",
                    "model": "mc_overhaul:item/compendium_icons/bestiary/zombie_villager"
                }
            },
            {
                "when": "zombified_piglin",
                "model": {
                    "type": "model",
                    "model": "mc_overhaul:item/compendium_icons/bestiary/zombified_piglin"
                }
            },
            {
                "when": "scarlet_macaw",
                "model": {
                    "type": "model",
                    "model": "mc_overhaul:item/compendium_icons/bestiary/scarlet_macaw"
                }
            },
            {
                "when": "yellow_naped_amazon",
                "model": {
                    "type": "model",
                    "model": "mc_overhaul:item/compendium_icons/bestiary/yellow_naped_amazon"
                }
            },
            {
                "when": "cockatiel",
                "model": {
                    "type": "model",
                    "model": "mc_overhaul:item/compendium_icons/bestiary/cockatiel"
                }
            },
            {
                "when": "hyacinth_macaw",
                "model": {
                    "type": "model",
                    "model": "mc_overhaul:item/compendium_icons/bestiary/hyacinth_macaw"
                }
            },
            {
                "when": "blue_and_yellow_macaw",
                "model": {
                    "type": "model",
                    "model": "mc_overhaul:item/compendium_icons/bestiary/blue_and_yellow_macaw"
                }
            },
            {
                "when": "gray_wolf",
                "model": {
                    "type": "model",
                    "model": "mc_overhaul:item/compendium_icons/bestiary/gray_wolf"
                }
            },
            {
                "when": "spotted_wolf",
                "model": {
                    "type": "model",
                    "model": "mc_overhaul:item/compendium_icons/bestiary/spotted_wolf"
                }
            },
            {
                "when": "striped_wolf",
                "model": {
                    "type": "model",
                    "model": "mc_overhaul:item/compendium_icons/bestiary/striped_wolf"
                }
            },
            {
                "when": "black_wolf",
                "model": {
                    "type": "model",
                    "model": "mc_overhaul:item/compendium_icons/bestiary/black_wolf"
                }
            },
            {
                "when": "ashen_wolf",
                "model": {
                    "type": "model",
                    "model": "mc_overhaul:item/compendium_icons/bestiary/ashen_wolf"
                }
            },
            {
                "when": "rusty_wolf",
                "model": {
                    "type": "model",
                    "model": "mc_overhaul:item/compendium_icons/bestiary/rusty_wolf"
                }
            },
            {
                "when": "woodland_wolf",
                "model": {
                    "type": "model",
                    "model": "mc_overhaul:item/compendium_icons/bestiary/woodland_wolf"
                }
            },
            {
                "when": "timber_wolf",
                "model": {
                    "type": "model",
                    "model": "mc_overhaul:item/compendium_icons/bestiary/timber_wolf"
                }
            },
            {
                "when": "arctic_wolf",
                "model": {
                    "type": "model",
                    "model": "mc_overhaul:item/compendium_icons/bestiary/arctic_wolf"
                }
            },
            {
                "when": "tabby_cat",
                "model": {
                    "type": "model",
                    "model": "mc_overhaul:item/compendium_icons/bestiary/tabby_cat"
                }
            },
            {
                "when": "tuxedo_cat",
                "model": {
                    "type": "model",
                    "model": "mc_overhaul:item/compendium_icons/bestiary/tuxedo_cat"
                }
            },
            {
                "when": "ginger_cat",
                "model": {
                    "type": "model",
                    "model": "mc_overhaul:item/compendium_icons/bestiary/ginger_cat"
                }
            },
            {
                "when": "siamese_cat",
                "model": {
                    "type": "model",
                    "model": "mc_overhaul:item/compendium_icons/bestiary/siamese_cat"
                }
            },
            {
                "when": "british_shorthair",
                "model": {
                    "type": "model",
                    "model": "mc_overhaul:item/compendium_icons/bestiary/british_shorthair"
                }
            },
            {
                "when": "calico_cat",
                "model": {
                    "type": "model",
                    "model": "mc_overhaul:item/compendium_icons/bestiary/calico_cat"
                }
            },
            {
                "when": "persian_longhair",
                "model": {
                    "type": "model",
                    "model": "mc_overhaul:item/compendium_icons/bestiary/persian_longhair"
                }
            },
            {
                "when": "ragdoll_cat",
                "model": {
                    "type": "model",
                    "model": "mc_overhaul:item/compendium_icons/bestiary/ragdoll_cat"
                }
            },
            {
                "when": "white_cat",
                "model": {
                    "type": "model",
                    "model": "mc_overhaul:item/compendium_icons/bestiary/white_cat"
                }
            },
            {
                "when": "black_cat",
                "model": {
                    "type": "model",
                    "model": "mc_overhaul:item/compendium_icons/bestiary/black_cat"
                }
            },
            {
                "when": "ancient_city",
                "model": {
                    "type": "model",
                    "model": "mc_overhaul:item/compendium_icons/structures/ancient_city"
                }
            },
            {
                "when": "bastion",
                "model": {
                    "type": "model",
                    "model": "mc_overhaul:item/compendium_icons/structures/bastion"
                }
            },
            {
                "when": "buried_treasure",
                "model": {
                    "type": "model",
                    "model": "mc_overhaul:item/compendium_icons/structures/buried_treasure"
                }
            },
            {
                "when": "desert_pyramid",
                "model": {
                    "type": "model",
                    "model": "mc_overhaul:item/compendium_icons/structures/desert_pyramid"
                }
            },
            {
                "when": "end_city",
                "model": {
                    "type": "model",
                    "model": "mc_overhaul:item/compendium_icons/structures/end_city"
                }
            },
            {
                "when": "fortress",
                "model": {
                    "type": "model",
                    "model": "mc_overhaul:item/compendium_icons/structures/fortress"
                }
            },
            {
                "when": "igloo",
                "model": {
                    "type": "model",
                    "model": "mc_overhaul:item/compendium_icons/structures/igloo"
                }
            },
            {
                "when": "jungle_pyramid",
                "model": {
                    "type": "model",
                    "model": "mc_overhaul:item/compendium_icons/structures/jungle_pyramid"
                }
            },
            {
                "when": "mansion",
                "model": {
                    "type": "model",
                    "model": "mc_overhaul:item/compendium_icons/structures/mansion"
                }
            },
            {
                "when": "mineshaft",
                "model": {
                    "type": "model",
                    "model": "mc_overhaul:item/compendium_icons/structures/mineshaft"
                }
            },
            {
                "when": "mineshaft_mesa",
                "model": {
                    "type": "model",
                    "model": "mc_overhaul:item/compendium_icons/structures/mineshaft_mesa"
                }
            },
            {
                "when": "monument",
                "model": {
                    "type": "model",
                    "model": "mc_overhaul:item/compendium_icons/structures/monument"
                }
            },
            {
                "when": "nether_fossil",
                "model": {
                    "type": "model",
                    "model": "mc_overhaul:item/compendium_icons/structures/nether_fossil"
                }
            },
            {
                "when": "ocean_ruins",
                "model": {
                    "type": "model",
                    "model": "mc_overhaul:item/compendium_icons/structures/ocean_ruins"
                }
            },
            {
                "when": "pillager_outpost",
                "model": {
                    "type": "model",
                    "model": "mc_overhaul:item/compendium_icons/structures/pillager_outpost"
                }
            },
            {
                "when": "ruined_portal",
                "model": {
                    "type": "model",
                    "model": "mc_overhaul:item/compendium_icons/structures/ruined_portal"
                }
            },
            {
                "when": "shipwreck",
                "model": {
                    "type": "model",
                    "model": "mc_overhaul:item/compendium_icons/structures/shipwreck"
                }
            },
            {
                "when": "stronghold",
                "model": {
                    "type": "model",
                    "model": "mc_overhaul:item/compendium_icons/structures/stronghold"
                }
            },
            {
                "when": "swamp_hut",
                "model": {
                    "type": "model",
                    "model": "mc_overhaul:item/compendium_icons/structures/swamp_hut"
                }
            },
            {
                "when": "trail_ruins",
                "model": {
                    "type": "model",
                    "model": "mc_overhaul:item/compendium_icons/structures/trail_ruins"
                }
            },
            {
                "when": "trial_chambers",
                "model": {
                    "type": "model",
                    "model": "mc_overhaul:item/compendium_icons/structures/trial_chambers"
                }
            },
            {
                "when": "village",
                "model": {
                    "type": "model",
                    "model": "mc_overhaul:item/compendium_icons/structures/village"
                }
            },
            {
                "when": "abandoned_camp",
                "model": {
                    "type": "model",
                    "model": "mc_overhaul:item/compendium_icons/structures/abandoned_camp"
                }
            },
            {
                "when": "memorial_flag",
                "model": {
                    "type": "model",
                    "model": "mc_overhaul:item/compendium_icons/structures/memorial_flag"
                }
            }
        ]
    }
}