{
    "model": {
        "type": "select",
        "property": "custom_model_data",
        "fallback": {
            "type": "model",
            "model": "minecraft:item/poisonous_potato"
        },
        "cases": [
            {
                "when": "mango",
                "model": {
                    "type": "model",
                    "model": "mc_overhaul:item/mango"
                }
            },
            {
                "when": "papaya",
                "model": {
                    "type": "model",
                    "model": "mc_overhaul:item/papaya"
                }
            },
            {
                "when": "banana",
                "model": {
                    "type": "model",
                    "model": "mc_overhaul:item/banana"
                }
            },
            {
                "when": "guava",
                "model": {
                    "type": "model",
                    "model": "mc_overhaul:item/guava"
                }
            },
            {
                "when": "prickly_pear",
                "model": {
                    "type": "model",
                    "model": "mc_overhaul:item/prickly_pear"
                }
            },
            {
                "when": "broken_spyglass",
                "model": {
                    "type": "model",
                    "model": "mc_overhaul:item/broken_spyglass"
                }
            },
            {
                "when": "spyglass_frame",
                "model": {
                    "type": "model",
                    "model": "mc_overhaul:item/spyglass_frame"
                }
            },
            {
                "when": "brewing_frame",
                "model": {
                    "type": "model",
                    "model": "mc_overhaul:item/brewing_frame"
                }
            },
            {
                "when": "brewing_guide_fragment",
                "model": {
                    "type": "model",
                    "model": "mc_overhaul:item/brewing_guide_fragment"
                }
            },
            {
                "when": "lantern_frame",
                "model": {
                    "type": "model",
                    "model": "mc_overhaul:item/lantern_frame"
                }
            },
            {
                "when": "glass_fragment",
                "model": {
                    "type": "model",
                    "model": "mc_overhaul:item/glass_fragment"
                }
            },
            {
                "when": "copper_crimp",
                "model": {
                    "type": "model",
                    "model": "mc_overhaul:item/copper_crimp"
                }
            },
            {
                "when": "clock_frame",
                "model": {
                    "type": "model",
                    "model": "mc_overhaul:item/clock_frame"
                }
            },
            {
                "when": "magnetite",
                "model": {
                    "type": "model",
                    "model": "mc_overhaul:item/magnetite"
                }
            },
            {
                "when": "compass_frame",
                "model": {
                    "type": "model",
                    "model": "mc_overhaul:item/compass_frame"
                }
            },
            {
                "when": "crossbow_frame",
                "model": {
                    "type": "model",
                    "model": "mc_overhaul:item/crossbow_frame"
                }
            },
            {
                "when": "stone_cutting_wheel",
                "model": {
                    "type": "model",
                    "model": "mc_overhaul:item/stone_cutting_wheel"
                }
            },
            {
                "when": "wood_cutting_wheel",
                "model": {
                    "type": "model",
                    "model": "mc_overhaul:item/wood_cutting_wheel"
                }
            },
            {
                "when": "metal_cutting_wheel",
                "model": {
                    "type": "model",
                    "model": "mc_overhaul:item/metal_cutting_wheel"
                }
            },
            {
                "when": "ambiguous_item",
                "model": {
                    "type": "model",
                    "model": "mc_overhaul:item/ambiguous_item"
                }
            },
            {
                "when": "redstone_dwarf_totem",
                "model": {
                    "type": "model",
                    "model": "mc_overhaul:item/redstone_dwarf_totem"
                }
            },
            {
                "when": "green_flower_pot",
                "model": {
                    "type": "model",
                    "model": "mc_overhaul:item/green_flower_pot"
                }
            },
            {
                "when": "bread_dough",
                "model": {
                    "type": "model",
                    "model": "mc_overhaul:item/bread_dough"
                }
            },
            {
                "when": "cookie_dough",
                "model": {
                    "type": "model",
                    "model": "mc_overhaul:item/cookie_dough"
                }
            },
            {
                "when": "pumpkin_pie_batter",
                "model": {
                    "type": "model",
                    "model": "mc_overhaul:item/pumpkin_pie_batter"
                }
            },
            {
                "when": "cake_batter",
                "model": {
                    "type": "model",
                    "model": "mc_overhaul:item/cake_batter"
                }
            },
            {
                "when": "raw_beetroot_soup",
                "model": {
                    "type": "model",
                    "model": "mc_overhaul:item/raw_beetroot_soup"
                }
            },
            {
                "when": "raw_pumpkin_soup",
                "model": {
                    "type": "model",
                    "model": "mc_overhaul:item/raw_pumpkin_soup"
                }
            },
            {
                "when": "raw_mushroom_stew",
                "model": {
                    "type": "model",
                    "model": "mc_overhaul:item/raw_mushroom_stew"
                }
            },
            {
                "when": "raw_rabbit_stew",
                "model": {
                    "type": "model",
                    "model": "mc_overhaul:item/raw_rabbit_stew"
                }
            },
            {
                "when": "green_crucible",
                "model": {
                    "type": "model",
                    "model": "mc_overhaul:item/green_crucible"
                }
            },
            {
                "when": "green_axe_cast",
                "model": {
                    "type": "model",
                    "model": "mc_overhaul:item/green_axe_cast"
                }
            },
            {
                "when": "green_pickaxe_cast",
                "model": {
                    "type": "model",
                    "model": "mc_overhaul:item/green_pickaxe_cast"
                }
            },
            {
                "when": "green_sword_cast",
                "model": {
                    "type": "model",
                    "model": "mc_overhaul:item/green_sword_cast"
                }
            },
            {
                "when": "green_hoe_cast",
                "model": {
                    "type": "model",
                    "model": "mc_overhaul:item/green_hoe_cast"
                }
            },
            {
                "when": "green_shovel_cast",
                "model": {
                    "type": "model",
                    "model": "mc_overhaul:item/green_shovel_cast"
                }
            },
            {
                "when": "green_helmet_cast",
                "model": {
                    "type": "model",
                    "model": "mc_overhaul:item/green_helmet_cast"
                }
            },
            {
                "when": "green_chestplate_cast",
                "model": {
                    "type": "model",
                    "model": "mc_overhaul:item/green_chestplate_cast"
                }
            },
            {
                "when": "green_leggings_cast",
                "model": {
                    "type": "model",
                    "model": "mc_overhaul:item/green_leggings_cast"
                }
            },
            {
                "when": "green_boots_cast",
                "model": {
                    "type": "model",
                    "model": "mc_overhaul:item/green_boots_cast"
                }
            },
            {
                "when": "green_block_cast",
                "model": {
                    "type": "model",
                    "model": "mc_overhaul:item/green_block_cast"
                }
            },
            {
                "when": "green_bars_cast",
                "model": {
                    "type": "model",
                    "model": "mc_overhaul:item/green_bars_cast"
                }
            },
            {
                "when": "green_shears_cast",
                "model": {
                    "type": "model",
                    "model": "mc_overhaul:item/green_shears_cast"
                }
            },
            {
                "when": "green_anvil_cast",
                "model": {
                    "type": "model",
                    "model": "mc_overhaul:item/green_anvil_cast"
                }
            },
            {
                "when": "green_cauldron_cast",
                "model": {
                    "type": "model",
                    "model": "mc_overhaul:item/green_cauldron_cast"
                }
            },
            {
                "when": "green_minecart_cast",
                "model": {
                    "type": "model",
                    "model": "mc_overhaul:item/green_minecart_cast"
                }
            },
            {
                "when": "green_ingot_cast",
                "model": {
                    "type": "model",
                    "model": "mc_overhaul:item/green_ingot_cast"
                }
            },
            {
                "when": "green_pressure_plate_cast",
                "model": {
                    "type": "model",
                    "model": "mc_overhaul:item/green_pressure_plate_cast"
                }
            },
            {
                "when": "green_lightning_rod_cast",
                "model": {
                    "type": "model",
                    "model": "mc_overhaul:item/green_lightning_rod_cast"
                }
            },
            {
                "when": "green_copper_crimp_cast",
                "model": {
                    "type": "model",
                    "model": "mc_overhaul:item/green_copper_crimp_cast"
                }
            },
            {
                "when": "green_wheel_cast",
                "model": {
                    "type": "model",
                    "model": "mc_overhaul:item/green_wheel_cast"
                }
            },
            {
                "when": "green_chain_cast",
                "model": {
                    "type": "model",
                    "model": "mc_overhaul:item/green_chain_cast"
                }
            },
            {
                "when": "green_crossbow_frame_cast",
                "model": {
                    "type": "model",
                    "model": "mc_overhaul:item/green_crossbow_frame_cast"
                }
            },
            {
                "when": "green_spyglass_frame_cast",
                "model": {
                    "type": "model",
                    "model": "mc_overhaul:item/green_spyglass_frame_cast"
                }
            },
            {
                "when": "green_brewing_frame_cast",
                "model": {
                    "type": "model",
                    "model": "mc_overhaul:item/green_brewing_frame_cast"
                }
            },
            {
                "when": "green_lantern_frame_cast",
                "model": {
                    "type": "model",
                    "model": "mc_overhaul:item/green_lantern_frame_cast"
                }
            },
            {
                "when": "green_navigation_frame_cast",
                "model": {
                    "type": "model",
                    "model": "mc_overhaul:item/green_navigation_frame_cast"
                }
            },
            {
                "when": "green_hopper_cast",
                "model": {
                    "type": "model",
                    "model": "mc_overhaul:item/green_hopper_cast"
                }
            },
            {
                "when": "axe_cast",
                "model": {
                    "type": "model",
                    "model": "mc_overhaul:item/axe_cast"
                }
            },
            {
                "when": "pickaxe_cast",
                "model": {
                    "type": "model",
                    "model": "mc_overhaul:item/pickaxe_cast"
                }
            },
            {
                "when": "sword_cast",
                "model": {
                    "type": "model",
                    "model": "mc_overhaul:item/sword_cast"
                }
            },
            {
                "when": "hoe_cast",
                "model": {
                    "type": "model",
                    "model": "mc_overhaul:item/hoe_cast"
                }
            },
            {
                "when": "shovel_cast",
                "model": {
                    "type": "model",
                    "model": "mc_overhaul:item/shovel_cast"
                }
            },
            {
                "when": "helmet_cast",
                "model": {
                    "type": "model",
                    "model": "mc_overhaul:item/helmet_cast"
                }
            },
            {
                "when": "chestplate_cast",
                "model": {
                    "type": "model",
                    "model": "mc_overhaul:item/chestplate_cast"
                }
            },
            {
                "when": "leggings_cast",
                "model": {
                    "type": "model",
                    "model": "mc_overhaul:item/leggings_cast"
                }
            },
            {
                "when": "boots_cast",
                "model": {
                    "type": "model",
                    "model": "mc_overhaul:item/boots_cast"
                }
            },
            {
                "when": "block_cast",
                "model": {
                    "type": "model",
                    "model": "mc_overhaul:item/block_cast"
                }
            },
            {
                "when": "bars_cast",
                "model": {
                    "type": "model",
                    "model": "mc_overhaul:item/bars_cast"
                }
            },
            {
                "when": "shears_cast",
                "model": {
                    "type": "model",
                    "model": "mc_overhaul:item/shears_cast"
                }
            },
            {
                "when": "anvil_cast",
                "model": {
                    "type": "model",
                    "model": "mc_overhaul:item/anvil_cast"
                }
            },
            {
                "when": "cauldron_cast",
                "model": {
                    "type": "model",
                    "model": "mc_overhaul:item/cauldron_cast"
                }
            },
            {
                "when": "minecart_cast",
                "model": {
                    "type": "model",
                    "model": "mc_overhaul:item/minecart_cast"
                }
            },
            {
                "when": "ingot_cast",
                "model": {
                    "type": "model",
                    "model": "mc_overhaul:item/ingot_cast"
                }
            },
            {
                "when": "pressure_plate_cast",
                "model": {
                    "type": "model",
                    "model": "mc_overhaul:item/pressure_plate_cast"
                }
            },
            {
                "when": "lightning_rod_cast",
                "model": {
                    "type": "model",
                    "model": "mc_overhaul:item/lightning_rod_cast"
                }
            },
            {
                "when": "copper_crimp_cast",
                "model": {
                    "type": "model",
                    "model": "mc_overhaul:item/copper_crimp_cast"
                }
            },
            {
                "when": "wheel_cast",
                "model": {
                    "type": "model",
                    "model": "mc_overhaul:item/wheel_cast"
                }
            },
            {
                "when": "chain_cast",
                "model": {
                    "type": "model",
                    "model": "mc_overhaul:item/chain_cast"
                }
            },
            {
                "when": "crossbow_frame_cast",
                "model": {
                    "type": "model",
                    "model": "mc_overhaul:item/crossbow_frame_cast"
                }
            },
            {
                "when": "spyglass_frame_cast",
                "model": {
                    "type": "model",
                    "model": "mc_overhaul:item/spyglass_frame_cast"
                }
            },
            {
                "when": "brewing_frame_cast",
                "model": {
                    "type": "model",
                    "model": "mc_overhaul:item/brewing_frame_cast"
                }
            },
            {
                "when": "lantern_frame_cast",
                "model": {
                    "type": "model",
                    "model": "mc_overhaul:item/lantern_frame_cast"
                }
            },
            {
                "when": "navigation_frame_cast",
                "model": {
                    "type": "model",
                    "model": "mc_overhaul:item/navigation_frame_cast"
                }
            },
            {
                "when": "hopper_cast",
                "model": {
                    "type": "model",
                    "model": "mc_overhaul:item/hopper_cast"
                }
            },
            {
                "when": "stone_knife",
                "model": {
                    "type": "model",
                    "model": "mc_overhaul:item/stone_knife"
                }
            },
            {
                "when": "wooden_knife",
                "model": {
                    "type": "model",
                    "model": "mc_overhaul:item/wooden_knife"
                }
            },
            {
                "when": "bamboo_knife",
                "model": {
                    "type": "model",
                    "model": "mc_overhaul:item/bamboo_knife"
                }
            }
        ]
    }
}