{
    "model": {
        "type": "select",
        "property": "custom_model_data",
        "fallback": {
            "type": "model",
            "model": "minecraft:item/poisonous_potato"
        },
        "cases": [
            {
                "when": "mango",
                "model": {
                    "type": "model",
                    "model": "mc_overhaul:item/mango"
                }
            },
            {
                "when": "papaya",
                "model": {
                    "type": "model",
                    "model": "mc_overhaul:item/papaya"
                }
            },
            {
                "when": "banana",
                "model": {
                    "type": "model",
                    "model": "mc_overhaul:item/banana"
                }
            },
            {
                "when": "guava",
                "model": {
                    "type": "model",
                    "model": "mc_overhaul:item/guava"
                }
            },
            {
                "when": "prickly_pear",
                "model": {
                    "type": "model",
                    "model": "mc_overhaul:item/prickly_pear"
                }
            },
            {
                "when": "stone_knife",
                "model": {
                    "type": "model",
                    "model": "mc_overhaul:item/stone_knife"
                }
            },
            {
                "when": "wooden_knife",
                "model": {
                    "type": "model",
                    "model": "mc_overhaul:item/wooden_knife"
                }
            },
            {
                "when": "broken_spyglass_algae",
                "model": {
                    "type": "model",
                    "model": "mc_overhaul:item/broken_spyglass_algae"
                }
            },
            {
                "when": "broken_spyglass_clean",
                "model": {
                    "type": "model",
                    "model": "mc_overhaul:item/broken_spyglass_clean"
                }
            },
            {
                "when": "brewing_frame",
                "model": {
                    "type": "model",
                    "model": "mc_overhaul:item/brewing_frame"
                }
            },
            {
                "when": "brewing_guide_fragment",
                "model": {
                    "type": "model",
                    "model": "mc_overhaul:item/brewing_guide_fragment"
                }
            },
            {
                "when": "lantern_frame",
                "model": {
                    "type": "model",
                    "model": "mc_overhaul:item/lantern_frame"
                }
            },
            {
                "when": "empty_book",
                "model": {
                    "type": "model",
                    "model": "mc_overhaul:item/empty_book"
                }
            },
            {
                "when": "smithing_tongs",
                "model": {
                    "type": "model",
                    "model": "mc_overhaul:item/smithing_tongs"
                }
            },
            {
                "when": "smithing_fork",
                "model": {
                    "type": "model",
                    "model": "mc_overhaul:item/smithing_fork"
                }
            },
            {
                "when": "smithing_shaper",
                "model": {
                    "type": "model",
                    "model": "mc_overhaul:item/smithing_shaper"
                }
            },
            {
                "when": "smithing_hammer",
                "model": {
                    "type": "model",
                    "model": "mc_overhaul:item/smithing_hammer"
                }
            },
            {
                "when": "smithing_hammerhead",
                "model": {
                    "type": "model",
                    "model": "mc_overhaul:item/smithing_hammerhead"
                }
            },
            {
                "when": "smithing_table_frame",
                "model": {
                    "type": "model",
                    "model": "mc_overhaul:item/smithing_table_frame"
                }
            }
        ]
    }
}